substrate,generation,enzyme,row,col,well,reactivity,active
Aniline,gen3,AncFDMO_791_c1,A,1,A1,0.0,False
Aniline,gen3,AncFDMO_1818_c5,A,2,A2,0.0,False
Aniline,gen3,AncFDMO_162_c8,A,3,A3,0.0,False
Aniline,gen3,AncFDMO_1809_c11,A,4,A4,0.0,False
Aniline,gen3,AncFDMO_2310_c14,A,5,A5,0.0,False
Aniline,gen3,AncFDMO_1370_c18,A,6,A6,0.0,False
Aniline,gen3,AncFDMO_1795_c20,A,7,A7,0.0,False
Aniline,gen3,AncFDMO_1317_c24,A,8,A8,0.0,False
Aniline,gen3,AncFDMO_1758_c27,A,9,A9,0.0,False
Aniline,gen3,AncFDMO_1550_c31,A,10,A10,0.0,False
Aniline,gen3,AncFDMO_205_c34,A,11,A11,0.0,False
Aniline,gen3,AncFDMO_240_c38,A,12,A12,0.0,False
Aniline,gen3,AncFDMO_687_c1,A,13,A13,0.0,False
Aniline,gen3,AncFDMO_1491_c5,A,14,A14,0.0,False
Aniline,gen3,AncFDMO_747_c9,A,15,A15,0.0,False
Aniline,gen3,AncFDMO_521_c12,A,16,A16,0.0,False
Aniline,gen3,AncFDMO_1964_c14,A,17,A17,0.0,False
Aniline,gen3,AncFDMO_2494_c16,A,18,A18,0.0,False
Aniline,gen3,AncFDMO_1443_c20,A,19,A19,0.0,False
Aniline,gen3,AncFDMO_1000_c24,A,20,A20,0.0,False
Aniline,gen3,AncFDMO_1482_c27,A,21,A21,0.0,False
Aniline,gen3,AncFDMO_1139_c31,A,22,A22,0.0,False
Aniline,gen3,AncFDMO_173_c34,A,23,A23,0.0,False
Aniline,gen3,AncFDMO_207_c38,A,24,A24,0.0,False
Aniline,gen3,AncFDMO_522_c1,A,25,A25,0.0,False
Aniline,gen3,AncFDMO_1244_c5,A,26,A26,0.0,False
Aniline,gen3,AncFDMO_555_c9,A,27,A27,0.0,False
Aniline,gen3,AncFDMO_433_c12,A,28,A28,0.0,False
Aniline,gen3,AncFDMO_1536_c14,A,29,A29,0.0,False
Aniline,gen3,AncFDMO_1961_c16,A,30,A30,0.04017829767691838,True
Aniline,gen3,AncFDMO_1059_c20,A,31,A31,0.0,False
Aniline,gen3,AncFDMO_758_c24,A,32,A32,0.0,False
Aniline,gen3,AncFDMO_1134_c27,A,33,A33,0.0,False
Aniline,gen3,AncFDMO_917_c31,A,34,A34,0.0,False
Aniline,gen3,AncFDMO_145_c34,A,35,A35,0.0,False
Aniline,gen3,AncFDMO_188_c38,A,36,A36,0.0,False
Aniline,gen3,AncFDMO_854_c1,B,1,B1,0.0,False
Aniline,gen3,AncFDMO_2026_c5,B,2,B2,0.0,False
Aniline,gen3,AncFDMO_941_c9,B,3,B3,0.0,False
Aniline,gen3,AncFDMO_682_c12,B,4,B4,0.0,False
Aniline,gen3,AncFDMO_1846_c15,B,5,B5,0.0,False
Aniline,gen3,AncFDMO_1469_c18,B,6,B6,0.0,False
Aniline,gen3,AncFDMO_1251_c21,B,7,B7,0.0,False
Aniline,gen3,AncFDMO_1366_c24,B,8,B8,0.0,False
Aniline,gen3,AncFDMO_1860_c27,B,9,B9,0.0,False
Aniline,gen3,AncFDMO_1621_c31,B,10,B10,0.0,False
Aniline,gen3,AncFDMO_1362_c35,B,11,B11,0.0,False
Aniline,gen3,AncFDMO_1888_c39,B,12,B12,0.0,False
Aniline,gen3,AncFDMO_698_c1,B,13,B13,0.0,False
Aniline,gen3,AncFDMO_1629_c5,B,14,B14,0.0,False
Aniline,gen3,AncFDMO_867_c9,B,15,B15,0.0,False
Aniline,gen3,AncFDMO_630_c12,B,16,B16,0.0,False
Aniline,gen3,AncFDMO_1497_c15,B,17,B17,0.0,False
Aniline,gen3,AncFDMO_1191_c18,B,18,B18,0.002128,True
Aniline,gen3,AncFDMO_1566_c20,B,19,B19,0.0,False
Aniline,gen3,AncFDMO_1084_c24,B,20,B20,0.0,False
Aniline,gen3,AncFDMO_1605_c27,B,21,B21,0.0,False
Aniline,gen3,AncFDMO_1253_c31,B,22,B22,0.0,False
Aniline,gen3,AncFDMO_1086_c35,B,23,B23,0.0015741176096482712,True
Aniline,gen3,AncFDMO_1493_c39,B,24,B24,0.0,False
Aniline,gen3,AncFDMO_579_c1,B,25,B25,0.0,False
Aniline,gen3,AncFDMO_1284_c5,B,26,B26,0.0,False
Aniline,gen3,AncFDMO_635_c9,B,27,B27,0.0,False
Aniline,gen3,AncFDMO_490_c12,B,28,B28,0.0,False
Aniline,gen3,AncFDMO_1280_c15,B,29,B29,0.0,False
Aniline,gen3,AncFDMO_852_c18,B,30,B30,0.0,False
Aniline,gen3,AncFDMO_1183_c20,B,31,B31,0.0,False
Aniline,gen3,AncFDMO_866_c24,B,32,B32,0.0,False
Aniline,gen3,AncFDMO_1243_c27,B,33,B33,0.0,False
Aniline,gen3,AncFDMO_1036_c31,B,34,B34,0.0,False
Aniline,gen3,AncFDMO_905_c35,B,35,B35,0.0,False
Aniline,gen3,AncFDMO_1102_c39,B,36,B36,0.0,False
Aniline,gen3,AncFDMO_1334_c2,C,1,C1,0.0,False
Aniline,gen3,AncFDMO_2119_c5,C,2,C2,0.0,False
Aniline,gen3,AncFDMO_1026_c9,C,3,C3,0.0,False
Aniline,gen3,AncFDMO_743_c12,C,4,C4,0.0,False
Aniline,gen3,AncFDMO_2049_c15,C,5,C5,0.0,False
Aniline,gen3,AncFDMO_1496_c18,C,6,C6,0.0,False
Aniline,gen3,AncFDMO_1325_c21,C,7,C7,0.0,False
Aniline,gen3,AncFDMO_1439_c24,C,8,C8,0.0,False
Aniline,gen3,AncFDMO_2097_c27,C,9,C9,0.0,False
Aniline,gen3,AncFDMO_1692_c31,C,10,C10,0.09749574919249171,True
Aniline,gen3,AncFDMO_1539_c35,C,11,C11,0.0,False
Aniline,gen3,AncFDMO_1929_c39,C,12,C12,0.0,False
Aniline,gen3,AncFDMO_921_c2,C,13,C13,0.0,False
Aniline,gen3,AncFDMO_1732_c5,C,14,C14,0.0,False
Aniline,gen3,AncFDMO_1397_c10,C,15,C15,0.0,False
Aniline,gen3,AncFDMO_1013_c13,C,16,C16,0.0,False
Aniline,gen3,AncFDMO_1553_c15,C,17,C17,0.0,False
Aniline,gen3,AncFDMO_1270_c18,C,18,C18,0.0,False
Aniline,gen3,AncFDMO_1074_c21,C,19,C19,0.0,False
Aniline,gen3,AncFDMO_1274_c24,C,20,C20,0.0,False
Aniline,gen3,AncFDMO_1731_c27,C,21,C21,0.0024772235359867612,True
Aniline,gen3,AncFDMO_1397_c31,C,22,C22,0.0009221910396879674,True
Aniline,gen3,AncFDMO_1221_c35,C,23,C23,0.0,False
Aniline,gen3,AncFDMO_1641_c39,C,24,C24,0.0,False
Aniline,gen3,AncFDMO_761_c2,C,25,C25,0.0,False
Aniline,gen3,AncFDMO_1358_c5,C,26,C26,0.0,False
Aniline,gen3,AncFDMO_1008_c10,C,27,C27,0.0,False
Aniline,gen3,AncFDMO_808_c13,C,28,C28,0.0,False
Aniline,gen3,AncFDMO_1385_c15,C,29,C29,0.0,False
Aniline,gen3,AncFDMO_883_c18,C,30,C30,0.0,False
Aniline,gen3,AncFDMO_782_c21,C,31,C31,0.0,False
Aniline,gen3,AncFDMO_968_c24,C,32,C32,0.0,False
Aniline,gen3,AncFDMO_1312_c27,C,33,C33,0.0,False
Aniline,gen3,AncFDMO_1105_c31,C,34,C34,0.0,False
Aniline,gen3,AncFDMO_1014_c35,C,35,C35,0.0,False
Aniline,gen3,AncFDMO_1281_c39,C,36,C36,0.0,False
Aniline,gen3,AncFDMO_1382_c2,D,1,D1,0.0,False
Aniline,gen3,AncFDMO_701_c6,D,2,D2,0.0,False
Aniline,gen3,AncFDMO_1785_c10,D,3,D3,0.0,False
Aniline,gen3,AncFDMO_1354_c13,D,4,D4,0.0,False
Aniline,gen3,AncFDMO_2131_c15,D,5,D5,0.0,False
Aniline,gen3,AncFDMO_1170_c19,D,6,D6,0.0,False
Aniline,gen3,AncFDMO_1407_c21,D,7,D7,0.0,False
Aniline,gen3,AncFDMO_1461_c25,D,8,D8,0.0,False
Aniline,gen3,AncFDMO_244_c28,D,9,D9,0.0,False
Aniline,gen3,AncFDMO_1259_c32,D,10,D10,0.0,False
Aniline,gen3,AncFDMO_1603_c35,D,11,D11,0.36969864405318953,True
Aniline,gen3,AncFDMO_2092_c39,D,12,D12,0.0,False
Aniline,gen3,AncFDMO_1017_c2,D,13,D13,0.0,False
Aniline,gen3,AncFDMO_559_c6,D,14,D14,0.0,False
Aniline,gen3,AncFDMO_1507_c10,D,15,D15,0.0,False
Aniline,gen3,AncFDMO_1113_c13,D,16,D16,0.0,False
Aniline,gen3,AncFDMO_1667_c15,D,17,D17,0.0,False
Aniline,gen3,AncFDMO_1338_c18,D,18,D18,0.0,False
Aniline,gen3,AncFDMO_1172_c21,D,19,D19,0.0,False
Aniline,gen3,AncFDMO_1198_c25,D,20,D20,0.0,False
Aniline,gen3,AncFDMO_224_c29,D,21,D21,0.0,False
Aniline,gen3,AncFDMO_993_c32,D,22,D22,0.0,False
Aniline,gen3,AncFDMO_1319_c35,D,23,D23,0.0,False
Aniline,gen3,AncFDMO_1734_c39,D,24,D24,0.002261213517151623,True
Aniline,gen3,AncFDMO_841_c2,D,25,D25,0.0,False
Aniline,gen3,AncFDMO_427_c6,D,26,D26,0.0,False
Aniline,gen3,AncFDMO_1157_c10,D,27,D27,0.0,False
Aniline,gen3,AncFDMO_868_c13,D,28,D28,0.0,False
Aniline,gen3,AncFDMO_1444_c15,D,29,D29,0.0,False
Aniline,gen3,AncFDMO_1097_c18,D,30,D30,0.0,False
Aniline,gen3,AncFDMO_848_c21,D,31,D31,0.0,False
Aniline,gen3,AncFDMO_883_c25,D,32,D32,0.0,False
Aniline,gen3,AncFDMO_205_c29,D,33,D33,0.0,False
Aniline,gen3,AncFDMO_767_c32,D,34,D34,0.0,False
Aniline,gen3,AncFDMO_1050_c35,D,35,D35,0.4906325601642761,True
Aniline,gen3,AncFDMO_1389_c39,D,36,D36,0.0,False
Aniline,gen3,AncFDMO_1407_c2,E,1,E1,0.0,False
Aniline,gen3,AncFDMO_797_c6,E,2,E2,0.0,False
Aniline,gen3,AncFDMO_1853_c10,E,3,E3,0.0,False
Aniline,gen3,AncFDMO_1396_c13,E,4,E4,0.0,False
Aniline,gen3,AncFDMO_2676_c16,E,5,E5,0.0,False
Aniline,gen3,AncFDMO_1243_c19,E,6,E6,0.0,False
Aniline,gen3,AncFDMO_1643_c22,E,7,E7,0.0,False
Aniline,gen3,AncFDMO_1540_c25,E,8,E8,0.0,False
Aniline,gen3,AncFDMO_301_c29,E,9,E9,0.0,False
Aniline,gen3,AncFDMO_1310_c32,E,10,E10,0.0,False
Aniline,gen3,AncFDMO_422_c36,E,11,E11,0.0,False
Aniline,gen3,empty vector,E,12,E12,0.0,False
Aniline,gen3,AncFDMO_1223_c2,E,13,E13,0.0,False
Aniline,gen3,AncFDMO_616_c6,E,14,E14,0.0,False
Aniline,gen3,AncFDMO_1709_c10,E,15,E15,0.0,False
Aniline,gen3,AncFDMO_1261_c13,E,16,E16,0.00183370247882214,True
Aniline,gen3,AncFDMO_1771_c15,E,17,E17,0.0,False
Aniline,gen3,AncFDMO_971_c19,E,18,E18,0.0,False
Aniline,gen3,AncFDMO_1212_c21,E,19,E19,0.0,False
Aniline,gen3,AncFDMO_1213_c25,E,20,E20,0.0,False
Aniline,gen3,AncFDMO_1771_c30,E,21,E21,0.0,False
Aniline,gen3,AncFDMO_1123_c32,E,22,E22,0.0,False
Aniline,gen3,AncFDMO_370_c36,E,23,E23,0.0011646897738442775,True
Aniline,gen3,empty vector,E,24,E24,0.0,False
Aniline,gen3,AncFDMO_888_c2,E,25,E25,0.0,False
Aniline,gen3,AncFDMO_505_c6,E,26,E26,0.0,False
Aniline,gen3,AncFDMO_1281_c10,E,27,E27,0.0,False
Aniline,gen3,AncFDMO_932_c13,E,28,E28,0.0,False
Aniline,gen3,AncFDMO_1459_c15,E,29,E29,0.0,False
Aniline,gen3,AncFDMO_754_c19,E,30,E30,0.0,False
Aniline,gen3,AncFDMO_900_c21,E,31,E31,0.0,False
Aniline,gen3,AncFDMO_984_c25,E,32,E32,0.0,False
Aniline,gen3,AncFDMO_1278_c30,E,33,E33,0.0,False
Aniline,gen3,AncFDMO_871_c32,E,34,E34,0.0,False
Aniline,gen3,AncFDMO_284_c36,E,35,E35,0.0,False
Aniline,gen3,empty vector,E,36,E36,0.0,False
Aniline,gen3,AncFDMO_924_c3,F,1,F1,0.0,False
Aniline,gen3,AncFDMO_967_c7,F,2,F2,0.0,False
Aniline,gen3,AncFDMO_1896_c10,F,3,F3,0.0,False
Aniline,gen3,AncFDMO_1470_c13,F,4,F4,0.0,False
Aniline,gen3,AncFDMO_2796_c16,F,5,F5,0.0,False
Aniline,gen3,AncFDMO_1320_c19,F,6,F6,0.0,False
Aniline,gen3,AncFDMO_1661_c22,F,7,F7,0.0,False
Aniline,gen3,AncFDMO_1601_c25,F,8,F8,0.0,False
Aniline,gen3,AncFDMO_2226_c30,F,9,F9,0.0,False
Aniline,gen3,AncFDMO_1401_c32,F,10,F10,0.0,False
Aniline,gen3,AncFDMO_481_c36,F,11,F11,0.0,False
Aniline,gen3,empty vector,F,12,F12,0.0,False
Aniline,gen3,AncFDMO_785_c3,F,13,F13,0.0,False
Aniline,gen3,AncFDMO_803_c7,F,14,F14,0.0,False
Aniline,gen3,AncFDMO_1284_c11,F,15,F15,0.0027294345461089165,True
Aniline,gen3,AncFDMO_1624_c14,F,16,F16,0.000675323650184225,True
Aniline,gen3,AncFDMO_2130_c16,F,17,F17,0.0,False
Aniline,gen3,AncFDMO_1082_c19,F,18,F18,0.0,False
Aniline,gen3,AncFDMO_1325_c22,F,19,F19,0.0,False
Aniline,gen3,AncFDMO_1435_c25,F,20,F20,0.0,False
Aniline,gen3,AncFDMO_1931_c30,F,21,F21,0.0,False
Aniline,gen3,AncFDMO_1213_c32,F,22,F22,0.0,False
Aniline,gen3,AncFDMO_406_c36,F,23,F23,0.0,False
Aniline,gen3,empty vector,F,24,F24,0.0,False
Aniline,gen3,AncFDMO_543_c3,F,25,F25,0.0,False
Aniline,gen3,AncFDMO_725_c7,F,26,F26,0.0,False
Aniline,gen3,AncFDMO_1044_c11,F,27,F27,0.0,False
Aniline,gen3,AncFDMO_1235_c14,F,28,F28,0.0,False
Aniline,gen3,AncFDMO_1620_c16,F,29,F29,0.0,False
Aniline,gen3,AncFDMO_839_c19,F,30,F30,0.0,False
Aniline,gen3,AncFDMO_956_c22,F,31,F31,0.0,False
Aniline,gen3,AncFDMO_1066_c25,F,32,F32,0.0,False
Aniline,gen3,AncFDMO_1439_c30,F,33,F33,0.0,False
Aniline,gen3,AncFDMO_966_c32,F,34,F34,0.0,False
Aniline,gen3,AncFDMO_312_c36,F,35,F35,0.0,False
Aniline,gen3,empty vector,F,36,F36,0.0,False
Aniline,gen3,AncFDMO_985_c3,G,1,G1,0.0,False
Aniline,gen3,AncFDMO_1044_c7,G,2,G2,0.0,False
Aniline,gen3,AncFDMO_1696_c11,G,3,G3,0.0,False
Aniline,gen3,AncFDMO_2097_c14,G,4,G4,0.0,False
Aniline,gen3,AncFDMO_2839_c16,G,5,G5,0.0,False
Aniline,gen3,AncFDMO_1642_c20,G,6,G6,0.0,False
Aniline,gen3,AncFDMO_1734_c22,G,7,G7,0.0,False
Aniline,gen3,AncFDMO_1039_c26,G,8,G8,0.0,False
Aniline,gen3,AncFDMO_2311_c30,G,9,G9,0.0,False
Aniline,gen3,AncFDMO_509_c33,G,10,G10,0.0,False
Aniline,gen3,AncFDMO_545_c37,G,11,G11,0.0,False
Aniline,gen3,NEC,G,12,G12,0.0,False
Aniline,gen3,AncFDMO_807_c3,G,13,G13,0.0,False
Aniline,gen3,AncFDMO_858_c7,G,14,G14,0.0,False
Aniline,gen3,AncFDMO_1384_c11,G,15,G15,0.0033602363171823402,True
Aniline,gen3,AncFDMO_1705_c14,G,16,G16,0.0006454990324242018,True
Aniline,gen3,AncFDMO_2234_c16,G,17,G17,0.0,False
Aniline,gen3,AncFDMO_1113_c19,G,18,G18,0.0,False
Aniline,gen3,AncFDMO_1475_c22,G,19,G19,0.0007495147799302713,True
Aniline,gen3,AncFDMO_833_c26,G,20,G20,0.0,False
Aniline,gen3,AncFDMO_2030_c30,G,21,G21,0.0,False
Aniline,gen3,AncFDMO_408_c33,G,22,G22,0.0,False
Aniline,gen3,AncFDMO_428_c37,G,23,G23,0.0,False
Aniline,gen3,NEC,G,24,G24,0.0,False
Aniline,gen3,AncFDMO_706_c3,G,25,G25,0.0,False
Aniline,gen3,AncFDMO_761_c7,G,26,G26,0.0,False
Aniline,gen3,AncFDMO_1096_c11,G,27,G27,0.0,False
Aniline,gen3,AncFDMO_1327_c14,G,28,G28,0.0,False
Aniline,gen3,AncFDMO_1731_c16,G,29,G29,0.0,False
Aniline,gen3,AncFDMO_913_c19,G,30,G30,0.0,False
Aniline,gen3,AncFDMO_1072_c22,G,31,G31,0.0,False
Aniline,gen3,AncFDMO_596_c26,G,32,G32,0.021770401332302024,True
Aniline,gen3,AncFDMO_1663_c30,G,33,G33,0.0,False
Aniline,gen3,AncFDMO_325_c33,G,34,G34,0.0,False
Aniline,gen3,AncFDMO_325_c37,G,35,G35,0.0,False
Aniline,gen3,NEC,G,36,G36,0.0,False
Aniline,gen3,AncFDMO_353_c4,H,1,H1,0.0,False
Aniline,gen3,AncFDMO_1162_c7,H,2,H2,0.0,False
Aniline,gen3,AncFDMO_1741_c11,H,3,H3,0.0,False
Aniline,gen3,AncFDMO_2205_c14,H,4,H4,0.0,False
Aniline,gen3,AncFDMO_2987_c16,H,5,H5,0.0,False
Aniline,gen3,AncFDMO_1716_c20,H,6,H6,0.0,False
Aniline,gen3,AncFDMO_498_c23,H,7,H7,0.0,False
Aniline,gen3,AncFDMO_1133_c26,H,8,H8,0.0,False
Aniline,gen3,AncFDMO_2459_c30,H,9,H9,0.0,False
Aniline,gen3,AncFDMO_585_c33,H,10,H10,0.0,False
Aniline,gen3,AncFDMO_609_c37,H,11,H11,0.0,False
Aniline,gen3,NEC,H,12,H12,0.0,False
Aniline,gen3,AncFDMO_251_c4,H,13,H13,0.000931683230166196,True
Aniline,gen3,AncFDMO_937_c7,H,14,H14,0.0,False
Aniline,gen3,AncFDMO_1484_c11,H,15,H15,0.0,False
Aniline,gen3,AncFDMO_1878_c14,H,16,H16,0.0,False
Aniline,gen3,AncFDMO_2373_c16,H,17,H17,0.0,False
Aniline,gen3,AncFDMO_1302_c20,H,18,H18,0.0,False
Aniline,gen3,AncFDMO_1520_c22,H,19,H19,0.0,False
Aniline,gen3,AncFDMO_984_c26,H,20,H20,0.0026327259488497638,True
Aniline,gen3,AncFDMO_2130_c30,H,21,H21,0.0,False
Aniline,gen3,AncFDMO_490_c33,H,22,H22,0.0,False
Aniline,gen3,AncFDMO_486_c37,H,23,H23,0.0,False
Aniline,gen3,NEC,H,24,H24,0.0,False
Aniline,gen3,AncFDMO_196_c4,H,25,H25,0.0,False
Aniline,gen3,AncFDMO_777_c7,H,26,H26,0.0,False
Aniline,gen3,AncFDMO_1168_c11,H,27,H27,0.0,False
Aniline,gen3,AncFDMO_1415_c14,H,28,H28,0.0,False
Aniline,gen3,AncFDMO_1877_c16,H,29,H29,0.05481183336841431,True
Aniline,gen3,AncFDMO_950_c20,H,30,H30,0.0,False
Aniline,gen3,AncFDMO_1258_c22,H,31,H31,0.0,False
Aniline,gen3,AncFDMO_738_c26,H,32,H32,0.0,False
Aniline,gen3,AncFDMO_1730_c30,H,33,H33,0.0,False
Aniline,gen3,AncFDMO_347_c33,H,34,H34,0.0,False
Aniline,gen3,AncFDMO_388_c37,H,35,H35,0.0,False
Aniline,gen3,NEC,H,36,H36,0.0,False
Aniline,gen2,Anc321,A,1,A1,0.0,False
Aniline,gen2,Anc322,A,2,A2,0.0,False
Aniline,gen2,Anc373,A,3,A3,0.0,False
Aniline,gen2,Anc416,A,4,A4,0.0,False
Aniline,gen2,A0A0L0NHZ5,A,5,A5,0.0,False
Aniline,gen2,I1S0U1,A,6,A6,0.0,False
Aniline,gen2,A0A317WVG8,A,7,A7,0.0,False
Aniline,gen2,Q1DDU6,A,8,A8,0.0,False
Aniline,gen2,A0A430HSE9,A,9,A9,0.0,False
Aniline,gen2,A0A0F8U263,A,10,A10,0.0,False
Aniline,gen2,B6K5M4,A,11,A11,0.0,False
Aniline,gen2,A0A2I6PIZ8,A,12,A12,0.0,False
Aniline,gen2,Anc333,B,1,B1,0.0,False
Aniline,gen2,Anc322a,B,2,B2,0.0,False
Aniline,gen2,Anc373a,B,3,B3,0.0,False
Aniline,gen2,Anc416a,B,4,B4,0.0,False
Aniline,gen2,A7UX11,B,5,B5,0.004210463511089349,True
Aniline,gen2,A0A0F7ZML0,B,6,B6,0.0,False
Aniline,gen2,J4VWM7,B,7,B7,0.0,False
Aniline,gen2,A8LVF4,B,8,B8,0.0,False
Aniline,gen2,A0A0S4NSV0,B,9,B9,0.0,False
Aniline,gen2,A0A0C9V1F0,B,10,B10,0.0,False
Aniline,gen2,S9VNB0,B,11,B11,0.0,False
Aniline,gen2,A0A1D8G3K4,B,12,B12,0.0,False
Aniline,gen2,Anc369a,C,1,C1,0.0,False
Aniline,gen2,Anc366,C,2,C2,0.0,False
Aniline,gen2,Anc374,C,3,C3,0.0,False
Aniline,gen2,Anc457,C,4,C4,0.0,False
Aniline,gen2,A0A1W2TF28,C,5,C5,0.0,False
Aniline,gen2,cP23262,C,6,C6,0.0,False
Aniline,gen2,A0A559M954,C,7,C7,0.0,False
Aniline,gen2,Q2GQG8,C,8,C8,0.0,False
Aniline,gen2,Q4WLW7,C,9,C9,0.0,False
Aniline,gen2,J3KA16,C,10,C10,0.0,False
Aniline,gen2,Q9Y7Z9,C,11,C11,0.0,False
Aniline,gen2,C5FM59,C,12,C12,0.0,False
Aniline,gen2,Anc382,D,1,D1,0.0,False
Aniline,gen2,Anc366a,D,2,D2,0.0,False
Aniline,gen2,Anc374a,D,3,D3,0.0,False
Aniline,gen2,Anc457a,D,4,D4,0.0,False
Aniline,gen2,A0A2J6S3A7,D,5,D5,0.0,False
Aniline,gen2,cQ5BEJ7,D,6,D6,0.0,False
Aniline,gen2,A0A177BZG4,D,7,D7,0.0,False
Aniline,gen2,G3XQJ1,D,8,D8,0.0,False
Aniline,gen2,A0A0K8LS04,D,9,D9,0.0,False
Aniline,gen2,A5ABG5,D,10,D10,0.0,False
Aniline,gen2,Q3S8R0,D,11,D11,0.0,False
Aniline,gen2,E4V2N4,D,12,D12,0.0,False
Aniline,gen2,Anc331,E,1,E1,0.0,False
Aniline,gen2,Anc367,E,2,E2,0.0,False
Aniline,gen2,Anc280,E,3,E3,0.0,False
Aniline,gen2,Anc488,E,4,E4,0.0,False
Aniline,gen2,A0A2J6T8P1,E,5,E5,0.0,False
Aniline,gen2,cG3XMC2,E,6,E6,0.0,False
Aniline,gen2,P23262,E,7,E7,0.0,False
Aniline,gen2,Q9S3U9,E,8,E8,0.005785298050867376,True
Aniline,gen2,K9G8U3,E,9,E9,0.0,False
Aniline,gen2,V5FKW7,E,10,E10,0.0,False
Aniline,gen2,A0A370B0Q9,E,11,E11,0.0,False
Aniline,gen2,F2S701,E,12,E12,0.0,False
Aniline,gen2,Anc331a,F,1,F1,0.0,False
Aniline,gen2,Anc367a,F,2,F2,0.0,False
Aniline,gen2,Anc280a,F,3,F3,0.028001922815770536,True
Aniline,gen2,Anc488a,F,4,F4,0.004254978835582073,True
Aniline,gen2,A0A3D8QGL3,F,5,F5,0.0,False
Aniline,gen2,cB6HN76,F,6,F6,0.0,False
Aniline,gen2,Q53552,F,7,F7,0.0,False
Aniline,gen2,A0A2R2IYY2,F,8,F8,0.0,False
Aniline,gen2,B6HJU4,F,9,F9,0.0,False
Aniline,gen2,R7YWS5,F,10,F10,0.0,False
Aniline,gen2,A0A178XEJ6,F,11,F11,0.0,False
Aniline,gen2,KPJ13581_1,F,12,F12,0.0,False
Aniline,gen2,Anc332,G,1,G1,0.0,False
Aniline,gen2,Anc368,G,2,G2,0.0,False
Aniline,gen2,Anc412,G,3,G3,0.002723029147794764,True
Aniline,gen2,A0A101MPG3,G,4,G4,0.0,False
Aniline,gen2,E3RKN0,G,5,G5,0.0,False
Aniline,gen2,cQ0CJ62,G,6,G6,0.0,False
Aniline,gen2,A0A239M104,G,7,G7,0.0,False
Aniline,gen2,A0A4R7BCP1,G,8,G8,0.0,False
Aniline,gen2,S8AW72,G,9,G9,0.0,False
Aniline,gen2,S3CM43,G,10,G10,0.0,False
Aniline,gen2,E1ACP7,G,11,G11,0.0,False
Aniline,gen2,Q5ATK1,G,12,G12,0.0,False
Aniline,gen2,Anc332a,H,1,H1,0.0,False
Aniline,gen2,Anc368a,H,2,H2,0.0,False
Aniline,gen2,Anc412a,H,3,H3,0.0,False
Aniline,gen2,A0A4Q7JZ50,H,4,H4,0.0,False
Aniline,gen2,Q0CJ62,H,5,H5,0.0,False
Aniline,gen2,A0A1R3RGJ2,H,6,H6,0.0,False
Aniline,gen2,Q84HF5,H,7,H7,0.0,False
Aniline,gen2,C7EDM6,H,8,H8,0.0,False
Aniline,gen2,A0A135LJG1,H,9,H9,0.0,False
Aniline,gen2,A0A0B4HMN8,H,10,H10,0.0,False
Aniline,gen2,E1ACQ4,H,11,H11,0.0,False
Aniline,gen2,Empty pMCSG7,H,12,H12,0.0,False
Aniline,gen1,Anc 305,A,1,A1,0.0,False
Aniline,gen1,Anc 305a,A,2,A2,0.0,False
Aniline,gen1,Anc 306,A,3,A3,0.0,False
Aniline,gen1,Anc 306a,A,4,A4,0.0,False
Aniline,gen1,Anc 311C,A,5,A5,0.0,False
Aniline,gen1,Anc 311a,A,6,A6,0.0,False
Aniline,gen1,Anc 312,A,7,A7,0.0,False
Aniline,gen1,Anc 312a,A,8,A8,0.0,False
Aniline,gen1,Anc 321,A,9,A9,0.0,False
Aniline,gen1,Anc 321a,A,10,A10,0.0,False
Aniline,gen1,Anc 333,A,11,A11,0.0,False
Aniline,gen1,Anc 333a,A,12,A12,0.0,False
Aniline,gen1,Anc 334,B,1,B1,0.0,False
Aniline,gen1,Anc 334a,B,2,B2,0.0,False
Aniline,gen1,Anc 335,B,3,B3,0.0,False
Aniline,gen1,Anc 335a,B,4,B4,0.0,False
Aniline,gen1,Anc 346,B,5,B5,0.0,False
Aniline,gen1,Anc 346a,B,6,B6,0.0,False
Aniline,gen1,Anc 354,B,7,B7,0.0,False
Aniline,gen1,Anc 354a,B,8,B8,0.01116998717909274,True
Aniline,gen1,Anc 369,B,9,B9,0.0,False
Aniline,gen1,Anc 369a,B,10,B10,0.0,False
Aniline,gen1,Anc 370,B,11,B11,0.0,False
Aniline,gen1,Anc 370a,B,12,B12,0.0,False
Aniline,gen1,Anc 371,C,1,C1,0.0,False
Aniline,gen1,Anc 371a,C,2,C2,0.0,False
Aniline,gen1,Anc 382,C,3,C3,0.0,False
Aniline,gen1,Anc 382a,C,4,C4,0.0,False
Aniline,gen1,Anc 304,C,5,C5,0.0,False
Aniline,gen1,Anc 304a,C,6,C6,0.0,False
Aniline,gen1,Anc 400,C,7,C7,0.0,False
Aniline,gen1,Anc 400a,C,8,C8,0.0,False
Aniline,gen1,Anc 401,C,9,C9,0.0,False
Aniline,gen1,Anc 401a,C,10,C10,0.0,False
Aniline,gen1,Anc 468,C,11,C11,0.0,False
Aniline,gen1,Anc 468a,C,12,C12,0.0,False
Aniline,gen1,Anc 284,D,1,D1,0.0,False
Aniline,gen1,Anc 284a,D,2,D2,0.0,False
Aniline,gen1,49_Clade,D,3,D3,0.0,False
Aniline,gen1,50_Clade,D,4,D4,0.0,False
Aniline,gen1,51_Clade,D,5,D5,0.0,False
Aniline,gen1,52_Clade,D,6,D6,0.0,False
Aniline,gen1,53_Clade,D,7,D7,0.0,False
Aniline,gen1,54_Clade,D,8,D8,0.0,False
Aniline,gen1,55_Clade,D,9,D9,0.0,False
Aniline,gen1,56_Clade,D,10,D10,0.0,False
Aniline,gen1,57_Clade,D,11,D11,0.0,False
Aniline,gen1,58_Clade,D,12,D12,0.0,False
Aniline,gen1,59_Clade,E,1,E1,0.0,False
Aniline,gen1,60_Clade,E,2,E2,0.0,False
Aniline,gen1,61_Clade,E,3,E3,0.0,False
Aniline,gen1,62_Clade,E,4,E4,0.0,False
Aniline,gen1,63_Clade,E,5,E5,0.0,False
Aniline,gen1,64_Clade,E,6,E6,0.0,False
Aniline,gen1,65_Clade,E,7,E7,0.0,False
Aniline,gen1,66_Clade,E,8,E8,0.0,False
Aniline,gen1,67_Clade,E,9,E9,0.0,False
Aniline,gen1,68_Func.,E,10,E10,0.0,False
Aniline,gen1,69_Func.,E,11,E11,0.0,False
Aniline,gen1,70_Func.,E,12,E12,0.0,False
Aniline,gen1,71_Func.,F,1,F1,0.0,False
Aniline,gen1,72_Func.,F,2,F2,0.0,False
Aniline,gen1,73_Func.,F,3,F3,0.0,False
Aniline,gen1,74_Func.,F,4,F4,0.0,False
Aniline,gen1,81_Func.,F,5,F5,0.0,False
Aniline,gen1,82_Func.,F,6,F6,0.0,False
Aniline,gen1,83_Func.,F,7,F7,0.0,False
Aniline,gen1,84_Func.,F,8,F8,0.0,False
Aniline,gen1,85_Func.,F,9,F9,0.0,False
Aniline,gen1,86_hypo.,F,10,F10,0.0,False
Aniline,gen1,87_hypo.,F,11,F11,0.0,False
Aniline,gen1,88_hypo.,F,12,F12,0.0,False
Aniline,gen1,89_hypo.,G,1,G1,0.0,False
Aniline,gen1,90_hypo.,G,2,G2,0.0,False
Aniline,gen1,91_hypo.,G,3,G3,0.0,False
Aniline,gen1,92_hypo.,G,4,G4,0.0,False
Aniline,gen1,93_hypo.,G,5,G5,0.0,False
Aniline,gen1,94_hypo.,G,6,G6,0.0,False
Aniline,gen1,95_hypo.,G,7,G7,0.0,False
Aniline,gen1,96_hypo.,G,8,G8,0.0,False
Aniline,gen1,97_hypo.,G,9,G9,0.0,False
Aniline,gen1,98_hypo.,G,10,G10,0.0,False
Aniline,gen1,99_hypo.,G,11,G11,0.0,False
Aniline,gen1,100_hypo.,G,12,G12,0.0,False
Aniline,gen1,101_hypo.,H,1,H1,0.0,False
Aniline,gen1,102_hypo.,H,2,H2,0.0,False
Aniline,gen1,103_hypo.,H,3,H3,0.0,False
Aniline,gen1,104_hypo.,H,4,H4,0.0,False
Aniline,gen1,105_hypo.,H,5,H5,0.0,False
Aniline,gen1,AfoD,H,6,H6,0.0,False
Aniline,gen1,AzaH,H,7,H7,0.0,False
Aniline,gen1,TropB,H,8,H8,0.0,False
Aniline,gen1,Blk,H,9,H9,0.0,False
Aniline,gen1,Blk,H,10,H10,0.0,False
Aniline,gen1,Blk,H,11,H11,0.0,False
Aniline,gen1,Blk,H,12,H12,0.0,False
Phenox,gen3,AncFDMO_791_c1,A,1,A1,0.001271564820062407,True
Phenox,gen3,AncFDMO_1818_c5,A,2,A2,0.004076522723503777,True
Phenox,gen3,AncFDMO_162_c8,A,3,A3,0.0021745260301591443,True
Phenox,gen3,AncFDMO_1809_c11,A,4,A4,0.004260408417516693,True
Phenox,gen3,AncFDMO_2310_c14,A,5,A5,0.007504128580701872,True
Phenox,gen3,AncFDMO_1370_c18,A,6,A6,0.0022450861627149703,True
Phenox,gen3,AncFDMO_1795_c20,A,7,A7,0.02895679715119172,True
Phenox,gen3,AncFDMO_1317_c24,A,8,A8,0.005690566756672147,True
Phenox,gen3,AncFDMO_1758_c27,A,9,A9,0.003939698673134735,True
Phenox,gen3,AncFDMO_1550_c31,A,10,A10,0.007041501208971631,True
Phenox,gen3,AncFDMO_205_c34,A,11,A11,0.008796511835181271,True
Phenox,gen3,AncFDMO_240_c38,A,12,A12,0.006583944324058973,True
Phenox,gen3,AncFDMO_687_c1,A,13,A13,0.0008557246614012172,True
Phenox,gen3,AncFDMO_1491_c5,A,14,A14,0.0002624642313193828,True
Phenox,gen3,AncFDMO_747_c9,A,15,A15,0.0007904825542176578,True
Phenox,gen3,AncFDMO_521_c12,A,16,A16,0.002648658419558051,True
Phenox,gen3,AncFDMO_1964_c14,A,17,A17,0.0030156424128730537,True
Phenox,gen3,AncFDMO_2494_c16,A,18,A18,0.0003735073148233129,True
Phenox,gen3,AncFDMO_1443_c20,A,19,A19,0.0,False
Phenox,gen3,AncFDMO_1000_c24,A,20,A20,0.0042670433990481685,True
Phenox,gen3,AncFDMO_1482_c27,A,21,A21,0.0,False
Phenox,gen3,AncFDMO_1139_c31,A,22,A22,3.0481846481060645e-05,True
Phenox,gen3,AncFDMO_173_c34,A,23,A23,0.009568940874075622,True
Phenox,gen3,AncFDMO_207_c38,A,24,A24,9.147182527227611e-05,True
Phenox,gen3,AncFDMO_522_c1,A,25,A25,0.0,False
Phenox,gen3,AncFDMO_1244_c5,A,26,A26,0.001256338869295165,True
Phenox,gen3,AncFDMO_555_c9,A,27,A27,0.003107137232731633,True
Phenox,gen3,AncFDMO_433_c12,A,28,A28,0.0021964991304301083,True
Phenox,gen3,AncFDMO_1536_c14,A,29,A29,0.0010301163051866932,True
Phenox,gen3,AncFDMO_1961_c16,A,30,A30,0.004906495179828317,True
Phenox,gen3,AncFDMO_1059_c20,A,31,A31,0.023052477127130527,True
Phenox,gen3,AncFDMO_758_c24,A,32,A32,0.0,False
Phenox,gen3,AncFDMO_1134_c27,A,33,A33,0.003270366304123071,True
Phenox,gen3,AncFDMO_917_c31,A,34,A34,0.020939221718376734,True
Phenox,gen3,AncFDMO_145_c34,A,35,A35,0.015922522497699376,True
Phenox,gen3,AncFDMO_188_c38,A,36,A36,0.00017614115396263948,True
Phenox,gen3,AncFDMO_854_c1,B,1,B1,0.00046033706846935536,True
Phenox,gen3,AncFDMO_2026_c5,B,2,B2,0.009484211882369075,True
Phenox,gen3,AncFDMO_941_c9,B,3,B3,0.003405589905318822,True
Phenox,gen3,AncFDMO_682_c12,B,4,B4,0.0032661749532670974,True
Phenox,gen3,AncFDMO_1846_c15,B,5,B5,0.001764893451809797,True
Phenox,gen3,AncFDMO_1469_c18,B,6,B6,0.0045101706457775625,True
Phenox,gen3,AncFDMO_1251_c21,B,7,B7,0.002736674607649395,True
Phenox,gen3,AncFDMO_1366_c24,B,8,B8,0.002139820616347634,True
Phenox,gen3,AncFDMO_1860_c27,B,9,B9,0.009604142354612133,True
Phenox,gen3,AncFDMO_1621_c31,B,10,B10,0.0008057605525661023,True
Phenox,gen3,AncFDMO_1362_c35,B,11,B11,0.0007613857577645047,True
Phenox,gen3,AncFDMO_1888_c39,B,12,B12,0.0024181403780815405,True
Phenox,gen3,AncFDMO_698_c1,B,13,B13,0.0,False
Phenox,gen3,AncFDMO_1629_c5,B,14,B14,0.0022230853747094255,True
Phenox,gen3,AncFDMO_867_c9,B,15,B15,0.0019560350120839368,True
Phenox,gen3,AncFDMO_630_c12,B,16,B16,0.001597859726449604,True
Phenox,gen3,AncFDMO_1497_c15,B,17,B17,0.007880119152094764,True
Phenox,gen3,AncFDMO_1191_c18,B,18,B18,0.0,False
Phenox,gen3,AncFDMO_1566_c20,B,19,B19,0.001935456494061924,True
Phenox,gen3,AncFDMO_1084_c24,B,20,B20,0.00029209216908344574,True
Phenox,gen3,AncFDMO_1605_c27,B,21,B21,0.0014214572979484666,True
Phenox,gen3,AncFDMO_1253_c31,B,22,B22,0.0,False
Phenox,gen3,AncFDMO_1086_c35,B,23,B23,0.00010044654578588028,True
Phenox,gen3,AncFDMO_1493_c39,B,24,B24,0.0,False
Phenox,gen3,AncFDMO_579_c1,B,25,B25,0.0,False
Phenox,gen3,AncFDMO_1284_c5,B,26,B26,0.0008726492325140555,True
Phenox,gen3,AncFDMO_635_c9,B,27,B27,0.0006663604948122768,True
Phenox,gen3,AncFDMO_490_c12,B,28,B28,0.001490906621625933,True
Phenox,gen3,AncFDMO_1280_c15,B,29,B29,0.0,False
Phenox,gen3,AncFDMO_852_c18,B,30,B30,0.0011435607112612036,True
Phenox,gen3,AncFDMO_1183_c20,B,31,B31,0.0,False
Phenox,gen3,AncFDMO_866_c24,B,32,B32,0.0,False
Phenox,gen3,AncFDMO_1243_c27,B,33,B33,0.0,False
Phenox,gen3,AncFDMO_1036_c31,B,34,B34,0.0,False
Phenox,gen3,AncFDMO_905_c35,B,35,B35,0.0,False
Phenox,gen3,AncFDMO_1102_c39,B,36,B36,0.0,False
Phenox,gen3,AncFDMO_1334_c2,C,1,C1,0.004601421464973444,True
Phenox,gen3,AncFDMO_2119_c5,C,2,C2,0.005032253458105493,True
Phenox,gen3,AncFDMO_1026_c9,C,3,C3,0.0053578629906716494,True
Phenox,gen3,AncFDMO_743_c12,C,4,C4,0.002838113416446318,True
Phenox,gen3,AncFDMO_2049_c15,C,5,C5,0.003049627049909797,True
Phenox,gen3,AncFDMO_1496_c18,C,6,C6,0.0016344746529818237,True
Phenox,gen3,AncFDMO_1325_c21,C,7,C7,0.0019217042755987957,True
Phenox,gen3,AncFDMO_1439_c24,C,8,C8,0.0026797489824393127,True
Phenox,gen3,AncFDMO_2097_c27,C,9,C9,0.00015971470016463418,True
Phenox,gen3,AncFDMO_1692_c31,C,10,C10,0.006058220341537673,True
Phenox,gen3,AncFDMO_1539_c35,C,11,C11,0.002825486345045144,True
Phenox,gen3,AncFDMO_1929_c39,C,12,C12,0.0014062160730917974,True
Phenox,gen3,AncFDMO_921_c2,C,13,C13,0.0,False
Phenox,gen3,AncFDMO_1732_c5,C,14,C14,0.0,False
Phenox,gen3,AncFDMO_1397_c10,C,15,C15,0.0,False
Phenox,gen3,AncFDMO_1013_c13,C,16,C16,0.0,False
Phenox,gen3,AncFDMO_1553_c15,C,17,C17,0.0,False
Phenox,gen3,AncFDMO_1270_c18,C,18,C18,0.0009393914020233494,True
Phenox,gen3,AncFDMO_1074_c21,C,19,C19,0.0002720298991747818,True
Phenox,gen3,AncFDMO_1274_c24,C,20,C20,0.0025244455675375354,True
Phenox,gen3,AncFDMO_1731_c27,C,21,C21,0.033943821512263266,True
Phenox,gen3,AncFDMO_1397_c31,C,22,C22,0.0,False
Phenox,gen3,AncFDMO_1221_c35,C,23,C23,0.0021004119868988248,True
Phenox,gen3,AncFDMO_1641_c39,C,24,C24,0.0,False
Phenox,gen3,AncFDMO_761_c2,C,25,C25,0.0,False
Phenox,gen3,AncFDMO_1358_c5,C,26,C26,0.0,False
Phenox,gen3,AncFDMO_1008_c10,C,27,C27,0.0,False
Phenox,gen3,AncFDMO_808_c13,C,28,C28,0.0020176106616537934,True
Phenox,gen3,AncFDMO_1385_c15,C,29,C29,0.0,False
Phenox,gen3,AncFDMO_883_c18,C,30,C30,0.0,False
Phenox,gen3,AncFDMO_782_c21,C,31,C31,0.0,False
Phenox,gen3,AncFDMO_968_c24,C,32,C32,0.0,False
Phenox,gen3,AncFDMO_1312_c27,C,33,C33,0.005636044258607032,True
Phenox,gen3,AncFDMO_1105_c31,C,34,C34,0.0,False
Phenox,gen3,AncFDMO_1014_c35,C,35,C35,0.026637116770438993,True
Phenox,gen3,AncFDMO_1281_c39,C,36,C36,0.0,False
Phenox,gen3,AncFDMO_1382_c2,D,1,D1,0.0,False
Phenox,gen3,AncFDMO_701_c6,D,2,D2,0.0018747971338357622,True
Phenox,gen3,AncFDMO_1785_c10,D,3,D3,0.00028460535186436675,True
Phenox,gen3,AncFDMO_1354_c13,D,4,D4,0.0,False
Phenox,gen3,AncFDMO_2131_c15,D,5,D5,0.003204289991150957,True
Phenox,gen3,AncFDMO_1170_c19,D,6,D6,0.0031904345878849597,True
Phenox,gen3,AncFDMO_1407_c21,D,7,D7,0.0011939384145594983,True
Phenox,gen3,AncFDMO_1461_c25,D,8,D8,0.0,False
Phenox,gen3,AncFDMO_244_c28,D,9,D9,0.0,False
Phenox,gen3,AncFDMO_1259_c32,D,10,D10,9.275505250233983e-05,True
Phenox,gen3,AncFDMO_1603_c35,D,11,D11,0.08195194596301059,True
Phenox,gen3,AncFDMO_2092_c39,D,12,D12,0.0009183674451048729,True
Phenox,gen3,AncFDMO_1017_c2,D,13,D13,0.0,False
Phenox,gen3,AncFDMO_559_c6,D,14,D14,0.0011970769324988625,True
Phenox,gen3,AncFDMO_1507_c10,D,15,D15,0.00020544091355091887,True
Phenox,gen3,AncFDMO_1113_c13,D,16,D16,0.0,False
Phenox,gen3,AncFDMO_1667_c15,D,17,D17,0.0,False
Phenox,gen3,AncFDMO_1338_c18,D,18,D18,0.0007576173313762346,True
Phenox,gen3,AncFDMO_1172_c21,D,19,D19,0.0,False
Phenox,gen3,AncFDMO_1198_c25,D,20,D20,0.0,False
Phenox,gen3,AncFDMO_224_c29,D,21,D21,0.0,False
Phenox,gen3,AncFDMO_993_c32,D,22,D22,0.0,False
Phenox,gen3,AncFDMO_1319_c35,D,23,D23,0.0,False
Phenox,gen3,AncFDMO_1734_c39,D,24,D24,0.0013442490554498733,True
Phenox,gen3,AncFDMO_841_c2,D,25,D25,0.0,False
Phenox,gen3,AncFDMO_427_c6,D,26,D26,0.0,False
Phenox,gen3,AncFDMO_1157_c10,D,27,D27,0.011848730132495766,True
Phenox,gen3,AncFDMO_868_c13,D,28,D28,0.0,False
Phenox,gen3,AncFDMO_1444_c15,D,29,D29,0.0,False
Phenox,gen3,AncFDMO_1097_c18,D,30,D30,0.0,False
Phenox,gen3,AncFDMO_848_c21,D,31,D31,0.0,False
Phenox,gen3,AncFDMO_883_c25,D,32,D32,0.0,False
Phenox,gen3,AncFDMO_205_c29,D,33,D33,0.0,False
Phenox,gen3,AncFDMO_767_c32,D,34,D34,0.0,False
Phenox,gen3,AncFDMO_1050_c35,D,35,D35,0.08632406899458742,True
Phenox,gen3,AncFDMO_1389_c39,D,36,D36,0.0,False
Phenox,gen3,AncFDMO_1407_c2,E,1,E1,0.0012395249388885352,True
Phenox,gen3,AncFDMO_797_c6,E,2,E2,1.8956053267746685e-05,True
Phenox,gen3,AncFDMO_1853_c10,E,3,E3,0.0,False
Phenox,gen3,AncFDMO_1396_c13,E,4,E4,0.0011707585114934232,True
Phenox,gen3,AncFDMO_2676_c16,E,5,E5,0.0,False
Phenox,gen3,AncFDMO_1243_c19,E,6,E6,0.0,False
Phenox,gen3,AncFDMO_1643_c22,E,7,E7,0.0,False
Phenox,gen3,AncFDMO_1540_c25,E,8,E8,0.0034832829344102613,True
Phenox,gen3,AncFDMO_301_c29,E,9,E9,0.0026602586189582557,True
Phenox,gen3,AncFDMO_1310_c32,E,10,E10,0.00038635756760256666,True
Phenox,gen3,AncFDMO_422_c36,E,11,E11,0.0009377403720255437,True
Phenox,gen3,empty vector,E,12,E12,0.0011365018285923137,True
Phenox,gen3,AncFDMO_1223_c2,E,13,E13,0.0026081784477104773,True
Phenox,gen3,AncFDMO_616_c6,E,14,E14,0.004113788435799312,True
Phenox,gen3,AncFDMO_1709_c10,E,15,E15,0.004013602450302766,True
Phenox,gen3,AncFDMO_1261_c13,E,16,E16,0.0,False
Phenox,gen3,AncFDMO_1771_c15,E,17,E17,0.0003779510275615001,True
Phenox,gen3,AncFDMO_971_c19,E,18,E18,0.003466521169759043,True
Phenox,gen3,AncFDMO_1212_c21,E,19,E19,0.0006392976789805161,True
Phenox,gen3,AncFDMO_1213_c25,E,20,E20,0.013181493994238019,True
Phenox,gen3,AncFDMO_1771_c30,E,21,E21,0.0,False
Phenox,gen3,AncFDMO_1123_c32,E,22,E22,0.0013814568975189401,True
Phenox,gen3,AncFDMO_370_c36,E,23,E23,0.0,False
Phenox,gen3,empty vector,E,24,E24,0.001376748807071367,True
Phenox,gen3,AncFDMO_888_c2,E,25,E25,0.0013328104640496282,True
Phenox,gen3,AncFDMO_505_c6,E,26,E26,0.0030770237714156635,True
Phenox,gen3,AncFDMO_1281_c10,E,27,E27,0.0024377964619365458,True
Phenox,gen3,AncFDMO_932_c13,E,28,E28,0.007353697739226217,True
Phenox,gen3,AncFDMO_1459_c15,E,29,E29,0.005286041882218487,True
Phenox,gen3,AncFDMO_754_c19,E,30,E30,0.0029442972539721903,True
Phenox,gen3,AncFDMO_900_c21,E,31,E31,0.0029771383610787804,True
Phenox,gen3,AncFDMO_984_c25,E,32,E32,0.0,False
Phenox,gen3,AncFDMO_1278_c30,E,33,E33,0.0031617638284316147,True
Phenox,gen3,AncFDMO_871_c32,E,34,E34,0.0023761898984815976,True
Phenox,gen3,AncFDMO_284_c36,E,35,E35,0.002261716235035765,True
Phenox,gen3,empty vector,E,36,E36,0.0030979935334938865,True
Phenox,gen3,AncFDMO_924_c3,F,1,F1,0.0001085430532690634,True
Phenox,gen3,AncFDMO_967_c7,F,2,F2,0.0014988570536171879,True
Phenox,gen3,AncFDMO_1896_c10,F,3,F3,0.0019726358998109106,True
Phenox,gen3,AncFDMO_1470_c13,F,4,F4,0.0,False
Phenox,gen3,AncFDMO_2796_c16,F,5,F5,0.0005443783055933756,True
Phenox,gen3,AncFDMO_1320_c19,F,6,F6,0.0,False
Phenox,gen3,AncFDMO_1661_c22,F,7,F7,0.0,False
Phenox,gen3,AncFDMO_1601_c25,F,8,F8,0.002405075783171442,True
Phenox,gen3,AncFDMO_2226_c30,F,9,F9,0.0,False
Phenox,gen3,AncFDMO_1401_c32,F,10,F10,0.0,False
Phenox,gen3,AncFDMO_481_c36,F,11,F11,0.0008871972271150203,True
Phenox,gen3,empty vector,F,12,F12,0.0002602587267181463,True
Phenox,gen3,AncFDMO_785_c3,F,13,F13,0.0016368655433662525,True
Phenox,gen3,AncFDMO_803_c7,F,14,F14,0.0,False
Phenox,gen3,AncFDMO_1284_c11,F,15,F15,0.0,False
Phenox,gen3,AncFDMO_1624_c14,F,16,F16,0.0,False
Phenox,gen3,AncFDMO_2130_c16,F,17,F17,0.0,False
Phenox,gen3,AncFDMO_1082_c19,F,18,F18,0.0,False
Phenox,gen3,AncFDMO_1325_c22,F,19,F19,0.0,False
Phenox,gen3,AncFDMO_1435_c25,F,20,F20,0.045312722963784205,True
Phenox,gen3,AncFDMO_1931_c30,F,21,F21,0.0,False
Phenox,gen3,AncFDMO_1213_c32,F,22,F22,0.0,False
Phenox,gen3,AncFDMO_406_c36,F,23,F23,0.0,False
Phenox,gen3,empty vector,F,24,F24,0.0,False
Phenox,gen3,AncFDMO_543_c3,F,25,F25,0.0,False
Phenox,gen3,AncFDMO_725_c7,F,26,F26,0.0004878613457352246,True
Phenox,gen3,AncFDMO_1044_c11,F,27,F27,0.00037266958282897606,True
Phenox,gen3,AncFDMO_1235_c14,F,28,F28,0.001980933856152567,True
Phenox,gen3,AncFDMO_1620_c16,F,29,F29,0.0,False
Phenox,gen3,AncFDMO_839_c19,F,30,F30,0.0005760940614186203,True
Phenox,gen3,AncFDMO_956_c22,F,31,F31,0.003107480093005361,True
Phenox,gen3,AncFDMO_1066_c25,F,32,F32,0.001557545109609702,True
Phenox,gen3,AncFDMO_1439_c30,F,33,F33,0.00032073593678625393,True
Phenox,gen3,AncFDMO_966_c32,F,34,F34,0.0,False
Phenox,gen3,AncFDMO_312_c36,F,35,F35,0.0,False
Phenox,gen3,empty vector,F,36,F36,0.0,False
Phenox,gen3,AncFDMO_985_c3,G,1,G1,0.00014768505963296935,True
Phenox,gen3,AncFDMO_1044_c7,G,2,G2,0.0,False
Phenox,gen3,AncFDMO_1696_c11,G,3,G3,0.0,False
Phenox,gen3,AncFDMO_2097_c14,G,4,G4,0.000733754624805209,True
Phenox,gen3,AncFDMO_2839_c16,G,5,G5,0.0,False
Phenox,gen3,AncFDMO_1642_c20,G,6,G6,0.0033421001743353437,True
Phenox,gen3,AncFDMO_1734_c22,G,7,G7,0.0,False
Phenox,gen3,AncFDMO_1039_c26,G,8,G8,0.0,False
Phenox,gen3,AncFDMO_2311_c30,G,9,G9,2.933695326960953e-05,True
Phenox,gen3,AncFDMO_509_c33,G,10,G10,0.0,False
Phenox,gen3,AncFDMO_545_c37,G,11,G11,0.0,False
Phenox,gen3,NEC,G,12,G12,0.0,False
Phenox,gen3,AncFDMO_807_c3,G,13,G13,0.008493336519216335,True
Phenox,gen3,AncFDMO_858_c7,G,14,G14,0.00245621174429566,True
Phenox,gen3,AncFDMO_1384_c11,G,15,G15,0.004732251894647526,True
Phenox,gen3,AncFDMO_1705_c14,G,16,G16,0.0,False
Phenox,gen3,AncFDMO_2234_c16,G,17,G17,0.0015733291839468383,True
Phenox,gen3,AncFDMO_1113_c19,G,18,G18,0.003889756229025904,True
Phenox,gen3,AncFDMO_1475_c22,G,19,G19,0.0029541970295670844,True
Phenox,gen3,AncFDMO_833_c26,G,20,G20,0.0022556618566249784,True
Phenox,gen3,AncFDMO_2030_c30,G,21,G21,0.002534156328107489,True
Phenox,gen3,AncFDMO_408_c33,G,22,G22,0.0,False
Phenox,gen3,AncFDMO_428_c37,G,23,G23,0.00292460283449636,True
Phenox,gen3,NEC,G,24,G24,0.0013309535256564883,True
Phenox,gen3,AncFDMO_706_c3,G,25,G25,0.0035755375747149585,True
Phenox,gen3,AncFDMO_761_c7,G,26,G26,0.0009356512178851,True
Phenox,gen3,AncFDMO_1096_c11,G,27,G27,0.0,False
Phenox,gen3,AncFDMO_1327_c14,G,28,G28,0.0,False
Phenox,gen3,AncFDMO_1731_c16,G,29,G29,0.0,False
Phenox,gen3,AncFDMO_913_c19,G,30,G30,0.0014001319497804403,True
Phenox,gen3,AncFDMO_1072_c22,G,31,G31,0.0,False
Phenox,gen3,AncFDMO_596_c26,G,32,G32,0.0024066490134794566,True
Phenox,gen3,AncFDMO_1663_c30,G,33,G33,0.0,False
Phenox,gen3,AncFDMO_325_c33,G,34,G34,0.0001310393156271662,True
Phenox,gen3,AncFDMO_325_c37,G,35,G35,0.0,False
Phenox,gen3,NEC,G,36,G36,0.0,False
Phenox,gen3,AncFDMO_353_c4,H,1,H1,0.000531625680646191,True
Phenox,gen3,AncFDMO_1162_c7,H,2,H2,0.002244471238217365,True
Phenox,gen3,AncFDMO_1741_c11,H,3,H3,0.002719313647075925,True
Phenox,gen3,AncFDMO_2205_c14,H,4,H4,0.002663750759252204,True
Phenox,gen3,AncFDMO_2987_c16,H,5,H5,0.002000887717361246,True
Phenox,gen3,AncFDMO_1716_c20,H,6,H6,0.0006005355434081755,True
Phenox,gen3,AncFDMO_498_c23,H,7,H7,0.003908660961536754,True
Phenox,gen3,AncFDMO_1133_c26,H,8,H8,0.0003853530761182109,True
Phenox,gen3,AncFDMO_2459_c30,H,9,H9,0.00048645150985418296,True
Phenox,gen3,AncFDMO_585_c33,H,10,H10,0.00023708809655428656,True
Phenox,gen3,AncFDMO_609_c37,H,11,H11,0.0008897961106694432,True
Phenox,gen3,NEC,H,12,H12,0.0,False
Phenox,gen3,AncFDMO_251_c4,H,13,H13,0.0,False
Phenox,gen3,AncFDMO_937_c7,H,14,H14,0.0,False
Phenox,gen3,AncFDMO_1484_c11,H,15,H15,0.0003865587618279124,True
Phenox,gen3,AncFDMO_1878_c14,H,16,H16,0.003763652379712991,True
Phenox,gen3,AncFDMO_2373_c16,H,17,H17,0.0004474116342499467,True
Phenox,gen3,AncFDMO_1302_c20,H,18,H18,0.0,False
Phenox,gen3,AncFDMO_1520_c22,H,19,H19,0.0,False
Phenox,gen3,AncFDMO_984_c26,H,20,H20,0.0007427481186811567,True
Phenox,gen3,AncFDMO_2130_c30,H,21,H21,0.0,False
Phenox,gen3,AncFDMO_490_c33,H,22,H22,0.0008186072658051589,True
Phenox,gen3,AncFDMO_486_c37,H,23,H23,0.0037658388210529037,True
Phenox,gen3,NEC,H,24,H24,0.0,False
Phenox,gen3,AncFDMO_196_c4,H,25,H25,0.002546218319779258,True
Phenox,gen3,AncFDMO_777_c7,H,26,H26,0.0011480615262322244,True
Phenox,gen3,AncFDMO_1168_c11,H,27,H27,0.002660370259881821,True
Phenox,gen3,AncFDMO_1415_c14,H,28,H28,0.0022364132775808147,True
Phenox,gen3,AncFDMO_1877_c16,H,29,H29,0.0141590432667558,True
Phenox,gen3,AncFDMO_950_c20,H,30,H30,0.003108019720735141,True
Phenox,gen3,AncFDMO_1258_c22,H,31,H31,0.0,False
Phenox,gen3,AncFDMO_738_c26,H,32,H32,0.0,False
Phenox,gen3,AncFDMO_1730_c30,H,33,H33,0.0,False
Phenox,gen3,AncFDMO_347_c33,H,34,H34,0.0,False
Phenox,gen3,AncFDMO_388_c37,H,35,H35,0.0,False
Phenox,gen3,NEC,H,36,H36,0.0,False
Phenox,gen2,Anc321,A,1,A1,0.004347910775017592,True
Phenox,gen2,Anc322,A,2,A2,0.006816828537751107,True
Phenox,gen2,Anc373,A,3,A3,0.0019934506056169562,True
Phenox,gen2,Anc416,A,4,A4,0.002911162703948033,True
Phenox,gen2,A0A0L0NHZ5,A,5,A5,0.001911738542039755,True
Phenox,gen2,I1S0U1,A,6,A6,0.003181719830083811,True
Phenox,gen2,A0A317WVG8,A,7,A7,0.002222974479060004,True
Phenox,gen2,Q1DDU6,A,8,A8,0.0016008843432226832,True
Phenox,gen2,A0A430HSE9,A,9,A9,0.0021675549936255685,True
Phenox,gen2,A0A0F8U263,A,10,A10,0.0013562510945657443,True
Phenox,gen2,B6K5M4,A,11,A11,0.0016493196421019725,True
Phenox,gen2,A0A2I6PIZ8,A,12,A12,0.00047739044535961107,True
Phenox,gen2,Anc333,B,1,B1,0.0005207380821882246,True
Phenox,gen2,Anc322a,B,2,B2,0.003086687422023168,True
Phenox,gen2,Anc373a,B,3,B3,0.003009947733972537,True
Phenox,gen2,Anc416a,B,4,B4,0.0018415215278391132,True
Phenox,gen2,A7UX11,B,5,B5,0.0036782463970632586,True
Phenox,gen2,A0A0F7ZML0,B,6,B6,0.0021716186438915843,True
Phenox,gen2,J4VWM7,B,7,B7,0.0018680281796456468,True
Phenox,gen2,A8LVF4,B,8,B8,0.004548304608619155,True
Phenox,gen2,A0A0S4NSV0,B,9,B9,0.0019802815841949923,True
Phenox,gen2,A0A0C9V1F0,B,10,B10,0.0032561827197364504,True
Phenox,gen2,S9VNB0,B,11,B11,0.003508602918903283,True
Phenox,gen2,A0A1D8G3K4,B,12,B12,0.002424118871194428,True
Phenox,gen2,Anc369a,C,1,C1,0.0015054673959327904,True
Phenox,gen2,Anc366,C,2,C2,0.003414503615369625,True
Phenox,gen2,Anc374,C,3,C3,0.005122115991263892,True
Phenox,gen2,Anc457,C,4,C4,0.002015934869253974,True
Phenox,gen2,A0A1W2TF28,C,5,C5,0.0,False
Phenox,gen2,cP23262,C,6,C6,0.0024920697359450167,True
Phenox,gen2,A0A559M954,C,7,C7,0.0014347412592439666,True
Phenox,gen2,Q2GQG8,C,8,C8,0.004734802838380088,True
Phenox,gen2,Q4WLW7,C,9,C9,0.0020628780628424025,True
Phenox,gen2,J3KA16,C,10,C10,0.0017987015276144055,True
Phenox,gen2,Q9Y7Z9,C,11,C11,0.0029021871451149353,True
Phenox,gen2,C5FM59,C,12,C12,0.0008213310272238594,True
Phenox,gen2,Anc382,D,1,D1,0.005585336640974954,True
Phenox,gen2,Anc366a,D,2,D2,0.003914571540359024,True
Phenox,gen2,Anc374a,D,3,D3,0.002567456097151937,True
Phenox,gen2,Anc457a,D,4,D4,0.0036445128563908553,True
Phenox,gen2,A0A2J6S3A7,D,5,D5,0.002155944651310123,True
Phenox,gen2,cQ5BEJ7,D,6,D6,0.0029137997173139534,True
Phenox,gen2,A0A177BZG4,D,7,D7,0.002682723810996032,True
Phenox,gen2,G3XQJ1,D,8,D8,0.0029103621689464255,True
Phenox,gen2,A0A0K8LS04,D,9,D9,0.0027414007872990664,True
Phenox,gen2,A5ABG5,D,10,D10,0.0014712766471067136,True
Phenox,gen2,Q3S8R0,D,11,D11,0.002182825438970055,True
Phenox,gen2,E4V2N4,D,12,D12,0.005918236088031812,True
Phenox,gen2,Anc331,E,1,E1,0.005073833226346478,True
Phenox,gen2,Anc367,E,2,E2,0.004361071607076112,True
Phenox,gen2,Anc280,E,3,E3,0.0061435125928226446,True
Phenox,gen2,Anc488,E,4,E4,0.006530759839812526,True
Phenox,gen2,A0A2J6T8P1,E,5,E5,0.004316902187117511,True
Phenox,gen2,cG3XMC2,E,6,E6,0.004789031644201397,True
Phenox,gen2,P23262,E,7,E7,0.003966584376130781,True
Phenox,gen2,Q9S3U9,E,8,E8,0.00362450764873683,True
Phenox,gen2,K9G8U3,E,9,E9,0.0020573606133513157,True
Phenox,gen2,V5FKW7,E,10,E10,0.0021904389843410968,True
Phenox,gen2,A0A370B0Q9,E,11,E11,0.00166363175793267,True
Phenox,gen2,F2S701,E,12,E12,0.0034186992667489743,True
Phenox,gen2,Anc331a,F,1,F1,0.0,False
Phenox,gen2,Anc367a,F,2,F2,0.0,False
Phenox,gen2,Anc280a,F,3,F3,0.0074291062281517375,True
Phenox,gen2,Anc488a,F,4,F4,0.0,False
Phenox,gen2,A0A3D8QGL3,F,5,F5,0.0,False
Phenox,gen2,cB6HN76,F,6,F6,0.0,False
Phenox,gen2,Q53552,F,7,F7,0.0,False
Phenox,gen2,A0A2R2IYY2,F,8,F8,0.0019099590101300352,True
Phenox,gen2,B6HJU4,F,9,F9,0.0,False
Phenox,gen2,R7YWS5,F,10,F10,0.00019017754703244024,True
Phenox,gen2,A0A178XEJ6,F,11,F11,0.0049465058352057755,True
Phenox,gen2,KPJ13581_1,F,12,F12,0.0022659819697134764,True
Phenox,gen2,Anc332,G,1,G1,0.002952958419980068,True
Phenox,gen2,Anc368,G,2,G2,0.0026930132725694494,True
Phenox,gen2,Anc412,G,3,G3,0.0030315219044039247,True
Phenox,gen2,A0A101MPG3,G,4,G4,0.0055630185054410175,True
Phenox,gen2,E3RKN0,G,5,G5,0.003227778461518104,True
Phenox,gen2,cQ0CJ62,G,6,G6,0.0011576462140803325,True
Phenox,gen2,A0A239M104,G,7,G7,0.00283370159833091,True
Phenox,gen2,A0A4R7BCP1,G,8,G8,0.0009230621728458234,True
Phenox,gen2,S8AW72,G,9,G9,0.002621140474749187,True
Phenox,gen2,S3CM43,G,10,G10,0.0025951037781849085,True
Phenox,gen2,E1ACP7,G,11,G11,0.00164708237819189,True
Phenox,gen2,Q5ATK1,G,12,G12,0.005217703377214646,True
Phenox,gen2,Anc332a,H,1,H1,0.0015388025065415484,True
Phenox,gen2,Anc368a,H,2,H2,0.003362173019994206,True
Phenox,gen2,Anc412a,H,3,H3,0.0008186560577931099,True
Phenox,gen2,A0A4Q7JZ50,H,4,H4,0.0026423867753184475,True
Phenox,gen2,Q0CJ62,H,5,H5,0.0015899705512823139,True
Phenox,gen2,A0A1R3RGJ2,H,6,H6,0.0036373009510071654,True
Phenox,gen2,Q84HF5,H,7,H7,0.0022456357022841954,True
Phenox,gen2,C7EDM6,H,8,H8,0.0037651669890250232,True
Phenox,gen2,A0A135LJG1,H,9,H9,0.00247061127425167,True
Phenox,gen2,A0A0B4HMN8,H,10,H10,0.002024032328066711,True
Phenox,gen2,E1ACQ4,H,11,H11,0.0010499314478471821,True
Phenox,gen2,Empty pMCSG7,H,12,H12,0.0,False
Phenox,gen1,Anc 305,A,1,A1,0.003361657489801031,True
Phenox,gen1,Anc 305a,A,2,A2,0.0016110746434279714,True
Phenox,gen1,Anc 306,A,3,A3,0.0033765514283449313,True
Phenox,gen1,Anc 306a,A,4,A4,9.108015574769111e-05,True
Phenox,gen1,Anc 311C,A,5,A5,0.0015804913500748886,True
Phenox,gen1,Anc 311a,A,6,A6,0.0005950894387763311,True
Phenox,gen1,Anc 312,A,7,A7,0.0024887620223849895,True
Phenox,gen1,Anc 312a,A,8,A8,0.0,False
Phenox,gen1,Anc 321,A,9,A9,0.0,False
Phenox,gen1,Anc 321a,A,10,A10,0.0,False
Phenox,gen1,Anc 333,A,11,A11,0.0,False
Phenox,gen1,Anc 333a,A,12,A12,0.0,False
Phenox,gen1,Anc 334,B,1,B1,0.0008730208668468203,True
Phenox,gen1,Anc 334a,B,2,B2,0.0,False
Phenox,gen1,Anc 335,B,3,B3,0.0,False
Phenox,gen1,Anc 335a,B,4,B4,0.0035370911424523273,True
Phenox,gen1,Anc 346,B,5,B5,0.00016375338122143454,True
Phenox,gen1,Anc 346a,B,6,B6,7.873290590122486e-05,True
Phenox,gen1,Anc 354,B,7,B7,0.0,False
Phenox,gen1,Anc 354a,B,8,B8,0.0016255013625129577,True
Phenox,gen1,Anc 369,B,9,B9,0.00503398729515736,True
Phenox,gen1,Anc 369a,B,10,B10,0.003037560684272861,True
Phenox,gen1,Anc 370,B,11,B11,0.0018348608685866243,True
Phenox,gen1,Anc 370a,B,12,B12,0.004141017710604695,True
Phenox,gen1,Anc 371,C,1,C1,0.0021617492265789376,True
Phenox,gen1,Anc 371a,C,2,C2,0.002790340858653891,True
Phenox,gen1,Anc 382,C,3,C3,0.0035993522639334776,True
Phenox,gen1,Anc 382a,C,4,C4,0.0006275560098389606,True
Phenox,gen1,Anc 304,C,5,C5,0.0,False
Phenox,gen1,Anc 304a,C,6,C6,0.0,False
Phenox,gen1,Anc 400,C,7,C7,0.0001625378864451777,True
Phenox,gen1,Anc 400a,C,8,C8,0.0006890507459485054,True
Phenox,gen1,Anc 401,C,9,C9,0.0,False
Phenox,gen1,Anc 401a,C,10,C10,0.0,False
Phenox,gen1,Anc 468,C,11,C11,0.0,False
Phenox,gen1,Anc 468a,C,12,C12,0.0,False
Phenox,gen1,Anc 284,D,1,D1,0.009206139338842513,True
Phenox,gen1,Anc 284a,D,2,D2,0.009748186700222589,True
Phenox,gen1,49_Clade,D,3,D3,0.01033296655738407,True
Phenox,gen1,50_Clade,D,4,D4,0.0030033137966007876,True
Phenox,gen1,51_Clade,D,5,D5,0.006571035105173255,True
Phenox,gen1,52_Clade,D,6,D6,0.0,False
Phenox,gen1,53_Clade,D,7,D7,0.0014374811052057543,True
Phenox,gen1,54_Clade,D,8,D8,0.0,False
Phenox,gen1,55_Clade,D,9,D9,0.0001530571719176846,True
Phenox,gen1,56_Clade,D,10,D10,0.0,False
Phenox,gen1,57_Clade,D,11,D11,0.0021070678382358516,True
Phenox,gen1,58_Clade,D,12,D12,0.0,False
Phenox,gen1,59_Clade,E,1,E1,0.006852768132484601,True
Phenox,gen1,60_Clade,E,2,E2,0.004103281344121975,True
Phenox,gen1,61_Clade,E,3,E3,0.0027385257320875164,True
Phenox,gen1,62_Clade,E,4,E4,0.0038437531324260472,True
Phenox,gen1,63_Clade,E,5,E5,0.0019058768402871122,True
Phenox,gen1,64_Clade,E,6,E6,0.0027179537493110077,True
Phenox,gen1,65_Clade,E,7,E7,0.002788713323295418,True
Phenox,gen1,66_Clade,E,8,E8,0.000677014096425264,True
Phenox,gen1,67_Clade,E,9,E9,0.0,False
Phenox,gen1,68_Func.,E,10,E10,0.0,False
Phenox,gen1,69_Func.,E,11,E11,0.0,False
Phenox,gen1,70_Func.,E,12,E12,0.0,False
Phenox,gen1,71_Func.,F,1,F1,0.00014896928647316153,True
Phenox,gen1,72_Func.,F,2,F2,0.0,False
Phenox,gen1,73_Func.,F,3,F3,0.00021353296216284164,True
Phenox,gen1,74_Func.,F,4,F4,0.0007295142029205104,True
Phenox,gen1,81_Func.,F,5,F5,0.0,False
Phenox,gen1,82_Func.,F,6,F6,0.0,False
Phenox,gen1,83_Func.,F,7,F7,0.0,False
Phenox,gen1,84_Func.,F,8,F8,0.0,False
Phenox,gen1,85_Func.,F,9,F9,0.0,False
Phenox,gen1,86_hypo.,F,10,F10,0.0,False
Phenox,gen1,87_hypo.,F,11,F11,0.0,False
Phenox,gen1,88_hypo.,F,12,F12,0.0,False
Phenox,gen1,89_hypo.,G,1,G1,0.008261707303028462,True
Phenox,gen1,90_hypo.,G,2,G2,0.007855225360520215,True
Phenox,gen1,91_hypo.,G,3,G3,0.007001768387132779,True
Phenox,gen1,92_hypo.,G,4,G4,0.0048037385488375476,True
Phenox,gen1,93_hypo.,G,5,G5,0.00579812775517696,True
Phenox,gen1,94_hypo.,G,6,G6,0.002972170555651383,True
Phenox,gen1,95_hypo.,G,7,G7,0.001526289556421668,True
Phenox,gen1,96_hypo.,G,8,G8,0.0024420030327095346,True
Phenox,gen1,97_hypo.,G,9,G9,0.0,False
Phenox,gen1,98_hypo.,G,10,G10,0.0,False
Phenox,gen1,99_hypo.,G,11,G11,0.0,False
Phenox,gen1,100_hypo.,G,12,G12,0.0,False
Phenox,gen1,101_hypo.,H,1,H1,0.006394749821575741,True
Phenox,gen1,102_hypo.,H,2,H2,0.0,False
Phenox,gen1,103_hypo.,H,3,H3,0.0033067847944566967,True
Phenox,gen1,104_hypo.,H,4,H4,0.0022794972879533687,True
Phenox,gen1,105_hypo.,H,5,H5,0.0027897012728272438,True
Phenox,gen1,AfoD,H,6,H6,9.314308730725473e-05,True
Phenox,gen1,AzaH,H,7,H7,0.0013039877564957293,True
Phenox,gen1,TropB,H,8,H8,0.001331984432392137,True
Phenox,gen1,Blk,H,9,H9,0.001981792549321821,True
Phenox,gen1,Blk,H,10,H10,0.0,False
Phenox,gen1,Blk,H,11,H11,0.0,False
Phenox,gen1,Blk,H,12,H12,0.0,False
p-OH-benzaldehyde,gen3,AncFDMO_791_c1,A,1,A1,0.0,False
p-OH-benzaldehyde,gen3,AncFDMO_1818_c5,A,2,A2,0.0,False
p-OH-benzaldehyde,gen3,AncFDMO_162_c8,A,3,A3,0.0,False
p-OH-benzaldehyde,gen3,AncFDMO_1809_c11,A,4,A4,0.0,False
p-OH-benzaldehyde,gen3,AncFDMO_2310_c14,A,5,A5,0.0,False
p-OH-benzaldehyde,gen3,AncFDMO_1370_c18,A,6,A6,0.0,False
p-OH-benzaldehyde,gen3,AncFDMO_1795_c20,A,7,A7,0.0,False
p-OH-benzaldehyde,gen3,AncFDMO_1317_c24,A,8,A8,0.0,False
p-OH-benzaldehyde,gen3,AncFDMO_1758_c27,A,9,A9,0.0,False
p-OH-benzaldehyde,gen3,AncFDMO_1550_c31,A,10,A10,0.0,False
p-OH-benzaldehyde,gen3,AncFDMO_205_c34,A,11,A11,0.0,False
p-OH-benzaldehyde,gen3,AncFDMO_240_c38,A,12,A12,0.0,False
p-OH-benzaldehyde,gen3,AncFDMO_687_c1,A,13,A13,0.0,False
p-OH-benzaldehyde,gen3,AncFDMO_1491_c5,A,14,A14,0.0,False
p-OH-benzaldehyde,gen3,AncFDMO_747_c9,A,15,A15,0.0,False
p-OH-benzaldehyde,gen3,AncFDMO_521_c12,A,16,A16,0.0,False
p-OH-benzaldehyde,gen3,AncFDMO_1964_c14,A,17,A17,0.0,False
p-OH-benzaldehyde,gen3,AncFDMO_2494_c16,A,18,A18,0.0,False
p-OH-benzaldehyde,gen3,AncFDMO_1443_c20,A,19,A19,0.0,False
p-OH-benzaldehyde,gen3,AncFDMO_1000_c24,A,20,A20,0.0,False
p-OH-benzaldehyde,gen3,AncFDMO_1482_c27,A,21,A21,0.0,False
p-OH-benzaldehyde,gen3,AncFDMO_1139_c31,A,22,A22,0.0,False
p-OH-benzaldehyde,gen3,AncFDMO_173_c34,A,23,A23,0.0,False
p-OH-benzaldehyde,gen3,AncFDMO_207_c38,A,24,A24,0.0,False
p-OH-benzaldehyde,gen3,AncFDMO_522_c1,A,25,A25,0.0,False
p-OH-benzaldehyde,gen3,AncFDMO_1244_c5,A,26,A26,0.0,False
p-OH-benzaldehyde,gen3,AncFDMO_555_c9,A,27,A27,0.0,False
p-OH-benzaldehyde,gen3,AncFDMO_433_c12,A,28,A28,0.04714666672285642,True
p-OH-benzaldehyde,gen3,AncFDMO_1536_c14,A,29,A29,0.061653256791993585,True
p-OH-benzaldehyde,gen3,AncFDMO_1961_c16,A,30,A30,0.0,False
p-OH-benzaldehyde,gen3,AncFDMO_1059_c20,A,31,A31,0.0,False
p-OH-benzaldehyde,gen3,AncFDMO_758_c24,A,32,A32,0.0,False
p-OH-benzaldehyde,gen3,AncFDMO_1134_c27,A,33,A33,0.0,False
p-OH-benzaldehyde,gen3,AncFDMO_917_c31,A,34,A34,0.0,False
p-OH-benzaldehyde,gen3,AncFDMO_145_c34,A,35,A35,0.0,False
p-OH-benzaldehyde,gen3,AncFDMO_188_c38,A,36,A36,0.0,False
p-OH-benzaldehyde,gen3,AncFDMO_854_c1,B,1,B1,0.0,False
p-OH-benzaldehyde,gen3,AncFDMO_2026_c5,B,2,B2,0.0,False
p-OH-benzaldehyde,gen3,AncFDMO_941_c9,B,3,B3,0.0,False
p-OH-benzaldehyde,gen3,AncFDMO_682_c12,B,4,B4,0.0,False
p-OH-benzaldehyde,gen3,AncFDMO_1846_c15,B,5,B5,0.0,False
p-OH-benzaldehyde,gen3,AncFDMO_1469_c18,B,6,B6,0.0,False
p-OH-benzaldehyde,gen3,AncFDMO_1251_c21,B,7,B7,0.0,False
p-OH-benzaldehyde,gen3,AncFDMO_1366_c24,B,8,B8,0.0,False
p-OH-benzaldehyde,gen3,AncFDMO_1860_c27,B,9,B9,0.0,False
p-OH-benzaldehyde,gen3,AncFDMO_1621_c31,B,10,B10,0.0,False
p-OH-benzaldehyde,gen3,AncFDMO_1362_c35,B,11,B11,0.0,False
p-OH-benzaldehyde,gen3,AncFDMO_1888_c39,B,12,B12,0.0,False
p-OH-benzaldehyde,gen3,AncFDMO_698_c1,B,13,B13,0.0,False
p-OH-benzaldehyde,gen3,AncFDMO_1629_c5,B,14,B14,0.0,False
p-OH-benzaldehyde,gen3,AncFDMO_867_c9,B,15,B15,0.0,False
p-OH-benzaldehyde,gen3,AncFDMO_630_c12,B,16,B16,0.0,False
p-OH-benzaldehyde,gen3,AncFDMO_1497_c15,B,17,B17,0.010266688487312582,True
p-OH-benzaldehyde,gen3,AncFDMO_1191_c18,B,18,B18,0.0,False
p-OH-benzaldehyde,gen3,AncFDMO_1566_c20,B,19,B19,0.0,False
p-OH-benzaldehyde,gen3,AncFDMO_1084_c24,B,20,B20,0.0,False
p-OH-benzaldehyde,gen3,AncFDMO_1605_c27,B,21,B21,0.0,False
p-OH-benzaldehyde,gen3,AncFDMO_1253_c31,B,22,B22,0.0,False
p-OH-benzaldehyde,gen3,AncFDMO_1086_c35,B,23,B23,0.0,False
p-OH-benzaldehyde,gen3,AncFDMO_1493_c39,B,24,B24,0.0,False
p-OH-benzaldehyde,gen3,AncFDMO_579_c1,B,25,B25,0.0,False
p-OH-benzaldehyde,gen3,AncFDMO_1284_c5,B,26,B26,0.0,False
p-OH-benzaldehyde,gen3,AncFDMO_635_c9,B,27,B27,0.0,False
p-OH-benzaldehyde,gen3,AncFDMO_490_c12,B,28,B28,0.0,False
p-OH-benzaldehyde,gen3,AncFDMO_1280_c15,B,29,B29,0.0,False
p-OH-benzaldehyde,gen3,AncFDMO_852_c18,B,30,B30,0.0,False
p-OH-benzaldehyde,gen3,AncFDMO_1183_c20,B,31,B31,0.0,False
p-OH-benzaldehyde,gen3,AncFDMO_866_c24,B,32,B32,0.0,False
p-OH-benzaldehyde,gen3,AncFDMO_1243_c27,B,33,B33,0.0,False
p-OH-benzaldehyde,gen3,AncFDMO_1036_c31,B,34,B34,0.0,False
p-OH-benzaldehyde,gen3,AncFDMO_905_c35,B,35,B35,0.0,False
p-OH-benzaldehyde,gen3,AncFDMO_1102_c39,B,36,B36,0.0,False
p-OH-benzaldehyde,gen3,AncFDMO_1334_c2,C,1,C1,0.0,False
p-OH-benzaldehyde,gen3,AncFDMO_2119_c5,C,2,C2,0.0,False
p-OH-benzaldehyde,gen3,AncFDMO_1026_c9,C,3,C3,0.0,False
p-OH-benzaldehyde,gen3,AncFDMO_743_c12,C,4,C4,0.0,False
p-OH-benzaldehyde,gen3,AncFDMO_2049_c15,C,5,C5,0.0,False
p-OH-benzaldehyde,gen3,AncFDMO_1496_c18,C,6,C6,0.0,False
p-OH-benzaldehyde,gen3,AncFDMO_1325_c21,C,7,C7,0.0,False
p-OH-benzaldehyde,gen3,AncFDMO_1439_c24,C,8,C8,0.0,False
p-OH-benzaldehyde,gen3,AncFDMO_2097_c27,C,9,C9,0.0,False
p-OH-benzaldehyde,gen3,AncFDMO_1692_c31,C,10,C10,0.0,False
p-OH-benzaldehyde,gen3,AncFDMO_1539_c35,C,11,C11,0.0,False
p-OH-benzaldehyde,gen3,AncFDMO_1929_c39,C,12,C12,0.0,False
p-OH-benzaldehyde,gen3,AncFDMO_921_c2,C,13,C13,0.0,False
p-OH-benzaldehyde,gen3,AncFDMO_1732_c5,C,14,C14,0.0,False
p-OH-benzaldehyde,gen3,AncFDMO_1397_c10,C,15,C15,0.0,False
p-OH-benzaldehyde,gen3,AncFDMO_1013_c13,C,16,C16,0.0,False
p-OH-benzaldehyde,gen3,AncFDMO_1553_c15,C,17,C17,0.0,False
p-OH-benzaldehyde,gen3,AncFDMO_1270_c18,C,18,C18,0.0,False
p-OH-benzaldehyde,gen3,AncFDMO_1074_c21,C,19,C19,0.0,False
p-OH-benzaldehyde,gen3,AncFDMO_1274_c24,C,20,C20,0.0,False
p-OH-benzaldehyde,gen3,AncFDMO_1731_c27,C,21,C21,0.0,False
p-OH-benzaldehyde,gen3,AncFDMO_1397_c31,C,22,C22,0.0,False
p-OH-benzaldehyde,gen3,AncFDMO_1221_c35,C,23,C23,0.0,False
p-OH-benzaldehyde,gen3,AncFDMO_1641_c39,C,24,C24,0.0,False
p-OH-benzaldehyde,gen3,AncFDMO_761_c2,C,25,C25,0.0,False
p-OH-benzaldehyde,gen3,AncFDMO_1358_c5,C,26,C26,0.0,False
p-OH-benzaldehyde,gen3,AncFDMO_1008_c10,C,27,C27,0.0,False
p-OH-benzaldehyde,gen3,AncFDMO_808_c13,C,28,C28,0.0,False
p-OH-benzaldehyde,gen3,AncFDMO_1385_c15,C,29,C29,0.0,False
p-OH-benzaldehyde,gen3,AncFDMO_883_c18,C,30,C30,0.0,False
p-OH-benzaldehyde,gen3,AncFDMO_782_c21,C,31,C31,0.0,False
p-OH-benzaldehyde,gen3,AncFDMO_968_c24,C,32,C32,0.0,False
p-OH-benzaldehyde,gen3,AncFDMO_1312_c27,C,33,C33,0.0,False
p-OH-benzaldehyde,gen3,AncFDMO_1105_c31,C,34,C34,0.0,False
p-OH-benzaldehyde,gen3,AncFDMO_1014_c35,C,35,C35,0.0,False
p-OH-benzaldehyde,gen3,AncFDMO_1281_c39,C,36,C36,0.0,False
p-OH-benzaldehyde,gen3,AncFDMO_1382_c2,D,1,D1,0.0,False
p-OH-benzaldehyde,gen3,AncFDMO_701_c6,D,2,D2,0.0,False
p-OH-benzaldehyde,gen3,AncFDMO_1785_c10,D,3,D3,0.0,False
p-OH-benzaldehyde,gen3,AncFDMO_1354_c13,D,4,D4,0.0,False
p-OH-benzaldehyde,gen3,AncFDMO_2131_c15,D,5,D5,0.0,False
p-OH-benzaldehyde,gen3,AncFDMO_1170_c19,D,6,D6,0.0,False
p-OH-benzaldehyde,gen3,AncFDMO_1407_c21,D,7,D7,0.0,False
p-OH-benzaldehyde,gen3,AncFDMO_1461_c25,D,8,D8,0.0,False
p-OH-benzaldehyde,gen3,AncFDMO_244_c28,D,9,D9,0.0,False
p-OH-benzaldehyde,gen3,AncFDMO_1259_c32,D,10,D10,0.1696178825368795,True
p-OH-benzaldehyde,gen3,AncFDMO_1603_c35,D,11,D11,0.0,False
p-OH-benzaldehyde,gen3,AncFDMO_2092_c39,D,12,D12,0.0,False
p-OH-benzaldehyde,gen3,AncFDMO_1017_c2,D,13,D13,0.0,False
p-OH-benzaldehyde,gen3,AncFDMO_559_c6,D,14,D14,0.0,False
p-OH-benzaldehyde,gen3,AncFDMO_1507_c10,D,15,D15,0.0,False
p-OH-benzaldehyde,gen3,AncFDMO_1113_c13,D,16,D16,0.0,False
p-OH-benzaldehyde,gen3,AncFDMO_1667_c15,D,17,D17,0.0,False
p-OH-benzaldehyde,gen3,AncFDMO_1338_c18,D,18,D18,0.0,False
p-OH-benzaldehyde,gen3,AncFDMO_1172_c21,D,19,D19,0.0,False
p-OH-benzaldehyde,gen3,AncFDMO_1198_c25,D,20,D20,0.0,False
p-OH-benzaldehyde,gen3,AncFDMO_224_c29,D,21,D21,0.0,False
p-OH-benzaldehyde,gen3,AncFDMO_993_c32,D,22,D22,0.0,False
p-OH-benzaldehyde,gen3,AncFDMO_1319_c35,D,23,D23,0.0,False
p-OH-benzaldehyde,gen3,AncFDMO_1734_c39,D,24,D24,0.0,False
p-OH-benzaldehyde,gen3,AncFDMO_841_c2,D,25,D25,0.0,False
p-OH-benzaldehyde,gen3,AncFDMO_427_c6,D,26,D26,0.0,False
p-OH-benzaldehyde,gen3,AncFDMO_1157_c10,D,27,D27,0.0,False
p-OH-benzaldehyde,gen3,AncFDMO_868_c13,D,28,D28,0.0,False
p-OH-benzaldehyde,gen3,AncFDMO_1444_c15,D,29,D29,0.0,False
p-OH-benzaldehyde,gen3,AncFDMO_1097_c18,D,30,D30,0.0,False
p-OH-benzaldehyde,gen3,AncFDMO_848_c21,D,31,D31,0.0,False
p-OH-benzaldehyde,gen3,AncFDMO_883_c25,D,32,D32,0.0,False
p-OH-benzaldehyde,gen3,AncFDMO_205_c29,D,33,D33,0.0,False
p-OH-benzaldehyde,gen3,AncFDMO_767_c32,D,34,D34,0.0,False
p-OH-benzaldehyde,gen3,AncFDMO_1050_c35,D,35,D35,0.0,False
p-OH-benzaldehyde,gen3,AncFDMO_1389_c39,D,36,D36,0.0,False
p-OH-benzaldehyde,gen3,AncFDMO_1407_c2,E,1,E1,0.0,False
p-OH-benzaldehyde,gen3,AncFDMO_797_c6,E,2,E2,0.0,False
p-OH-benzaldehyde,gen3,AncFDMO_1853_c10,E,3,E3,0.0,False
p-OH-benzaldehyde,gen3,AncFDMO_1396_c13,E,4,E4,0.0,False
p-OH-benzaldehyde,gen3,AncFDMO_2676_c16,E,5,E5,0.0,False
p-OH-benzaldehyde,gen3,AncFDMO_1243_c19,E,6,E6,0.0,False
p-OH-benzaldehyde,gen3,AncFDMO_1643_c22,E,7,E7,0.0,False
p-OH-benzaldehyde,gen3,AncFDMO_1540_c25,E,8,E8,0.0,False
p-OH-benzaldehyde,gen3,AncFDMO_301_c29,E,9,E9,0.0,False
p-OH-benzaldehyde,gen3,AncFDMO_1310_c32,E,10,E10,0.0,False
p-OH-benzaldehyde,gen3,AncFDMO_422_c36,E,11,E11,0.0,False
p-OH-benzaldehyde,gen3,empty vector,E,12,E12,0.0,False
p-OH-benzaldehyde,gen3,AncFDMO_1223_c2,E,13,E13,0.0,False
p-OH-benzaldehyde,gen3,AncFDMO_616_c6,E,14,E14,0.0,False
p-OH-benzaldehyde,gen3,AncFDMO_1709_c10,E,15,E15,0.0,False
p-OH-benzaldehyde,gen3,AncFDMO_1261_c13,E,16,E16,0.0,False
p-OH-benzaldehyde,gen3,AncFDMO_1771_c15,E,17,E17,0.0,False
p-OH-benzaldehyde,gen3,AncFDMO_971_c19,E,18,E18,0.0,False
p-OH-benzaldehyde,gen3,AncFDMO_1212_c21,E,19,E19,0.0,False
p-OH-benzaldehyde,gen3,AncFDMO_1213_c25,E,20,E20,0.0,False
p-OH-benzaldehyde,gen3,AncFDMO_1771_c30,E,21,E21,0.0,False
p-OH-benzaldehyde,gen3,AncFDMO_1123_c32,E,22,E22,0.0,False
p-OH-benzaldehyde,gen3,AncFDMO_370_c36,E,23,E23,0.0,False
p-OH-benzaldehyde,gen3,empty vector,E,24,E24,0.0,False
p-OH-benzaldehyde,gen3,AncFDMO_888_c2,E,25,E25,0.0,False
p-OH-benzaldehyde,gen3,AncFDMO_505_c6,E,26,E26,0.0,False
p-OH-benzaldehyde,gen3,AncFDMO_1281_c10,E,27,E27,0.0,False
p-OH-benzaldehyde,gen3,AncFDMO_932_c13,E,28,E28,0.0,False
p-OH-benzaldehyde,gen3,AncFDMO_1459_c15,E,29,E29,0.07975112536968232,True
p-OH-benzaldehyde,gen3,AncFDMO_754_c19,E,30,E30,0.0,False
p-OH-benzaldehyde,gen3,AncFDMO_900_c21,E,31,E31,0.0,False
p-OH-benzaldehyde,gen3,AncFDMO_984_c25,E,32,E32,0.0,False
p-OH-benzaldehyde,gen3,AncFDMO_1278_c30,E,33,E33,0.04963080658077763,True
p-OH-benzaldehyde,gen3,AncFDMO_871_c32,E,34,E34,0.13646910400735263,True
p-OH-benzaldehyde,gen3,AncFDMO_284_c36,E,35,E35,0.0,False
p-OH-benzaldehyde,gen3,empty vector,E,36,E36,0.0,False
p-OH-benzaldehyde,gen3,AncFDMO_924_c3,F,1,F1,0.0,False
p-OH-benzaldehyde,gen3,AncFDMO_967_c7,F,2,F2,0.0,False
p-OH-benzaldehyde,gen3,AncFDMO_1896_c10,F,3,F3,0.0,False
p-OH-benzaldehyde,gen3,AncFDMO_1470_c13,F,4,F4,0.0,False
p-OH-benzaldehyde,gen3,AncFDMO_2796_c16,F,5,F5,0.0,False
p-OH-benzaldehyde,gen3,AncFDMO_1320_c19,F,6,F6,0.0,False
p-OH-benzaldehyde,gen3,AncFDMO_1661_c22,F,7,F7,0.0,False
p-OH-benzaldehyde,gen3,AncFDMO_1601_c25,F,8,F8,0.0,False
p-OH-benzaldehyde,gen3,AncFDMO_2226_c30,F,9,F9,0.0,False
p-OH-benzaldehyde,gen3,AncFDMO_1401_c32,F,10,F10,0.0,False
p-OH-benzaldehyde,gen3,AncFDMO_481_c36,F,11,F11,0.0,False
p-OH-benzaldehyde,gen3,empty vector,F,12,F12,0.0,False
p-OH-benzaldehyde,gen3,AncFDMO_785_c3,F,13,F13,0.0,False
p-OH-benzaldehyde,gen3,AncFDMO_803_c7,F,14,F14,0.0,False
p-OH-benzaldehyde,gen3,AncFDMO_1284_c11,F,15,F15,0.0,False
p-OH-benzaldehyde,gen3,AncFDMO_1624_c14,F,16,F16,0.0,False
p-OH-benzaldehyde,gen3,AncFDMO_2130_c16,F,17,F17,0.0,False
p-OH-benzaldehyde,gen3,AncFDMO_1082_c19,F,18,F18,0.0,False
p-OH-benzaldehyde,gen3,AncFDMO_1325_c22,F,19,F19,0.0,False
p-OH-benzaldehyde,gen3,AncFDMO_1435_c25,F,20,F20,0.07710431302331386,True
p-OH-benzaldehyde,gen3,AncFDMO_1931_c30,F,21,F21,0.0,False
p-OH-benzaldehyde,gen3,AncFDMO_1213_c32,F,22,F22,0.08566557932945042,True
p-OH-benzaldehyde,gen3,AncFDMO_406_c36,F,23,F23,0.0,False
p-OH-benzaldehyde,gen3,empty vector,F,24,F24,0.0,False
p-OH-benzaldehyde,gen3,AncFDMO_543_c3,F,25,F25,0.0,False
p-OH-benzaldehyde,gen3,AncFDMO_725_c7,F,26,F26,0.0,False
p-OH-benzaldehyde,gen3,AncFDMO_1044_c11,F,27,F27,0.0,False
p-OH-benzaldehyde,gen3,AncFDMO_1235_c14,F,28,F28,0.0,False
p-OH-benzaldehyde,gen3,AncFDMO_1620_c16,F,29,F29,0.0,False
p-OH-benzaldehyde,gen3,AncFDMO_839_c19,F,30,F30,0.0,False
p-OH-benzaldehyde,gen3,AncFDMO_956_c22,F,31,F31,0.0,False
p-OH-benzaldehyde,gen3,AncFDMO_1066_c25,F,32,F32,0.0,False
p-OH-benzaldehyde,gen3,AncFDMO_1439_c30,F,33,F33,0.0,False
p-OH-benzaldehyde,gen3,AncFDMO_966_c32,F,34,F34,0.0,False
p-OH-benzaldehyde,gen3,AncFDMO_312_c36,F,35,F35,0.0,False
p-OH-benzaldehyde,gen3,empty vector,F,36,F36,0.0,False
p-OH-benzaldehyde,gen3,AncFDMO_985_c3,G,1,G1,0.0,False
p-OH-benzaldehyde,gen3,AncFDMO_1044_c7,G,2,G2,0.0,False
p-OH-benzaldehyde,gen3,AncFDMO_1696_c11,G,3,G3,0.0,False
p-OH-benzaldehyde,gen3,AncFDMO_2097_c14,G,4,G4,0.0,False
p-OH-benzaldehyde,gen3,AncFDMO_2839_c16,G,5,G5,0.0,False
p-OH-benzaldehyde,gen3,AncFDMO_1642_c20,G,6,G6,0.0,False
p-OH-benzaldehyde,gen3,AncFDMO_1734_c22,G,7,G7,0.0,False
p-OH-benzaldehyde,gen3,AncFDMO_1039_c26,G,8,G8,0.3927321175220915,True
p-OH-benzaldehyde,gen3,AncFDMO_2311_c30,G,9,G9,0.0,False
p-OH-benzaldehyde,gen3,AncFDMO_509_c33,G,10,G10,0.0,False
p-OH-benzaldehyde,gen3,AncFDMO_545_c37,G,11,G11,0.0,False
p-OH-benzaldehyde,gen3,NEC,G,12,G12,0.0,False
p-OH-benzaldehyde,gen3,AncFDMO_807_c3,G,13,G13,0.0,False
p-OH-benzaldehyde,gen3,AncFDMO_858_c7,G,14,G14,0.0,False
p-OH-benzaldehyde,gen3,AncFDMO_1384_c11,G,15,G15,0.0,False
p-OH-benzaldehyde,gen3,AncFDMO_1705_c14,G,16,G16,0.013300167279226983,True
p-OH-benzaldehyde,gen3,AncFDMO_2234_c16,G,17,G17,0.0,False
p-OH-benzaldehyde,gen3,AncFDMO_1113_c19,G,18,G18,0.0,False
p-OH-benzaldehyde,gen3,AncFDMO_1475_c22,G,19,G19,0.0,False
p-OH-benzaldehyde,gen3,AncFDMO_833_c26,G,20,G20,0.0,False
p-OH-benzaldehyde,gen3,AncFDMO_2030_c30,G,21,G21,0.029004773118146403,True
p-OH-benzaldehyde,gen3,AncFDMO_408_c33,G,22,G22,0.0,False
p-OH-benzaldehyde,gen3,AncFDMO_428_c37,G,23,G23,0.0,False
p-OH-benzaldehyde,gen3,NEC,G,24,G24,0.0,False
p-OH-benzaldehyde,gen3,AncFDMO_706_c3,G,25,G25,0.0,False
p-OH-benzaldehyde,gen3,AncFDMO_761_c7,G,26,G26,0.0,False
p-OH-benzaldehyde,gen3,AncFDMO_1096_c11,G,27,G27,0.0,False
p-OH-benzaldehyde,gen3,AncFDMO_1327_c14,G,28,G28,0.0,False
p-OH-benzaldehyde,gen3,AncFDMO_1731_c16,G,29,G29,0.0,False
p-OH-benzaldehyde,gen3,AncFDMO_913_c19,G,30,G30,0.0,False
p-OH-benzaldehyde,gen3,AncFDMO_1072_c22,G,31,G31,0.0,False
p-OH-benzaldehyde,gen3,AncFDMO_596_c26,G,32,G32,0.0,False
p-OH-benzaldehyde,gen3,AncFDMO_1663_c30,G,33,G33,0.008314567073857037,True
p-OH-benzaldehyde,gen3,AncFDMO_325_c33,G,34,G34,0.0,False
p-OH-benzaldehyde,gen3,AncFDMO_325_c37,G,35,G35,0.0,False
p-OH-benzaldehyde,gen3,NEC,G,36,G36,0.0,False
p-OH-benzaldehyde,gen3,AncFDMO_353_c4,H,1,H1,0.0,False
p-OH-benzaldehyde,gen3,AncFDMO_1162_c7,H,2,H2,0.0,False
p-OH-benzaldehyde,gen3,AncFDMO_1741_c11,H,3,H3,0.0,False
p-OH-benzaldehyde,gen3,AncFDMO_2205_c14,H,4,H4,0.0,False
p-OH-benzaldehyde,gen3,AncFDMO_2987_c16,H,5,H5,0.0,False
p-OH-benzaldehyde,gen3,AncFDMO_1716_c20,H,6,H6,0.0,False
p-OH-benzaldehyde,gen3,AncFDMO_498_c23,H,7,H7,0.0,False
p-OH-benzaldehyde,gen3,AncFDMO_1133_c26,H,8,H8,0.3440049038082098,True
p-OH-benzaldehyde,gen3,AncFDMO_2459_c30,H,9,H9,0.0,False
p-OH-benzaldehyde,gen3,AncFDMO_585_c33,H,10,H10,0.0,False
p-OH-benzaldehyde,gen3,AncFDMO_609_c37,H,11,H11,0.0,False
p-OH-benzaldehyde,gen3,NEC,H,12,H12,0.0,False
p-OH-benzaldehyde,gen3,AncFDMO_251_c4,H,13,H13,0.0,False
p-OH-benzaldehyde,gen3,AncFDMO_937_c7,H,14,H14,0.0,False
p-OH-benzaldehyde,gen3,AncFDMO_1484_c11,H,15,H15,0.0,False
p-OH-benzaldehyde,gen3,AncFDMO_1878_c14,H,16,H16,0.0,False
p-OH-benzaldehyde,gen3,AncFDMO_2373_c16,H,17,H17,0.0,False
p-OH-benzaldehyde,gen3,AncFDMO_1302_c20,H,18,H18,0.0,False
p-OH-benzaldehyde,gen3,AncFDMO_1520_c22,H,19,H19,0.0,False
p-OH-benzaldehyde,gen3,AncFDMO_984_c26,H,20,H20,0.09086358069647144,True
p-OH-benzaldehyde,gen3,AncFDMO_2130_c30,H,21,H21,0.0,False
p-OH-benzaldehyde,gen3,AncFDMO_490_c33,H,22,H22,0.0,False
p-OH-benzaldehyde,gen3,AncFDMO_486_c37,H,23,H23,0.0,False
p-OH-benzaldehyde,gen3,NEC,H,24,H24,0.0,False
p-OH-benzaldehyde,gen3,AncFDMO_196_c4,H,25,H25,0.0,False
p-OH-benzaldehyde,gen3,AncFDMO_777_c7,H,26,H26,0.0,False
p-OH-benzaldehyde,gen3,AncFDMO_1168_c11,H,27,H27,0.0,False
p-OH-benzaldehyde,gen3,AncFDMO_1415_c14,H,28,H28,0.0,False
p-OH-benzaldehyde,gen3,AncFDMO_1877_c16,H,29,H29,0.0,False
p-OH-benzaldehyde,gen3,AncFDMO_950_c20,H,30,H30,0.0,False
p-OH-benzaldehyde,gen3,AncFDMO_1258_c22,H,31,H31,0.0,False
p-OH-benzaldehyde,gen3,AncFDMO_738_c26,H,32,H32,0.0,False
p-OH-benzaldehyde,gen3,AncFDMO_1730_c30,H,33,H33,0.0,False
p-OH-benzaldehyde,gen3,AncFDMO_347_c33,H,34,H34,0.0,False
p-OH-benzaldehyde,gen3,AncFDMO_388_c37,H,35,H35,0.0,False
p-OH-benzaldehyde,gen3,NEC,H,36,H36,0.0,False
p-OH-benzaldehyde,gen2,Anc321,A,1,A1,0.0,False
p-OH-benzaldehyde,gen2,Anc322,A,2,A2,0.0,False
p-OH-benzaldehyde,gen2,Anc373,A,3,A3,0.0,False
p-OH-benzaldehyde,gen2,Anc416,A,4,A4,0.0,False
p-OH-benzaldehyde,gen2,A0A0L0NHZ5,A,5,A5,0.08754004888907849,True
p-OH-benzaldehyde,gen2,I1S0U1,A,6,A6,0.0,False
p-OH-benzaldehyde,gen2,A0A317WVG8,A,7,A7,0.0,False
p-OH-benzaldehyde,gen2,Q1DDU6,A,8,A8,0.0,False
p-OH-benzaldehyde,gen2,A0A430HSE9,A,9,A9,0.0,False
p-OH-benzaldehyde,gen2,A0A0F8U263,A,10,A10,0.0,False
p-OH-benzaldehyde,gen2,B6K5M4,A,11,A11,0.0,False
p-OH-benzaldehyde,gen2,A0A2I6PIZ8,A,12,A12,0.0,False
p-OH-benzaldehyde,gen2,Anc333,B,1,B1,0.0,False
p-OH-benzaldehyde,gen2,Anc322a,B,2,B2,0.0,False
p-OH-benzaldehyde,gen2,Anc373a,B,3,B3,0.0,False
p-OH-benzaldehyde,gen2,Anc416a,B,4,B4,0.0,False
p-OH-benzaldehyde,gen2,A7UX11,B,5,B5,0.0,False
p-OH-benzaldehyde,gen2,A0A0F7ZML0,B,6,B6,0.0,False
p-OH-benzaldehyde,gen2,J4VWM7,B,7,B7,0.0,False
p-OH-benzaldehyde,gen2,A8LVF4,B,8,B8,0.0,False
p-OH-benzaldehyde,gen2,A0A0S4NSV0,B,9,B9,0.0,False
p-OH-benzaldehyde,gen2,A0A0C9V1F0,B,10,B10,0.0,False
p-OH-benzaldehyde,gen2,S9VNB0,B,11,B11,0.0,False
p-OH-benzaldehyde,gen2,A0A1D8G3K4,B,12,B12,0.0,False
p-OH-benzaldehyde,gen2,Anc369a,C,1,C1,0.0,False
p-OH-benzaldehyde,gen2,Anc366,C,2,C2,0.0,False
p-OH-benzaldehyde,gen2,Anc374,C,3,C3,0.0,False
p-OH-benzaldehyde,gen2,Anc457,C,4,C4,0.0,False
p-OH-benzaldehyde,gen2,A0A1W2TF28,C,5,C5,0.0,False
p-OH-benzaldehyde,gen2,cP23262,C,6,C6,0.0,False
p-OH-benzaldehyde,gen2,A0A559M954,C,7,C7,0.0,False
p-OH-benzaldehyde,gen2,Q2GQG8,C,8,C8,0.0,False
p-OH-benzaldehyde,gen2,Q4WLW7,C,9,C9,0.0,False
p-OH-benzaldehyde,gen2,J3KA16,C,10,C10,0.0,False
p-OH-benzaldehyde,gen2,Q9Y7Z9,C,11,C11,0.0,False
p-OH-benzaldehyde,gen2,C5FM59,C,12,C12,0.0,False
p-OH-benzaldehyde,gen2,Anc382,D,1,D1,0.0,False
p-OH-benzaldehyde,gen2,Anc366a,D,2,D2,0.0,False
p-OH-benzaldehyde,gen2,Anc374a,D,3,D3,0.0,False
p-OH-benzaldehyde,gen2,Anc457a,D,4,D4,0.0,False
p-OH-benzaldehyde,gen2,A0A2J6S3A7,D,5,D5,0.0,False
p-OH-benzaldehyde,gen2,cQ5BEJ7,D,6,D6,0.0,False
p-OH-benzaldehyde,gen2,A0A177BZG4,D,7,D7,0.0,False
p-OH-benzaldehyde,gen2,G3XQJ1,D,8,D8,0.0,False
p-OH-benzaldehyde,gen2,A0A0K8LS04,D,9,D9,0.0,False
p-OH-benzaldehyde,gen2,A5ABG5,D,10,D10,0.0,False
p-OH-benzaldehyde,gen2,Q3S8R0,D,11,D11,0.0,False
p-OH-benzaldehyde,gen2,E4V2N4,D,12,D12,0.0,False
p-OH-benzaldehyde,gen2,Anc331,E,1,E1,0.0,False
p-OH-benzaldehyde,gen2,Anc367,E,2,E2,0.0,False
p-OH-benzaldehyde,gen2,Anc280,E,3,E3,0.0,False
p-OH-benzaldehyde,gen2,Anc488,E,4,E4,0.0,False
p-OH-benzaldehyde,gen2,A0A2J6T8P1,E,5,E5,0.0,False
p-OH-benzaldehyde,gen2,cG3XMC2,E,6,E6,0.0,False
p-OH-benzaldehyde,gen2,P23262,E,7,E7,0.0,False
p-OH-benzaldehyde,gen2,Q9S3U9,E,8,E8,0.0,False
p-OH-benzaldehyde,gen2,K9G8U3,E,9,E9,0.0,False
p-OH-benzaldehyde,gen2,V5FKW7,E,10,E10,0.0,False
p-OH-benzaldehyde,gen2,A0A370B0Q9,E,11,E11,0.0,False
p-OH-benzaldehyde,gen2,F2S701,E,12,E12,0.0,False
p-OH-benzaldehyde,gen2,Anc331a,F,1,F1,0.0,False
p-OH-benzaldehyde,gen2,Anc367a,F,2,F2,0.0,False
p-OH-benzaldehyde,gen2,Anc280a,F,3,F3,0.0,False
p-OH-benzaldehyde,gen2,Anc488a,F,4,F4,0.0,False
p-OH-benzaldehyde,gen2,A0A3D8QGL3,F,5,F5,0.0,False
p-OH-benzaldehyde,gen2,cB6HN76,F,6,F6,0.0,False
p-OH-benzaldehyde,gen2,Q53552,F,7,F7,0.0,False
p-OH-benzaldehyde,gen2,A0A2R2IYY2,F,8,F8,0.0,False
p-OH-benzaldehyde,gen2,B6HJU4,F,9,F9,0.0,False
p-OH-benzaldehyde,gen2,R7YWS5,F,10,F10,0.0,False
p-OH-benzaldehyde,gen2,A0A178XEJ6,F,11,F11,0.0,False
p-OH-benzaldehyde,gen2,KPJ13581_1,F,12,F12,0.0,False
p-OH-benzaldehyde,gen2,Anc332,G,1,G1,0.0,False
p-OH-benzaldehyde,gen2,Anc368,G,2,G2,0.0,False
p-OH-benzaldehyde,gen2,Anc412,G,3,G3,0.0,False
p-OH-benzaldehyde,gen2,A0A101MPG3,G,4,G4,0.09773846857211542,True
p-OH-benzaldehyde,gen2,E3RKN0,G,5,G5,0.0,False
p-OH-benzaldehyde,gen2,cQ0CJ62,G,6,G6,0.0,False
p-OH-benzaldehyde,gen2,A0A239M104,G,7,G7,0.0,False
p-OH-benzaldehyde,gen2,A0A4R7BCP1,G,8,G8,0.0,False
p-OH-benzaldehyde,gen2,S8AW72,G,9,G9,0.0,False
p-OH-benzaldehyde,gen2,S3CM43,G,10,G10,0.0,False
p-OH-benzaldehyde,gen2,E1ACP7,G,11,G11,0.0,False
p-OH-benzaldehyde,gen2,Q5ATK1,G,12,G12,0.0,False
p-OH-benzaldehyde,gen2,Anc332a,H,1,H1,0.0,False
p-OH-benzaldehyde,gen2,Anc368a,H,2,H2,0.09454109289975664,True
p-OH-benzaldehyde,gen2,Anc412a,H,3,H3,0.0,False
p-OH-benzaldehyde,gen2,A0A4Q7JZ50,H,4,H4,0.0,False
p-OH-benzaldehyde,gen2,Q0CJ62,H,5,H5,0.0,False
p-OH-benzaldehyde,gen2,A0A1R3RGJ2,H,6,H6,0.0,False
p-OH-benzaldehyde,gen2,Q84HF5,H,7,H7,0.0,False
p-OH-benzaldehyde,gen2,C7EDM6,H,8,H8,0.0,False
p-OH-benzaldehyde,gen2,A0A135LJG1,H,9,H9,0.0,False
p-OH-benzaldehyde,gen2,A0A0B4HMN8,H,10,H10,0.0,False
p-OH-benzaldehyde,gen2,E1ACQ4,H,11,H11,0.0,False
p-OH-benzaldehyde,gen2,Empty pMCSG7,H,12,H12,0.0,False
p-OH-benzaldehyde,gen1,Anc 305,A,1,A1,0.0,False
p-OH-benzaldehyde,gen1,Anc 305a,A,2,A2,0.0,False
p-OH-benzaldehyde,gen1,Anc 306,A,3,A3,0.0,False
p-OH-benzaldehyde,gen1,Anc 306a,A,4,A4,0.0,False
p-OH-benzaldehyde,gen1,Anc 311C,A,5,A5,0.0,False
p-OH-benzaldehyde,gen1,Anc 311a,A,6,A6,0.0,False
p-OH-benzaldehyde,gen1,Anc 312,A,7,A7,0.0,False
p-OH-benzaldehyde,gen1,Anc 312a,A,8,A8,0.0,False
p-OH-benzaldehyde,gen1,Anc 321,A,9,A9,0.0,False
p-OH-benzaldehyde,gen1,Anc 321a,A,10,A10,0.0,False
p-OH-benzaldehyde,gen1,Anc 333,A,11,A11,0.0,False
p-OH-benzaldehyde,gen1,Anc 333a,A,12,A12,0.020607891153459467,True
p-OH-benzaldehyde,gen1,Anc 334,B,1,B1,0.0,False
p-OH-benzaldehyde,gen1,Anc 334a,B,2,B2,0.0,False
p-OH-benzaldehyde,gen1,Anc 335,B,3,B3,0.045343149319913546,True
p-OH-benzaldehyde,gen1,Anc 335a,B,4,B4,0.017914460716574394,True
p-OH-benzaldehyde,gen1,Anc 346,B,5,B5,0.0,False
p-OH-benzaldehyde,gen1,Anc 346a,B,6,B6,0.0,False
p-OH-benzaldehyde,gen1,Anc 354,B,7,B7,0.3597259795483115,True
p-OH-benzaldehyde,gen1,Anc 354a,B,8,B8,0.4181391291522359,True
p-OH-benzaldehyde,gen1,Anc 369,B,9,B9,0.009671897401672654,True
p-OH-benzaldehyde,gen1,Anc 369a,B,10,B10,0.0,False
p-OH-benzaldehyde,gen1,Anc 370,B,11,B11,0.0,False
p-OH-benzaldehyde,gen1,Anc 370a,B,12,B12,0.0,False
p-OH-benzaldehyde,gen1,Anc 371,C,1,C1,0.0,False
p-OH-benzaldehyde,gen1,Anc 371a,C,2,C2,0.0,False
p-OH-benzaldehyde,gen1,Anc 382,C,3,C3,0.0,False
p-OH-benzaldehyde,gen1,Anc 382a,C,4,C4,0.0,False
p-OH-benzaldehyde,gen1,Anc 304,C,5,C5,0.0,False
p-OH-benzaldehyde,gen1,Anc 304a,C,6,C6,0.0,False
p-OH-benzaldehyde,gen1,Anc 400,C,7,C7,0.0,False
p-OH-benzaldehyde,gen1,Anc 400a,C,8,C8,0.0,False
p-OH-benzaldehyde,gen1,Anc 401,C,9,C9,0.0,False
p-OH-benzaldehyde,gen1,Anc 401a,C,10,C10,0.0,False
p-OH-benzaldehyde,gen1,Anc 468,C,11,C11,0.0,False
p-OH-benzaldehyde,gen1,Anc 468a,C,12,C12,0.0,False
p-OH-benzaldehyde,gen1,Anc 284,D,1,D1,0.0,False
p-OH-benzaldehyde,gen1,Anc 284a,D,2,D2,0.0,False
p-OH-benzaldehyde,gen1,49_Clade,D,3,D3,0.11344496575280609,True
p-OH-benzaldehyde,gen1,50_Clade,D,4,D4,0.3453200843023473,True
p-OH-benzaldehyde,gen1,51_Clade,D,5,D5,0.028594061904101208,True
p-OH-benzaldehyde,gen1,52_Clade,D,6,D6,0.4523236699170763,True
p-OH-benzaldehyde,gen1,53_Clade,D,7,D7,0.0,False
p-OH-benzaldehyde,gen1,54_Clade,D,8,D8,0.0,False
p-OH-benzaldehyde,gen1,55_Clade,D,9,D9,0.024504860651406408,True
p-OH-benzaldehyde,gen1,56_Clade,D,10,D10,0.0,False
p-OH-benzaldehyde,gen1,57_Clade,D,11,D11,0.0,False
p-OH-benzaldehyde,gen1,58_Clade,D,12,D12,0.0,False
p-OH-benzaldehyde,gen1,59_Clade,E,1,E1,0.0,False
p-OH-benzaldehyde,gen1,60_Clade,E,2,E2,0.0,False
p-OH-benzaldehyde,gen1,61_Clade,E,3,E3,0.0,False
p-OH-benzaldehyde,gen1,62_Clade,E,4,E4,0.0,False
p-OH-benzaldehyde,gen1,63_Clade,E,5,E5,0.0,False
p-OH-benzaldehyde,gen1,64_Clade,E,6,E6,0.0,False
p-OH-benzaldehyde,gen1,65_Clade,E,7,E7,0.0,False
p-OH-benzaldehyde,gen1,66_Clade,E,8,E8,0.0,False
p-OH-benzaldehyde,gen1,67_Clade,E,9,E9,0.0,False
p-OH-benzaldehyde,gen1,68_Func.,E,10,E10,0.0,False
p-OH-benzaldehyde,gen1,69_Func.,E,11,E11,0.0,False
p-OH-benzaldehyde,gen1,70_Func.,E,12,E12,0.0,False
p-OH-benzaldehyde,gen1,71_Func.,F,1,F1,0.0,False
p-OH-benzaldehyde,gen1,72_Func.,F,2,F2,0.0,False
p-OH-benzaldehyde,gen1,73_Func.,F,3,F3,0.0,False
p-OH-benzaldehyde,gen1,74_Func.,F,4,F4,0.0,False
p-OH-benzaldehyde,gen1,81_Func.,F,5,F5,0.0,False
p-OH-benzaldehyde,gen1,82_Func.,F,6,F6,0.0,False
p-OH-benzaldehyde,gen1,83_Func.,F,7,F7,0.0,False
p-OH-benzaldehyde,gen1,84_Func.,F,8,F8,0.0,False
p-OH-benzaldehyde,gen1,85_Func.,F,9,F9,0.0,False
p-OH-benzaldehyde,gen1,86_hypo.,F,10,F10,0.0,False
p-OH-benzaldehyde,gen1,87_hypo.,F,11,F11,0.0,False
p-OH-benzaldehyde,gen1,88_hypo.,F,12,F12,0.0,False
p-OH-benzaldehyde,gen1,89_hypo.,G,1,G1,0.0,False
p-OH-benzaldehyde,gen1,90_hypo.,G,2,G2,0.0,False
p-OH-benzaldehyde,gen1,91_hypo.,G,3,G3,0.0,False
p-OH-benzaldehyde,gen1,92_hypo.,G,4,G4,0.0,False
p-OH-benzaldehyde,gen1,93_hypo.,G,5,G5,0.0,False
p-OH-benzaldehyde,gen1,94_hypo.,G,6,G6,0.0,False
p-OH-benzaldehyde,gen1,95_hypo.,G,7,G7,0.0,False
p-OH-benzaldehyde,gen1,96_hypo.,G,8,G8,0.0,False
p-OH-benzaldehyde,gen1,97_hypo.,G,9,G9,0.0,False
p-OH-benzaldehyde,gen1,98_hypo.,G,10,G10,0.0,False
p-OH-benzaldehyde,gen1,99_hypo.,G,11,G11,0.0,False
p-OH-benzaldehyde,gen1,100_hypo.,G,12,G12,0.0,False
p-OH-benzaldehyde,gen1,101_hypo.,H,1,H1,0.0,False
p-OH-benzaldehyde,gen1,102_hypo.,H,2,H2,0.0,False
p-OH-benzaldehyde,gen1,103_hypo.,H,3,H3,0.0,False
p-OH-benzaldehyde,gen1,104_hypo.,H,4,H4,0.0,False
p-OH-benzaldehyde,gen1,105_hypo.,H,5,H5,0.0,False
p-OH-benzaldehyde,gen1,AfoD,H,6,H6,0.0,False
p-OH-benzaldehyde,gen1,AzaH,H,7,H7,0.0,False
p-OH-benzaldehyde,gen1,TropB,H,8,H8,0.30271104364096774,True
p-OH-benzaldehyde,gen1,Blk,H,9,H9,0.0,False
p-OH-benzaldehyde,gen1,Blk,H,10,H10,0.0,False
p-OH-benzaldehyde,gen1,Blk,H,11,H11,0.0,False
p-OH-benzaldehyde,gen1,Blk,H,12,H12,0.0,False
Tetralone,gen3,AncFDMO_791_c1,A,1,A1,0.020994496289069242,True
Tetralone,gen3,AncFDMO_1818_c5,A,2,A2,0.0,False
Tetralone,gen3,AncFDMO_162_c8,A,3,A3,0.0,False
Tetralone,gen3,AncFDMO_1809_c11,A,4,A4,0.0,False
Tetralone,gen3,AncFDMO_2310_c14,A,5,A5,0.02315822579241185,True
Tetralone,gen3,AncFDMO_1370_c18,A,6,A6,0.0,False
Tetralone,gen3,AncFDMO_1795_c20,A,7,A7,0.0,False
Tetralone,gen3,AncFDMO_1317_c24,A,8,A8,0.0,False
Tetralone,gen3,AncFDMO_1758_c27,A,9,A9,0.0,False
Tetralone,gen3,AncFDMO_1550_c31,A,10,A10,0.0,False
Tetralone,gen3,AncFDMO_205_c34,A,11,A11,0.0,False
Tetralone,gen3,AncFDMO_240_c38,A,12,A12,0.0,False
Tetralone,gen3,AncFDMO_687_c1,A,13,A13,0.0,False
Tetralone,gen3,AncFDMO_1491_c5,A,14,A14,0.0,False
Tetralone,gen3,AncFDMO_747_c9,A,15,A15,0.0,False
Tetralone,gen3,AncFDMO_521_c12,A,16,A16,0.0,False
Tetralone,gen3,AncFDMO_1964_c14,A,17,A17,0.0,False
Tetralone,gen3,AncFDMO_2494_c16,A,18,A18,0.0,False
Tetralone,gen3,AncFDMO_1443_c20,A,19,A19,0.0,False
Tetralone,gen3,AncFDMO_1000_c24,A,20,A20,0.0,False
Tetralone,gen3,AncFDMO_1482_c27,A,21,A21,0.0,False
Tetralone,gen3,AncFDMO_1139_c31,A,22,A22,0.0,False
Tetralone,gen3,AncFDMO_173_c34,A,23,A23,0.0,False
Tetralone,gen3,AncFDMO_207_c38,A,24,A24,0.0,False
Tetralone,gen3,AncFDMO_522_c1,A,25,A25,0.0,False
Tetralone,gen3,AncFDMO_1244_c5,A,26,A26,0.0,False
Tetralone,gen3,AncFDMO_555_c9,A,27,A27,0.0,False
Tetralone,gen3,AncFDMO_433_c12,A,28,A28,0.2544046339605466,True
Tetralone,gen3,AncFDMO_1536_c14,A,29,A29,0.1617888429839475,True
Tetralone,gen3,AncFDMO_1961_c16,A,30,A30,0.0,False
Tetralone,gen3,AncFDMO_1059_c20,A,31,A31,0.0,False
Tetralone,gen3,AncFDMO_758_c24,A,32,A32,0.0,False
Tetralone,gen3,AncFDMO_1134_c27,A,33,A33,0.0,False
Tetralone,gen3,AncFDMO_917_c31,A,34,A34,0.0,False
Tetralone,gen3,AncFDMO_145_c34,A,35,A35,0.008121547505059576,True
Tetralone,gen3,AncFDMO_188_c38,A,36,A36,0.0,False
Tetralone,gen3,AncFDMO_854_c1,B,1,B1,0.0,False
Tetralone,gen3,AncFDMO_2026_c5,B,2,B2,0.0288848905310968,True
Tetralone,gen3,AncFDMO_941_c9,B,3,B3,0.0,False
Tetralone,gen3,AncFDMO_682_c12,B,4,B4,0.0,False
Tetralone,gen3,AncFDMO_1846_c15,B,5,B5,0.019474292097187276,True
Tetralone,gen3,AncFDMO_1469_c18,B,6,B6,0.0,False
Tetralone,gen3,AncFDMO_1251_c21,B,7,B7,0.0,False
Tetralone,gen3,AncFDMO_1366_c24,B,8,B8,0.0,False
Tetralone,gen3,AncFDMO_1860_c27,B,9,B9,0.0,False
Tetralone,gen3,AncFDMO_1621_c31,B,10,B10,0.0,False
Tetralone,gen3,AncFDMO_1362_c35,B,11,B11,0.0,False
Tetralone,gen3,AncFDMO_1888_c39,B,12,B12,0.0,False
Tetralone,gen3,AncFDMO_698_c1,B,13,B13,0.0,False
Tetralone,gen3,AncFDMO_1629_c5,B,14,B14,0.0,False
Tetralone,gen3,AncFDMO_867_c9,B,15,B15,0.0,False
Tetralone,gen3,AncFDMO_630_c12,B,16,B16,0.0,False
Tetralone,gen3,AncFDMO_1497_c15,B,17,B17,0.0,False
Tetralone,gen3,AncFDMO_1191_c18,B,18,B18,0.0,False
Tetralone,gen3,AncFDMO_1566_c20,B,19,B19,0.0,False
Tetralone,gen3,AncFDMO_1084_c24,B,20,B20,0.0,False
Tetralone,gen3,AncFDMO_1605_c27,B,21,B21,0.0,False
Tetralone,gen3,AncFDMO_1253_c31,B,22,B22,0.0,False
Tetralone,gen3,AncFDMO_1086_c35,B,23,B23,0.0,False
Tetralone,gen3,AncFDMO_1493_c39,B,24,B24,0.0,False
Tetralone,gen3,AncFDMO_579_c1,B,25,B25,0.0,False
Tetralone,gen3,AncFDMO_1284_c5,B,26,B26,0.0,False
Tetralone,gen3,AncFDMO_635_c9,B,27,B27,0.0,False
Tetralone,gen3,AncFDMO_490_c12,B,28,B28,0.24251468450312003,True
Tetralone,gen3,AncFDMO_1280_c15,B,29,B29,0.0,False
Tetralone,gen3,AncFDMO_852_c18,B,30,B30,0.0,False
Tetralone,gen3,AncFDMO_1183_c20,B,31,B31,0.0,False
Tetralone,gen3,AncFDMO_866_c24,B,32,B32,0.0,False
Tetralone,gen3,AncFDMO_1243_c27,B,33,B33,0.0,False
Tetralone,gen3,AncFDMO_1036_c31,B,34,B34,0.0,False
Tetralone,gen3,AncFDMO_905_c35,B,35,B35,0.0,False
Tetralone,gen3,AncFDMO_1102_c39,B,36,B36,0.0175993184172911,True
Tetralone,gen3,AncFDMO_1334_c2,C,1,C1,0.06974043981181699,True
Tetralone,gen3,AncFDMO_2119_c5,C,2,C2,0.028853211359563143,True
Tetralone,gen3,AncFDMO_1026_c9,C,3,C3,0.0,False
Tetralone,gen3,AncFDMO_743_c12,C,4,C4,0.0,False
Tetralone,gen3,AncFDMO_2049_c15,C,5,C5,0.0,False
Tetralone,gen3,AncFDMO_1496_c18,C,6,C6,0.0,False
Tetralone,gen3,AncFDMO_1325_c21,C,7,C7,0.0,False
Tetralone,gen3,AncFDMO_1439_c24,C,8,C8,0.0,False
Tetralone,gen3,AncFDMO_2097_c27,C,9,C9,0.0,False
Tetralone,gen3,AncFDMO_1692_c31,C,10,C10,0.016926489026154096,True
Tetralone,gen3,AncFDMO_1539_c35,C,11,C11,0.0,False
Tetralone,gen3,AncFDMO_1929_c39,C,12,C12,0.0,False
Tetralone,gen3,AncFDMO_921_c2,C,13,C13,0.0,False
Tetralone,gen3,AncFDMO_1732_c5,C,14,C14,0.0,False
Tetralone,gen3,AncFDMO_1397_c10,C,15,C15,0.0,False
Tetralone,gen3,AncFDMO_1013_c13,C,16,C16,0.0,False
Tetralone,gen3,AncFDMO_1553_c15,C,17,C17,0.0,False
Tetralone,gen3,AncFDMO_1270_c18,C,18,C18,0.0,False
Tetralone,gen3,AncFDMO_1074_c21,C,19,C19,0.0,False
Tetralone,gen3,AncFDMO_1274_c24,C,20,C20,0.0,False
Tetralone,gen3,AncFDMO_1731_c27,C,21,C21,0.0,False
Tetralone,gen3,AncFDMO_1397_c31,C,22,C22,0.0,False
Tetralone,gen3,AncFDMO_1221_c35,C,23,C23,0.0,False
Tetralone,gen3,AncFDMO_1641_c39,C,24,C24,0.0,False
Tetralone,gen3,AncFDMO_761_c2,C,25,C25,0.0,False
Tetralone,gen3,AncFDMO_1358_c5,C,26,C26,0.014448807288680735,True
Tetralone,gen3,AncFDMO_1008_c10,C,27,C27,0.0,False
Tetralone,gen3,AncFDMO_808_c13,C,28,C28,0.0,False
Tetralone,gen3,AncFDMO_1385_c15,C,29,C29,0.009128856802986791,True
Tetralone,gen3,AncFDMO_883_c18,C,30,C30,0.0,False
Tetralone,gen3,AncFDMO_782_c21,C,31,C31,0.0,False
Tetralone,gen3,AncFDMO_968_c24,C,32,C32,0.0,False
Tetralone,gen3,AncFDMO_1312_c27,C,33,C33,0.0,False
Tetralone,gen3,AncFDMO_1105_c31,C,34,C34,0.0,False
Tetralone,gen3,AncFDMO_1014_c35,C,35,C35,0.0,False
Tetralone,gen3,AncFDMO_1281_c39,C,36,C36,0.0,False
Tetralone,gen3,AncFDMO_1382_c2,D,1,D1,0.018975019160608838,True
Tetralone,gen3,AncFDMO_701_c6,D,2,D2,0.0,False
Tetralone,gen3,AncFDMO_1785_c10,D,3,D3,0.0,False
Tetralone,gen3,AncFDMO_1354_c13,D,4,D4,0.0,False
Tetralone,gen3,AncFDMO_2131_c15,D,5,D5,0.015235059186465031,True
Tetralone,gen3,AncFDMO_1170_c19,D,6,D6,0.0,False
Tetralone,gen3,AncFDMO_1407_c21,D,7,D7,0.0,False
Tetralone,gen3,AncFDMO_1461_c25,D,8,D8,0.0,False
Tetralone,gen3,AncFDMO_244_c28,D,9,D9,1.6967200579855855,True
Tetralone,gen3,AncFDMO_1259_c32,D,10,D10,0.40110467696043384,True
Tetralone,gen3,AncFDMO_1603_c35,D,11,D11,0.02790893042458269,True
Tetralone,gen3,AncFDMO_2092_c39,D,12,D12,0.012225042982106001,True
Tetralone,gen3,AncFDMO_1017_c2,D,13,D13,0.0,False
Tetralone,gen3,AncFDMO_559_c6,D,14,D14,0.0,False
Tetralone,gen3,AncFDMO_1507_c10,D,15,D15,0.0,False
Tetralone,gen3,AncFDMO_1113_c13,D,16,D16,0.0,False
Tetralone,gen3,AncFDMO_1667_c15,D,17,D17,0.0,False
Tetralone,gen3,AncFDMO_1338_c18,D,18,D18,0.0,False
Tetralone,gen3,AncFDMO_1172_c21,D,19,D19,0.0,False
Tetralone,gen3,AncFDMO_1198_c25,D,20,D20,0.0,False
Tetralone,gen3,AncFDMO_224_c29,D,21,D21,0.0,False
Tetralone,gen3,AncFDMO_993_c32,D,22,D22,0.0,False
Tetralone,gen3,AncFDMO_1319_c35,D,23,D23,0.0,False
Tetralone,gen3,AncFDMO_1734_c39,D,24,D24,0.0,False
Tetralone,gen3,AncFDMO_841_c2,D,25,D25,0.0,False
Tetralone,gen3,AncFDMO_427_c6,D,26,D26,0.0,False
Tetralone,gen3,AncFDMO_1157_c10,D,27,D27,0.0,False
Tetralone,gen3,AncFDMO_868_c13,D,28,D28,0.0,False
Tetralone,gen3,AncFDMO_1444_c15,D,29,D29,0.034594496518819635,True
Tetralone,gen3,AncFDMO_1097_c18,D,30,D30,0.0,False
Tetralone,gen3,AncFDMO_848_c21,D,31,D31,0.0,False
Tetralone,gen3,AncFDMO_883_c25,D,32,D32,0.0,False
Tetralone,gen3,AncFDMO_205_c29,D,33,D33,0.0,False
Tetralone,gen3,AncFDMO_767_c32,D,34,D34,0.4075429617247757,True
Tetralone,gen3,AncFDMO_1050_c35,D,35,D35,0.05223105779020661,True
Tetralone,gen3,AncFDMO_1389_c39,D,36,D36,0.0,False
Tetralone,gen3,AncFDMO_1407_c2,E,1,E1,0.037908085107055095,True
Tetralone,gen3,AncFDMO_797_c6,E,2,E2,0.0,False
Tetralone,gen3,AncFDMO_1853_c10,E,3,E3,0.0,False
Tetralone,gen3,AncFDMO_1396_c13,E,4,E4,0.0,False
Tetralone,gen3,AncFDMO_2676_c16,E,5,E5,0.0,False
Tetralone,gen3,AncFDMO_1243_c19,E,6,E6,0.0,False
Tetralone,gen3,AncFDMO_1643_c22,E,7,E7,0.0,False
Tetralone,gen3,AncFDMO_1540_c25,E,8,E8,0.0,False
Tetralone,gen3,AncFDMO_301_c29,E,9,E9,0.0,False
Tetralone,gen3,AncFDMO_1310_c32,E,10,E10,0.0,False
Tetralone,gen3,AncFDMO_422_c36,E,11,E11,0.0,False
Tetralone,gen3,empty vector,E,12,E12,0.0,False
Tetralone,gen3,AncFDMO_1223_c2,E,13,E13,0.0,False
Tetralone,gen3,AncFDMO_616_c6,E,14,E14,0.0,False
Tetralone,gen3,AncFDMO_1709_c10,E,15,E15,0.0,False
Tetralone,gen3,AncFDMO_1261_c13,E,16,E16,0.0,False
Tetralone,gen3,AncFDMO_1771_c15,E,17,E17,0.0,False
Tetralone,gen3,AncFDMO_971_c19,E,18,E18,0.0,False
Tetralone,gen3,AncFDMO_1212_c21,E,19,E19,0.0,False
Tetralone,gen3,AncFDMO_1213_c25,E,20,E20,0.0,False
Tetralone,gen3,AncFDMO_1771_c30,E,21,E21,0.0,False
Tetralone,gen3,AncFDMO_1123_c32,E,22,E22,0.22091062252865867,True
Tetralone,gen3,AncFDMO_370_c36,E,23,E23,0.0674013673391375,True
Tetralone,gen3,empty vector,E,24,E24,0.0,False
Tetralone,gen3,AncFDMO_888_c2,E,25,E25,0.0,False
Tetralone,gen3,AncFDMO_505_c6,E,26,E26,0.0,False
Tetralone,gen3,AncFDMO_1281_c10,E,27,E27,0.0,False
Tetralone,gen3,AncFDMO_932_c13,E,28,E28,0.0,False
Tetralone,gen3,AncFDMO_1459_c15,E,29,E29,0.01131997391756137,True
Tetralone,gen3,AncFDMO_754_c19,E,30,E30,0.0,False
Tetralone,gen3,AncFDMO_900_c21,E,31,E31,0.06246264069699397,True
Tetralone,gen3,AncFDMO_984_c25,E,32,E32,0.0,False
Tetralone,gen3,AncFDMO_1278_c30,E,33,E33,0.0357771369002035,True
Tetralone,gen3,AncFDMO_871_c32,E,34,E34,0.04301045579360047,True
Tetralone,gen3,AncFDMO_284_c36,E,35,E35,0.0,False
Tetralone,gen3,empty vector,E,36,E36,0.0,False
Tetralone,gen3,AncFDMO_924_c3,F,1,F1,0.0,False
Tetralone,gen3,AncFDMO_967_c7,F,2,F2,0.0,False
Tetralone,gen3,AncFDMO_1896_c10,F,3,F3,0.0,False
Tetralone,gen3,AncFDMO_1470_c13,F,4,F4,0.0,False
Tetralone,gen3,AncFDMO_2796_c16,F,5,F5,0.0,False
Tetralone,gen3,AncFDMO_1320_c19,F,6,F6,0.0,False
Tetralone,gen3,AncFDMO_1661_c22,F,7,F7,0.0,False
Tetralone,gen3,AncFDMO_1601_c25,F,8,F8,0.0,False
Tetralone,gen3,AncFDMO_2226_c30,F,9,F9,0.0,False
Tetralone,gen3,AncFDMO_1401_c32,F,10,F10,0.0,False
Tetralone,gen3,AncFDMO_481_c36,F,11,F11,0.0,False
Tetralone,gen3,empty vector,F,12,F12,0.0,False
Tetralone,gen3,AncFDMO_785_c3,F,13,F13,0.0,False
Tetralone,gen3,AncFDMO_803_c7,F,14,F14,0.0,False
Tetralone,gen3,AncFDMO_1284_c11,F,15,F15,0.0,False
Tetralone,gen3,AncFDMO_1624_c14,F,16,F16,0.0,False
Tetralone,gen3,AncFDMO_2130_c16,F,17,F17,0.0,False
Tetralone,gen3,AncFDMO_1082_c19,F,18,F18,0.0,False
Tetralone,gen3,AncFDMO_1325_c22,F,19,F19,0.0,False
Tetralone,gen3,AncFDMO_1435_c25,F,20,F20,0.024158428556706385,True
Tetralone,gen3,AncFDMO_1931_c30,F,21,F21,0.3424145439967899,True
Tetralone,gen3,AncFDMO_1213_c32,F,22,F22,1.106303736564703,True
Tetralone,gen3,AncFDMO_406_c36,F,23,F23,0.5026054750090704,True
Tetralone,gen3,empty vector,F,24,F24,0.020763228080441398,True
Tetralone,gen3,AncFDMO_543_c3,F,25,F25,0.0,False
Tetralone,gen3,AncFDMO_725_c7,F,26,F26,0.0,False
Tetralone,gen3,AncFDMO_1044_c11,F,27,F27,0.0,False
Tetralone,gen3,AncFDMO_1235_c14,F,28,F28,0.0,False
Tetralone,gen3,AncFDMO_1620_c16,F,29,F29,0.0,False
Tetralone,gen3,AncFDMO_839_c19,F,30,F30,0.0,False
Tetralone,gen3,AncFDMO_956_c22,F,31,F31,0.0,False
Tetralone,gen3,AncFDMO_1066_c25,F,32,F32,0.0,False
Tetralone,gen3,AncFDMO_1439_c30,F,33,F33,0.0,False
Tetralone,gen3,AncFDMO_966_c32,F,34,F34,0.08567692675169725,True
Tetralone,gen3,AncFDMO_312_c36,F,35,F35,0.007172111378396535,True
Tetralone,gen3,empty vector,F,36,F36,0.0,False
Tetralone,gen3,AncFDMO_985_c3,G,1,G1,0.0,False
Tetralone,gen3,AncFDMO_1044_c7,G,2,G2,0.0,False
Tetralone,gen3,AncFDMO_1696_c11,G,3,G3,0.0,False
Tetralone,gen3,AncFDMO_2097_c14,G,4,G4,0.0,False
Tetralone,gen3,AncFDMO_2839_c16,G,5,G5,0.0,False
Tetralone,gen3,AncFDMO_1642_c20,G,6,G6,0.0,False
Tetralone,gen3,AncFDMO_1734_c22,G,7,G7,0.0,False
Tetralone,gen3,AncFDMO_1039_c26,G,8,G8,0.16249503256470382,True
Tetralone,gen3,AncFDMO_2311_c30,G,9,G9,0.0,False
Tetralone,gen3,AncFDMO_509_c33,G,10,G10,0.0,False
Tetralone,gen3,AncFDMO_545_c37,G,11,G11,0.0,False
Tetralone,gen3,NEC,G,12,G12,0.0,False
Tetralone,gen3,AncFDMO_807_c3,G,13,G13,0.0,False
Tetralone,gen3,AncFDMO_858_c7,G,14,G14,0.0,False
Tetralone,gen3,AncFDMO_1384_c11,G,15,G15,0.0,False
Tetralone,gen3,AncFDMO_1705_c14,G,16,G16,0.0,False
Tetralone,gen3,AncFDMO_2234_c16,G,17,G17,0.0,False
Tetralone,gen3,AncFDMO_1113_c19,G,18,G18,0.0,False
Tetralone,gen3,AncFDMO_1475_c22,G,19,G19,0.0,False
Tetralone,gen3,AncFDMO_833_c26,G,20,G20,0.0,False
Tetralone,gen3,AncFDMO_2030_c30,G,21,G21,0.0,False
Tetralone,gen3,AncFDMO_408_c33,G,22,G22,0.6629068609880321,True
Tetralone,gen3,AncFDMO_428_c37,G,23,G23,0.03735572980378904,True
Tetralone,gen3,NEC,G,24,G24,0.0,False
Tetralone,gen3,AncFDMO_706_c3,G,25,G25,0.0,False
Tetralone,gen3,AncFDMO_761_c7,G,26,G26,0.0,False
Tetralone,gen3,AncFDMO_1096_c11,G,27,G27,0.0,False
Tetralone,gen3,AncFDMO_1327_c14,G,28,G28,0.0,False
Tetralone,gen3,AncFDMO_1731_c16,G,29,G29,0.0,False
Tetralone,gen3,AncFDMO_913_c19,G,30,G30,0.0,False
Tetralone,gen3,AncFDMO_1072_c22,G,31,G31,0.0,False
Tetralone,gen3,AncFDMO_596_c26,G,32,G32,0.16138765339878083,True
Tetralone,gen3,AncFDMO_1663_c30,G,33,G33,0.07260687432469189,True
Tetralone,gen3,AncFDMO_325_c33,G,34,G34,0.0,False
Tetralone,gen3,AncFDMO_325_c37,G,35,G35,0.0,False
Tetralone,gen3,NEC,G,36,G36,0.0,False
Tetralone,gen3,AncFDMO_353_c4,H,1,H1,0.0,False
Tetralone,gen3,AncFDMO_1162_c7,H,2,H2,0.0,False
Tetralone,gen3,AncFDMO_1741_c11,H,3,H3,0.0,False
Tetralone,gen3,AncFDMO_2205_c14,H,4,H4,0.0,False
Tetralone,gen3,AncFDMO_2987_c16,H,5,H5,0.0,False
Tetralone,gen3,AncFDMO_1716_c20,H,6,H6,0.0,False
Tetralone,gen3,AncFDMO_498_c23,H,7,H7,0.0,False
Tetralone,gen3,AncFDMO_1133_c26,H,8,H8,0.23343281271405633,True
Tetralone,gen3,AncFDMO_2459_c30,H,9,H9,0.0,False
Tetralone,gen3,AncFDMO_585_c33,H,10,H10,0.0,False
Tetralone,gen3,AncFDMO_609_c37,H,11,H11,0.0,False
Tetralone,gen3,NEC,H,12,H12,0.0,False
Tetralone,gen3,AncFDMO_251_c4,H,13,H13,0.0,False
Tetralone,gen3,AncFDMO_937_c7,H,14,H14,0.0,False
Tetralone,gen3,AncFDMO_1484_c11,H,15,H15,0.0,False
Tetralone,gen3,AncFDMO_1878_c14,H,16,H16,0.0,False
Tetralone,gen3,AncFDMO_2373_c16,H,17,H17,0.0,False
Tetralone,gen3,AncFDMO_1302_c20,H,18,H18,0.0,False
Tetralone,gen3,AncFDMO_1520_c22,H,19,H19,0.0,False
Tetralone,gen3,AncFDMO_984_c26,H,20,H20,0.0669663924963761,True
Tetralone,gen3,AncFDMO_2130_c30,H,21,H21,0.013396874400573244,True
Tetralone,gen3,AncFDMO_490_c33,H,22,H22,0.0,False
Tetralone,gen3,AncFDMO_486_c37,H,23,H23,0.0,False
Tetralone,gen3,NEC,H,24,H24,0.0,False
Tetralone,gen3,AncFDMO_196_c4,H,25,H25,0.0,False
Tetralone,gen3,AncFDMO_777_c7,H,26,H26,0.006876911444040205,True
Tetralone,gen3,AncFDMO_1168_c11,H,27,H27,0.0,False
Tetralone,gen3,AncFDMO_1415_c14,H,28,H28,0.0,False
Tetralone,gen3,AncFDMO_1877_c16,H,29,H29,0.0,False
Tetralone,gen3,AncFDMO_950_c20,H,30,H30,0.0,False
Tetralone,gen3,AncFDMO_1258_c22,H,31,H31,0.0,False
Tetralone,gen3,AncFDMO_738_c26,H,32,H32,0.0,False
Tetralone,gen3,AncFDMO_1730_c30,H,33,H33,0.0,False
Tetralone,gen3,AncFDMO_347_c33,H,34,H34,0.0,False
Tetralone,gen3,AncFDMO_388_c37,H,35,H35,0.0,False
Tetralone,gen3,NEC,H,36,H36,0.0,False
Tetralone,gen2,Anc321,A,1,A1,0.14591470716807103,True
Tetralone,gen2,Anc322,A,2,A2,0.12547598926620687,True
Tetralone,gen2,Anc373,A,3,A3,0.0,False
Tetralone,gen2,Anc416,A,4,A4,0.0,False
Tetralone,gen2,A0A0L0NHZ5,A,5,A5,0.1901813627079986,True
Tetralone,gen2,I1S0U1,A,6,A6,0.0,False
Tetralone,gen2,A0A317WVG8,A,7,A7,0.0,False
Tetralone,gen2,Q1DDU6,A,8,A8,0.0,False
Tetralone,gen2,A0A430HSE9,A,9,A9,0.0,False
Tetralone,gen2,A0A0F8U263,A,10,A10,0.0,False
Tetralone,gen2,B6K5M4,A,11,A11,0.0,False
Tetralone,gen2,A0A2I6PIZ8,A,12,A12,0.0,False
Tetralone,gen2,Anc333,B,1,B1,0.07791172956014666,True
Tetralone,gen2,Anc322a,B,2,B2,0.0,False
Tetralone,gen2,Anc373a,B,3,B3,0.0,False
Tetralone,gen2,Anc416a,B,4,B4,0.0,False
Tetralone,gen2,A7UX11,B,5,B5,0.0,False
Tetralone,gen2,A0A0F7ZML0,B,6,B6,0.0,False
Tetralone,gen2,J4VWM7,B,7,B7,0.0,False
Tetralone,gen2,A8LVF4,B,8,B8,0.0,False
Tetralone,gen2,A0A0S4NSV0,B,9,B9,0.0,False
Tetralone,gen2,A0A0C9V1F0,B,10,B10,0.0,False
Tetralone,gen2,S9VNB0,B,11,B11,0.0,False
Tetralone,gen2,A0A1D8G3K4,B,12,B12,0.0,False
Tetralone,gen2,Anc369a,C,1,C1,0.05476603049065634,True
Tetralone,gen2,Anc366,C,2,C2,0.08068247525987556,True
Tetralone,gen2,Anc374,C,3,C3,0.05668904212282863,True
Tetralone,gen2,Anc457,C,4,C4,0.0,False
Tetralone,gen2,A0A1W2TF28,C,5,C5,0.0,False
Tetralone,gen2,cP23262,C,6,C6,0.0,False
Tetralone,gen2,A0A559M954,C,7,C7,0.0,False
Tetralone,gen2,Q2GQG8,C,8,C8,0.0,False
Tetralone,gen2,Q4WLW7,C,9,C9,0.0,False
Tetralone,gen2,J3KA16,C,10,C10,0.0,False
Tetralone,gen2,Q9Y7Z9,C,11,C11,0.0,False
Tetralone,gen2,C5FM59,C,12,C12,0.0,False
Tetralone,gen2,Anc382,D,1,D1,0.0556782640915174,True
Tetralone,gen2,Anc366a,D,2,D2,0.0,False
Tetralone,gen2,Anc374a,D,3,D3,0.0,False
Tetralone,gen2,Anc457a,D,4,D4,0.0,False
Tetralone,gen2,A0A2J6S3A7,D,5,D5,0.0,False
Tetralone,gen2,cQ5BEJ7,D,6,D6,0.0,False
Tetralone,gen2,A0A177BZG4,D,7,D7,0.0,False
Tetralone,gen2,G3XQJ1,D,8,D8,0.0,False
Tetralone,gen2,A0A0K8LS04,D,9,D9,0.0,False
Tetralone,gen2,A5ABG5,D,10,D10,0.0,False
Tetralone,gen2,Q3S8R0,D,11,D11,0.0,False
Tetralone,gen2,E4V2N4,D,12,D12,0.0,False
Tetralone,gen2,Anc331,E,1,E1,0.20508873310478948,True
Tetralone,gen2,Anc367,E,2,E2,0.32120356248064025,True
Tetralone,gen2,Anc280,E,3,E3,0.0,False
Tetralone,gen2,Anc488,E,4,E4,0.0,False
Tetralone,gen2,A0A2J6T8P1,E,5,E5,0.0,False
Tetralone,gen2,cG3XMC2,E,6,E6,0.0,False
Tetralone,gen2,P23262,E,7,E7,0.0,False
Tetralone,gen2,Q9S3U9,E,8,E8,0.0,False
Tetralone,gen2,K9G8U3,E,9,E9,0.0,False
Tetralone,gen2,V5FKW7,E,10,E10,0.0,False
Tetralone,gen2,A0A370B0Q9,E,11,E11,0.0,False
Tetralone,gen2,F2S701,E,12,E12,0.0,False
Tetralone,gen2,Anc331a,F,1,F1,0.12272832644784133,True
Tetralone,gen2,Anc367a,F,2,F2,0.0895815361842883,True
Tetralone,gen2,Anc280a,F,3,F3,0.0,False
Tetralone,gen2,Anc488a,F,4,F4,0.0,False
Tetralone,gen2,A0A3D8QGL3,F,5,F5,0.0,False
Tetralone,gen2,cB6HN76,F,6,F6,0.0,False
Tetralone,gen2,Q53552,F,7,F7,0.0,False
Tetralone,gen2,A0A2R2IYY2,F,8,F8,0.0,False
Tetralone,gen2,B6HJU4,F,9,F9,0.0,False
Tetralone,gen2,R7YWS5,F,10,F10,0.0,False
Tetralone,gen2,A0A178XEJ6,F,11,F11,0.0,False
Tetralone,gen2,KPJ13581_1,F,12,F12,0.0,False
Tetralone,gen2,Anc332,G,1,G1,0.32625840800115086,True
Tetralone,gen2,Anc368,G,2,G2,0.2702935007460246,True
Tetralone,gen2,Anc412,G,3,G3,0.0,False
Tetralone,gen2,A0A101MPG3,G,4,G4,0.3313847556299616,True
Tetralone,gen2,E3RKN0,G,5,G5,0.0,False
Tetralone,gen2,cQ0CJ62,G,6,G6,0.0,False
Tetralone,gen2,A0A239M104,G,7,G7,0.0,False
Tetralone,gen2,A0A4R7BCP1,G,8,G8,0.0,False
Tetralone,gen2,S8AW72,G,9,G9,0.0,False
Tetralone,gen2,S3CM43,G,10,G10,0.0,False
Tetralone,gen2,E1ACP7,G,11,G11,0.0,False
Tetralone,gen2,Q5ATK1,G,12,G12,0.0,False
Tetralone,gen2,Anc332a,H,1,H1,0.07627497321517952,True
Tetralone,gen2,Anc368a,H,2,H2,0.31720149972608863,True
Tetralone,gen2,Anc412a,H,3,H3,0.0,False
Tetralone,gen2,A0A4Q7JZ50,H,4,H4,0.0,False
Tetralone,gen2,Q0CJ62,H,5,H5,0.0,False
Tetralone,gen2,A0A1R3RGJ2,H,6,H6,0.0,False
Tetralone,gen2,Q84HF5,H,7,H7,0.0,False
Tetralone,gen2,C7EDM6,H,8,H8,0.0,False
Tetralone,gen2,A0A135LJG1,H,9,H9,0.0,False
Tetralone,gen2,A0A0B4HMN8,H,10,H10,0.0,False
Tetralone,gen2,E1ACQ4,H,11,H11,0.0,False
Tetralone,gen2,Empty pMCSG7,H,12,H12,0.0,False
Tetralone,gen1,Anc 305,A,1,A1,0.008360567479922587,True
Tetralone,gen1,Anc 305a,A,2,A2,0.0,False
Tetralone,gen1,Anc 306,A,3,A3,0.0042134845757892244,True
Tetralone,gen1,Anc 306a,A,4,A4,0.0,False
Tetralone,gen1,Anc 311C,A,5,A5,0.0,False
Tetralone,gen1,Anc 311a,A,6,A6,0.024978787755068666,True
Tetralone,gen1,Anc 312,A,7,A7,0.027991344783464565,True
Tetralone,gen1,Anc 312a,A,8,A8,0.04681418100110815,True
Tetralone,gen1,Anc 321,A,9,A9,0.25146571463082373,True
Tetralone,gen1,Anc 321a,A,10,A10,0.0,False
Tetralone,gen1,Anc 333,A,11,A11,0.04617653564643536,True
Tetralone,gen1,Anc 333a,A,12,A12,0.1406997104948537,True
Tetralone,gen1,Anc 334,B,1,B1,0.025956690796792085,True
Tetralone,gen1,Anc 334a,B,2,B2,0.12916929692773982,True
Tetralone,gen1,Anc 335,B,3,B3,0.18632901435259216,True
Tetralone,gen1,Anc 335a,B,4,B4,0.18421282727065605,True
Tetralone,gen1,Anc 346,B,5,B5,0.049024206647571955,True
Tetralone,gen1,Anc 346a,B,6,B6,0.033317294259198035,True
Tetralone,gen1,Anc 354,B,7,B7,0.2144803599681993,True
Tetralone,gen1,Anc 354a,B,8,B8,0.25997557711931196,True
Tetralone,gen1,Anc 369,B,9,B9,0.014149909279895432,True
Tetralone,gen1,Anc 369a,B,10,B10,0.0449144089033005,True
Tetralone,gen1,Anc 370,B,11,B11,0.005504116359222316,True
Tetralone,gen1,Anc 370a,B,12,B12,0.0,False
Tetralone,gen1,Anc 371,C,1,C1,0.0,False
Tetralone,gen1,Anc 371a,C,2,C2,0.0,False
Tetralone,gen1,Anc 382,C,3,C3,0.022523662288026654,True
Tetralone,gen1,Anc 382a,C,4,C4,0.03332576159865013,True
Tetralone,gen1,Anc 304,C,5,C5,0.06637677848179006,True
Tetralone,gen1,Anc 304a,C,6,C6,0.027160515100140305,True
Tetralone,gen1,Anc 400,C,7,C7,0.04311728934831161,True
Tetralone,gen1,Anc 400a,C,8,C8,0.0071419432745469255,True
Tetralone,gen1,Anc 401,C,9,C9,0.019910521172426636,True
Tetralone,gen1,Anc 401a,C,10,C10,0.0,False
Tetralone,gen1,Anc 468,C,11,C11,0.013600529735445382,True
Tetralone,gen1,Anc 468a,C,12,C12,0.0,False
Tetralone,gen1,Anc 284,D,1,D1,0.13840092416784092,True
Tetralone,gen1,Anc 284a,D,2,D2,0.027525150544252235,True
Tetralone,gen1,49_Clade,D,3,D3,0.14430607162651346,True
Tetralone,gen1,50_Clade,D,4,D4,0.2240104407947206,True
Tetralone,gen1,51_Clade,D,5,D5,0.14191558599878015,True
Tetralone,gen1,52_Clade,D,6,D6,0.23833256295604027,True
Tetralone,gen1,53_Clade,D,7,D7,0.0049271123229672,True
Tetralone,gen1,54_Clade,D,8,D8,0.045634993585500584,True
Tetralone,gen1,55_Clade,D,9,D9,0.024496991166849526,True
Tetralone,gen1,56_Clade,D,10,D10,0.0,False
Tetralone,gen1,57_Clade,D,11,D11,0.0,False
Tetralone,gen1,58_Clade,D,12,D12,0.0037360247431382047,True
Tetralone,gen1,59_Clade,E,1,E1,0.0,False
Tetralone,gen1,60_Clade,E,2,E2,0.0,False
Tetralone,gen1,61_Clade,E,3,E3,0.03225148561072607,True
Tetralone,gen1,62_Clade,E,4,E4,0.0,False
Tetralone,gen1,63_Clade,E,5,E5,0.0,False
Tetralone,gen1,64_Clade,E,6,E6,0.0,False
Tetralone,gen1,65_Clade,E,7,E7,0.0,False
Tetralone,gen1,66_Clade,E,8,E8,0.2971543703764309,True
Tetralone,gen1,67_Clade,E,9,E9,0.0,False
Tetralone,gen1,68_Func.,E,10,E10,0.0,False
Tetralone,gen1,69_Func.,E,11,E11,0.0,False
Tetralone,gen1,70_Func.,E,12,E12,0.0,False
Tetralone,gen1,71_Func.,F,1,F1,0.0,False
Tetralone,gen1,72_Func.,F,2,F2,0.0,False
Tetralone,gen1,73_Func.,F,3,F3,0.0,False
Tetralone,gen1,74_Func.,F,4,F4,0.0,False
Tetralone,gen1,81_Func.,F,5,F5,0.0,False
Tetralone,gen1,82_Func.,F,6,F6,0.0,False
Tetralone,gen1,83_Func.,F,7,F7,0.006186044665565697,True
Tetralone,gen1,84_Func.,F,8,F8,0.0,False
Tetralone,gen1,85_Func.,F,9,F9,0.0,False
Tetralone,gen1,86_hypo.,F,10,F10,0.0,False
Tetralone,gen1,87_hypo.,F,11,F11,0.0326776333527954,True
Tetralone,gen1,88_hypo.,F,12,F12,0.0,False
Tetralone,gen1,89_hypo.,G,1,G1,0.0,False
Tetralone,gen1,90_hypo.,G,2,G2,0.0,False
Tetralone,gen1,91_hypo.,G,3,G3,0.0,False
Tetralone,gen1,92_hypo.,G,4,G4,0.0,False
Tetralone,gen1,93_hypo.,G,5,G5,0.0,False
Tetralone,gen1,94_hypo.,G,6,G6,0.0,False
Tetralone,gen1,95_hypo.,G,7,G7,0.0,False
Tetralone,gen1,96_hypo.,G,8,G8,0.0,False
Tetralone,gen1,97_hypo.,G,9,G9,0.0,False
Tetralone,gen1,98_hypo.,G,10,G10,0.0,False
Tetralone,gen1,99_hypo.,G,11,G11,0.0,False
Tetralone,gen1,100_hypo.,G,12,G12,0.0,False
Tetralone,gen1,101_hypo.,H,1,H1,0.0,False
Tetralone,gen1,102_hypo.,H,2,H2,0.0,False
Tetralone,gen1,103_hypo.,H,3,H3,0.0,False
Tetralone,gen1,104_hypo.,H,4,H4,0.0,False
Tetralone,gen1,105_hypo.,H,5,H5,0.0,False
Tetralone,gen1,AfoD,H,6,H6,0.0,False
Tetralone,gen1,AzaH,H,7,H7,0.0,False
Tetralone,gen1,TropB,H,8,H8,0.35011504909851376,True
Tetralone,gen1,Blk,H,9,H9,0.01028999931433371,True
Tetralone,gen1,Blk,H,10,H10,0.0,False
Tetralone,gen1,Blk,H,11,H11,0.0,False
Tetralone,gen1,Blk,H,12,H12,0.0,False
Methyl-quinoline,gen3,AncFDMO_791_c1,A,1,A1,0.0,False
Methyl-quinoline,gen3,AncFDMO_1818_c5,A,2,A2,0.0,False
Methyl-quinoline,gen3,AncFDMO_162_c8,A,3,A3,0.0,False
Methyl-quinoline,gen3,AncFDMO_1809_c11,A,4,A4,0.0,False
Methyl-quinoline,gen3,AncFDMO_2310_c14,A,5,A5,0.0,False
Methyl-quinoline,gen3,AncFDMO_1370_c18,A,6,A6,0.0,False
Methyl-quinoline,gen3,AncFDMO_1795_c20,A,7,A7,0.0,False
Methyl-quinoline,gen3,AncFDMO_1317_c24,A,8,A8,0.0,False
Methyl-quinoline,gen3,AncFDMO_1758_c27,A,9,A9,0.0,False
Methyl-quinoline,gen3,AncFDMO_1550_c31,A,10,A10,0.0,False
Methyl-quinoline,gen3,AncFDMO_205_c34,A,11,A11,0.0,False
Methyl-quinoline,gen3,AncFDMO_240_c38,A,12,A12,0.0,False
Methyl-quinoline,gen3,AncFDMO_687_c1,A,13,A13,0.0,False
Methyl-quinoline,gen3,AncFDMO_1491_c5,A,14,A14,0.0,False
Methyl-quinoline,gen3,AncFDMO_747_c9,A,15,A15,0.0,False
Methyl-quinoline,gen3,AncFDMO_521_c12,A,16,A16,0.0,False
Methyl-quinoline,gen3,AncFDMO_1964_c14,A,17,A17,0.0,False
Methyl-quinoline,gen3,AncFDMO_2494_c16,A,18,A18,0.0,False
Methyl-quinoline,gen3,AncFDMO_1443_c20,A,19,A19,0.0,False
Methyl-quinoline,gen3,AncFDMO_1000_c24,A,20,A20,0.0,False
Methyl-quinoline,gen3,AncFDMO_1482_c27,A,21,A21,0.0,False
Methyl-quinoline,gen3,AncFDMO_1139_c31,A,22,A22,0.0,False
Methyl-quinoline,gen3,AncFDMO_173_c34,A,23,A23,0.0,False
Methyl-quinoline,gen3,AncFDMO_207_c38,A,24,A24,0.0,False
Methyl-quinoline,gen3,AncFDMO_522_c1,A,25,A25,0.0,False
Methyl-quinoline,gen3,AncFDMO_1244_c5,A,26,A26,0.0,False
Methyl-quinoline,gen3,AncFDMO_555_c9,A,27,A27,0.0,False
Methyl-quinoline,gen3,AncFDMO_433_c12,A,28,A28,0.0,False
Methyl-quinoline,gen3,AncFDMO_1536_c14,A,29,A29,0.0,False
Methyl-quinoline,gen3,AncFDMO_1961_c16,A,30,A30,0.0,False
Methyl-quinoline,gen3,AncFDMO_1059_c20,A,31,A31,0.0,False
Methyl-quinoline,gen3,AncFDMO_758_c24,A,32,A32,0.0,False
Methyl-quinoline,gen3,AncFDMO_1134_c27,A,33,A33,0.0,False
Methyl-quinoline,gen3,AncFDMO_917_c31,A,34,A34,0.0,False
Methyl-quinoline,gen3,AncFDMO_145_c34,A,35,A35,0.0,False
Methyl-quinoline,gen3,AncFDMO_188_c38,A,36,A36,0.0,False
Methyl-quinoline,gen3,AncFDMO_854_c1,B,1,B1,0.0,False
Methyl-quinoline,gen3,AncFDMO_2026_c5,B,2,B2,0.0,False
Methyl-quinoline,gen3,AncFDMO_941_c9,B,3,B3,0.0,False
Methyl-quinoline,gen3,AncFDMO_682_c12,B,4,B4,0.0,False
Methyl-quinoline,gen3,AncFDMO_1846_c15,B,5,B5,0.0,False
Methyl-quinoline,gen3,AncFDMO_1469_c18,B,6,B6,0.0,False
Methyl-quinoline,gen3,AncFDMO_1251_c21,B,7,B7,0.0,False
Methyl-quinoline,gen3,AncFDMO_1366_c24,B,8,B8,0.0,False
Methyl-quinoline,gen3,AncFDMO_1860_c27,B,9,B9,0.0,False
Methyl-quinoline,gen3,AncFDMO_1621_c31,B,10,B10,0.0,False
Methyl-quinoline,gen3,AncFDMO_1362_c35,B,11,B11,0.0,False
Methyl-quinoline,gen3,AncFDMO_1888_c39,B,12,B12,0.0,False
Methyl-quinoline,gen3,AncFDMO_698_c1,B,13,B13,0.0,False
Methyl-quinoline,gen3,AncFDMO_1629_c5,B,14,B14,0.0,False
Methyl-quinoline,gen3,AncFDMO_867_c9,B,15,B15,0.0,False
Methyl-quinoline,gen3,AncFDMO_630_c12,B,16,B16,0.0,False
Methyl-quinoline,gen3,AncFDMO_1497_c15,B,17,B17,1.5863621657792548,True
Methyl-quinoline,gen3,AncFDMO_1191_c18,B,18,B18,0.0,False
Methyl-quinoline,gen3,AncFDMO_1566_c20,B,19,B19,0.0,False
Methyl-quinoline,gen3,AncFDMO_1084_c24,B,20,B20,0.0,False
Methyl-quinoline,gen3,AncFDMO_1605_c27,B,21,B21,0.0,False
Methyl-quinoline,gen3,AncFDMO_1253_c31,B,22,B22,0.0,False
Methyl-quinoline,gen3,AncFDMO_1086_c35,B,23,B23,0.0,False
Methyl-quinoline,gen3,AncFDMO_1493_c39,B,24,B24,0.0,False
Methyl-quinoline,gen3,AncFDMO_579_c1,B,25,B25,0.0,False
Methyl-quinoline,gen3,AncFDMO_1284_c5,B,26,B26,0.0,False
Methyl-quinoline,gen3,AncFDMO_635_c9,B,27,B27,0.0,False
Methyl-quinoline,gen3,AncFDMO_490_c12,B,28,B28,0.0,False
Methyl-quinoline,gen3,AncFDMO_1280_c15,B,29,B29,0.0,False
Methyl-quinoline,gen3,AncFDMO_852_c18,B,30,B30,0.0,False
Methyl-quinoline,gen3,AncFDMO_1183_c20,B,31,B31,0.0,False
Methyl-quinoline,gen3,AncFDMO_866_c24,B,32,B32,0.0,False
Methyl-quinoline,gen3,AncFDMO_1243_c27,B,33,B33,0.0,False
Methyl-quinoline,gen3,AncFDMO_1036_c31,B,34,B34,0.0,False
Methyl-quinoline,gen3,AncFDMO_905_c35,B,35,B35,0.0,False
Methyl-quinoline,gen3,AncFDMO_1102_c39,B,36,B36,0.0,False
Methyl-quinoline,gen3,AncFDMO_1334_c2,C,1,C1,0.0,False
Methyl-quinoline,gen3,AncFDMO_2119_c5,C,2,C2,0.0,False
Methyl-quinoline,gen3,AncFDMO_1026_c9,C,3,C3,0.0,False
Methyl-quinoline,gen3,AncFDMO_743_c12,C,4,C4,0.0,False
Methyl-quinoline,gen3,AncFDMO_2049_c15,C,5,C5,0.0,False
Methyl-quinoline,gen3,AncFDMO_1496_c18,C,6,C6,0.0,False
Methyl-quinoline,gen3,AncFDMO_1325_c21,C,7,C7,0.0,False
Methyl-quinoline,gen3,AncFDMO_1439_c24,C,8,C8,0.0,False
Methyl-quinoline,gen3,AncFDMO_2097_c27,C,9,C9,0.0,False
Methyl-quinoline,gen3,AncFDMO_1692_c31,C,10,C10,0.0,False
Methyl-quinoline,gen3,AncFDMO_1539_c35,C,11,C11,0.0,False
Methyl-quinoline,gen3,AncFDMO_1929_c39,C,12,C12,0.0,False
Methyl-quinoline,gen3,AncFDMO_921_c2,C,13,C13,0.0,False
Methyl-quinoline,gen3,AncFDMO_1732_c5,C,14,C14,0.0,False
Methyl-quinoline,gen3,AncFDMO_1397_c10,C,15,C15,0.0,False
Methyl-quinoline,gen3,AncFDMO_1013_c13,C,16,C16,0.0,False
Methyl-quinoline,gen3,AncFDMO_1553_c15,C,17,C17,0.0,False
Methyl-quinoline,gen3,AncFDMO_1270_c18,C,18,C18,0.0,False
Methyl-quinoline,gen3,AncFDMO_1074_c21,C,19,C19,0.0,False
Methyl-quinoline,gen3,AncFDMO_1274_c24,C,20,C20,0.0,False
Methyl-quinoline,gen3,AncFDMO_1731_c27,C,21,C21,0.0,False
Methyl-quinoline,gen3,AncFDMO_1397_c31,C,22,C22,0.0,False
Methyl-quinoline,gen3,AncFDMO_1221_c35,C,23,C23,0.0,False
Methyl-quinoline,gen3,AncFDMO_1641_c39,C,24,C24,0.0,False
Methyl-quinoline,gen3,AncFDMO_761_c2,C,25,C25,0.0,False
Methyl-quinoline,gen3,AncFDMO_1358_c5,C,26,C26,0.0,False
Methyl-quinoline,gen3,AncFDMO_1008_c10,C,27,C27,0.0,False
Methyl-quinoline,gen3,AncFDMO_808_c13,C,28,C28,0.0,False
Methyl-quinoline,gen3,AncFDMO_1385_c15,C,29,C29,0.0,False
Methyl-quinoline,gen3,AncFDMO_883_c18,C,30,C30,0.0,False
Methyl-quinoline,gen3,AncFDMO_782_c21,C,31,C31,0.0,False
Methyl-quinoline,gen3,AncFDMO_968_c24,C,32,C32,0.0,False
Methyl-quinoline,gen3,AncFDMO_1312_c27,C,33,C33,0.0,False
Methyl-quinoline,gen3,AncFDMO_1105_c31,C,34,C34,0.0,False
Methyl-quinoline,gen3,AncFDMO_1014_c35,C,35,C35,0.0,False
Methyl-quinoline,gen3,AncFDMO_1281_c39,C,36,C36,0.0,False
Methyl-quinoline,gen3,AncFDMO_1382_c2,D,1,D1,0.0,False
Methyl-quinoline,gen3,AncFDMO_701_c6,D,2,D2,0.0,False
Methyl-quinoline,gen3,AncFDMO_1785_c10,D,3,D3,0.0,False
Methyl-quinoline,gen3,AncFDMO_1354_c13,D,4,D4,0.0,False
Methyl-quinoline,gen3,AncFDMO_2131_c15,D,5,D5,0.0,False
Methyl-quinoline,gen3,AncFDMO_1170_c19,D,6,D6,0.0,False
Methyl-quinoline,gen3,AncFDMO_1407_c21,D,7,D7,0.0,False
Methyl-quinoline,gen3,AncFDMO_1461_c25,D,8,D8,0.09588081492970585,True
Methyl-quinoline,gen3,AncFDMO_244_c28,D,9,D9,0.0,False
Methyl-quinoline,gen3,AncFDMO_1259_c32,D,10,D10,0.0,False
Methyl-quinoline,gen3,AncFDMO_1603_c35,D,11,D11,0.0,False
Methyl-quinoline,gen3,AncFDMO_2092_c39,D,12,D12,0.0,False
Methyl-quinoline,gen3,AncFDMO_1017_c2,D,13,D13,0.0,False
Methyl-quinoline,gen3,AncFDMO_559_c6,D,14,D14,0.0,False
Methyl-quinoline,gen3,AncFDMO_1507_c10,D,15,D15,0.0,False
Methyl-quinoline,gen3,AncFDMO_1113_c13,D,16,D16,0.0,False
Methyl-quinoline,gen3,AncFDMO_1667_c15,D,17,D17,0.0,False
Methyl-quinoline,gen3,AncFDMO_1338_c18,D,18,D18,0.0,False
Methyl-quinoline,gen3,AncFDMO_1172_c21,D,19,D19,0.0,False
Methyl-quinoline,gen3,AncFDMO_1198_c25,D,20,D20,0.0,False
Methyl-quinoline,gen3,AncFDMO_224_c29,D,21,D21,0.0,False
Methyl-quinoline,gen3,AncFDMO_993_c32,D,22,D22,3.029227738639406,True
Methyl-quinoline,gen3,AncFDMO_1319_c35,D,23,D23,0.0,False
Methyl-quinoline,gen3,AncFDMO_1734_c39,D,24,D24,0.0,False
Methyl-quinoline,gen3,AncFDMO_841_c2,D,25,D25,0.0,False
Methyl-quinoline,gen3,AncFDMO_427_c6,D,26,D26,0.0,False
Methyl-quinoline,gen3,AncFDMO_1157_c10,D,27,D27,0.0,False
Methyl-quinoline,gen3,AncFDMO_868_c13,D,28,D28,0.0,False
Methyl-quinoline,gen3,AncFDMO_1444_c15,D,29,D29,0.0,False
Methyl-quinoline,gen3,AncFDMO_1097_c18,D,30,D30,0.0,False
Methyl-quinoline,gen3,AncFDMO_848_c21,D,31,D31,0.0,False
Methyl-quinoline,gen3,AncFDMO_883_c25,D,32,D32,0.0,False
Methyl-quinoline,gen3,AncFDMO_205_c29,D,33,D33,0.0,False
Methyl-quinoline,gen3,AncFDMO_767_c32,D,34,D34,4.352446705791717,True
Methyl-quinoline,gen3,AncFDMO_1050_c35,D,35,D35,0.2701239330275947,True
Methyl-quinoline,gen3,AncFDMO_1389_c39,D,36,D36,0.0,False
Methyl-quinoline,gen3,AncFDMO_1407_c2,E,1,E1,0.0,False
Methyl-quinoline,gen3,AncFDMO_797_c6,E,2,E2,0.0,False
Methyl-quinoline,gen3,AncFDMO_1853_c10,E,3,E3,0.0,False
Methyl-quinoline,gen3,AncFDMO_1396_c13,E,4,E4,0.0,False
Methyl-quinoline,gen3,AncFDMO_2676_c16,E,5,E5,0.0,False
Methyl-quinoline,gen3,AncFDMO_1243_c19,E,6,E6,0.0,False
Methyl-quinoline,gen3,AncFDMO_1643_c22,E,7,E7,0.0,False
Methyl-quinoline,gen3,AncFDMO_1540_c25,E,8,E8,0.0,False
Methyl-quinoline,gen3,AncFDMO_301_c29,E,9,E9,0.0,False
Methyl-quinoline,gen3,AncFDMO_1310_c32,E,10,E10,0.0,False
Methyl-quinoline,gen3,AncFDMO_422_c36,E,11,E11,0.0,False
Methyl-quinoline,gen3,empty vector,E,12,E12,0.0,False
Methyl-quinoline,gen3,AncFDMO_1223_c2,E,13,E13,0.0,False
Methyl-quinoline,gen3,AncFDMO_616_c6,E,14,E14,0.0,False
Methyl-quinoline,gen3,AncFDMO_1709_c10,E,15,E15,0.0,False
Methyl-quinoline,gen3,AncFDMO_1261_c13,E,16,E16,0.0,False
Methyl-quinoline,gen3,AncFDMO_1771_c15,E,17,E17,0.0,False
Methyl-quinoline,gen3,AncFDMO_971_c19,E,18,E18,0.0,False
Methyl-quinoline,gen3,AncFDMO_1212_c21,E,19,E19,0.0,False
Methyl-quinoline,gen3,AncFDMO_1213_c25,E,20,E20,1.0988482056370985,True
Methyl-quinoline,gen3,AncFDMO_1771_c30,E,21,E21,0.0,False
Methyl-quinoline,gen3,AncFDMO_1123_c32,E,22,E22,0.0,False
Methyl-quinoline,gen3,AncFDMO_370_c36,E,23,E23,0.0,False
Methyl-quinoline,gen3,empty vector,E,24,E24,0.0,False
Methyl-quinoline,gen3,AncFDMO_888_c2,E,25,E25,0.0,False
Methyl-quinoline,gen3,AncFDMO_505_c6,E,26,E26,0.0,False
Methyl-quinoline,gen3,AncFDMO_1281_c10,E,27,E27,0.0,False
Methyl-quinoline,gen3,AncFDMO_932_c13,E,28,E28,0.0,False
Methyl-quinoline,gen3,AncFDMO_1459_c15,E,29,E29,0.0,False
Methyl-quinoline,gen3,AncFDMO_754_c19,E,30,E30,0.0,False
Methyl-quinoline,gen3,AncFDMO_900_c21,E,31,E31,0.0,False
Methyl-quinoline,gen3,AncFDMO_984_c25,E,32,E32,0.0,False
Methyl-quinoline,gen3,AncFDMO_1278_c30,E,33,E33,0.0,False
Methyl-quinoline,gen3,AncFDMO_871_c32,E,34,E34,0.7818133936583159,True
Methyl-quinoline,gen3,AncFDMO_284_c36,E,35,E35,0.0,False
Methyl-quinoline,gen3,empty vector,E,36,E36,0.0,False
Methyl-quinoline,gen3,AncFDMO_924_c3,F,1,F1,0.0,False
Methyl-quinoline,gen3,AncFDMO_967_c7,F,2,F2,0.0,False
Methyl-quinoline,gen3,AncFDMO_1896_c10,F,3,F3,0.0,False
Methyl-quinoline,gen3,AncFDMO_1470_c13,F,4,F4,0.0,False
Methyl-quinoline,gen3,AncFDMO_2796_c16,F,5,F5,0.0,False
Methyl-quinoline,gen3,AncFDMO_1320_c19,F,6,F6,0.0,False
Methyl-quinoline,gen3,AncFDMO_1661_c22,F,7,F7,0.0,False
Methyl-quinoline,gen3,AncFDMO_1601_c25,F,8,F8,0.0,False
Methyl-quinoline,gen3,AncFDMO_2226_c30,F,9,F9,0.0,False
Methyl-quinoline,gen3,AncFDMO_1401_c32,F,10,F10,0.0,False
Methyl-quinoline,gen3,AncFDMO_481_c36,F,11,F11,0.0,False
Methyl-quinoline,gen3,empty vector,F,12,F12,0.0,False
Methyl-quinoline,gen3,AncFDMO_785_c3,F,13,F13,0.0,False
Methyl-quinoline,gen3,AncFDMO_803_c7,F,14,F14,0.0,False
Methyl-quinoline,gen3,AncFDMO_1284_c11,F,15,F15,0.0,False
Methyl-quinoline,gen3,AncFDMO_1624_c14,F,16,F16,0.0,False
Methyl-quinoline,gen3,AncFDMO_2130_c16,F,17,F17,0.0,False
Methyl-quinoline,gen3,AncFDMO_1082_c19,F,18,F18,0.0,False
Methyl-quinoline,gen3,AncFDMO_1325_c22,F,19,F19,0.0,False
Methyl-quinoline,gen3,AncFDMO_1435_c25,F,20,F20,23.78056157538732,True
Methyl-quinoline,gen3,AncFDMO_1931_c30,F,21,F21,0.0,False
Methyl-quinoline,gen3,AncFDMO_1213_c32,F,22,F22,0.0,False
Methyl-quinoline,gen3,AncFDMO_406_c36,F,23,F23,0.0,False
Methyl-quinoline,gen3,empty vector,F,24,F24,0.0,False
Methyl-quinoline,gen3,AncFDMO_543_c3,F,25,F25,0.0,False
Methyl-quinoline,gen3,AncFDMO_725_c7,F,26,F26,0.0,False
Methyl-quinoline,gen3,AncFDMO_1044_c11,F,27,F27,0.0,False
Methyl-quinoline,gen3,AncFDMO_1235_c14,F,28,F28,0.0,False
Methyl-quinoline,gen3,AncFDMO_1620_c16,F,29,F29,0.22725144794238025,True
Methyl-quinoline,gen3,AncFDMO_839_c19,F,30,F30,0.0,False
Methyl-quinoline,gen3,AncFDMO_956_c22,F,31,F31,0.0,False
Methyl-quinoline,gen3,AncFDMO_1066_c25,F,32,F32,0.0,False
Methyl-quinoline,gen3,AncFDMO_1439_c30,F,33,F33,0.0,False
Methyl-quinoline,gen3,AncFDMO_966_c32,F,34,F34,1.106754844279303,True
Methyl-quinoline,gen3,AncFDMO_312_c36,F,35,F35,0.0,False
Methyl-quinoline,gen3,empty vector,F,36,F36,0.0,False
Methyl-quinoline,gen3,AncFDMO_985_c3,G,1,G1,0.0,False
Methyl-quinoline,gen3,AncFDMO_1044_c7,G,2,G2,0.0,False
Methyl-quinoline,gen3,AncFDMO_1696_c11,G,3,G3,0.0,False
Methyl-quinoline,gen3,AncFDMO_2097_c14,G,4,G4,0.0,False
Methyl-quinoline,gen3,AncFDMO_2839_c16,G,5,G5,0.0,False
Methyl-quinoline,gen3,AncFDMO_1642_c20,G,6,G6,0.0,False
Methyl-quinoline,gen3,AncFDMO_1734_c22,G,7,G7,0.0,False
Methyl-quinoline,gen3,AncFDMO_1039_c26,G,8,G8,0.06629930206942293,True
Methyl-quinoline,gen3,AncFDMO_2311_c30,G,9,G9,0.0,False
Methyl-quinoline,gen3,AncFDMO_509_c33,G,10,G10,0.0,False
Methyl-quinoline,gen3,AncFDMO_545_c37,G,11,G11,0.0,False
Methyl-quinoline,gen3,NEC,G,12,G12,0.0,False
Methyl-quinoline,gen3,AncFDMO_807_c3,G,13,G13,0.0,False
Methyl-quinoline,gen3,AncFDMO_858_c7,G,14,G14,0.0,False
Methyl-quinoline,gen3,AncFDMO_1384_c11,G,15,G15,0.0,False
Methyl-quinoline,gen3,AncFDMO_1705_c14,G,16,G16,0.0,False
Methyl-quinoline,gen3,AncFDMO_2234_c16,G,17,G17,0.0,False
Methyl-quinoline,gen3,AncFDMO_1113_c19,G,18,G18,0.0,False
Methyl-quinoline,gen3,AncFDMO_1475_c22,G,19,G19,0.0,False
Methyl-quinoline,gen3,AncFDMO_833_c26,G,20,G20,0.0,False
Methyl-quinoline,gen3,AncFDMO_2030_c30,G,21,G21,0.0,False
Methyl-quinoline,gen3,AncFDMO_408_c33,G,22,G22,0.0,False
Methyl-quinoline,gen3,AncFDMO_428_c37,G,23,G23,0.0,False
Methyl-quinoline,gen3,NEC,G,24,G24,0.0,False
Methyl-quinoline,gen3,AncFDMO_706_c3,G,25,G25,0.0,False
Methyl-quinoline,gen3,AncFDMO_761_c7,G,26,G26,0.0,False
Methyl-quinoline,gen3,AncFDMO_1096_c11,G,27,G27,0.0,False
Methyl-quinoline,gen3,AncFDMO_1327_c14,G,28,G28,0.0,False
Methyl-quinoline,gen3,AncFDMO_1731_c16,G,29,G29,0.0,False
Methyl-quinoline,gen3,AncFDMO_913_c19,G,30,G30,0.0,False
Methyl-quinoline,gen3,AncFDMO_1072_c22,G,31,G31,0.0,False
Methyl-quinoline,gen3,AncFDMO_596_c26,G,32,G32,2.6269432554001155,True
Methyl-quinoline,gen3,AncFDMO_1663_c30,G,33,G33,2.540269899616055,True
Methyl-quinoline,gen3,AncFDMO_325_c33,G,34,G34,0.0,False
Methyl-quinoline,gen3,AncFDMO_325_c37,G,35,G35,0.0,False
Methyl-quinoline,gen3,NEC,G,36,G36,0.0,False
Methyl-quinoline,gen3,AncFDMO_353_c4,H,1,H1,0.0,False
Methyl-quinoline,gen3,AncFDMO_1162_c7,H,2,H2,0.0,False
Methyl-quinoline,gen3,AncFDMO_1741_c11,H,3,H3,0.0,False
Methyl-quinoline,gen3,AncFDMO_2205_c14,H,4,H4,0.0,False
Methyl-quinoline,gen3,AncFDMO_2987_c16,H,5,H5,0.0,False
Methyl-quinoline,gen3,AncFDMO_1716_c20,H,6,H6,0.0,False
Methyl-quinoline,gen3,AncFDMO_498_c23,H,7,H7,0.0,False
Methyl-quinoline,gen3,AncFDMO_1133_c26,H,8,H8,1.415231731747222,True
Methyl-quinoline,gen3,AncFDMO_2459_c30,H,9,H9,0.0,False
Methyl-quinoline,gen3,AncFDMO_585_c33,H,10,H10,0.0,False
Methyl-quinoline,gen3,AncFDMO_609_c37,H,11,H11,0.0,False
Methyl-quinoline,gen3,NEC,H,12,H12,0.0,False
Methyl-quinoline,gen3,AncFDMO_251_c4,H,13,H13,0.0,False
Methyl-quinoline,gen3,AncFDMO_937_c7,H,14,H14,0.0,False
Methyl-quinoline,gen3,AncFDMO_1484_c11,H,15,H15,0.0,False
Methyl-quinoline,gen3,AncFDMO_1878_c14,H,16,H16,0.0,False
Methyl-quinoline,gen3,AncFDMO_2373_c16,H,17,H17,0.0,False
Methyl-quinoline,gen3,AncFDMO_1302_c20,H,18,H18,0.0,False
Methyl-quinoline,gen3,AncFDMO_1520_c22,H,19,H19,0.0,False
Methyl-quinoline,gen3,AncFDMO_984_c26,H,20,H20,0.0,False
Methyl-quinoline,gen3,AncFDMO_2130_c30,H,21,H21,0.0,False
Methyl-quinoline,gen3,AncFDMO_490_c33,H,22,H22,0.0,False
Methyl-quinoline,gen3,AncFDMO_486_c37,H,23,H23,0.0,False
Methyl-quinoline,gen3,NEC,H,24,H24,0.0,False
Methyl-quinoline,gen3,AncFDMO_196_c4,H,25,H25,0.0,False
Methyl-quinoline,gen3,AncFDMO_777_c7,H,26,H26,0.0,False
Methyl-quinoline,gen3,AncFDMO_1168_c11,H,27,H27,0.0,False
Methyl-quinoline,gen3,AncFDMO_1415_c14,H,28,H28,0.0,False
Methyl-quinoline,gen3,AncFDMO_1877_c16,H,29,H29,0.0,False
Methyl-quinoline,gen3,AncFDMO_950_c20,H,30,H30,0.0,False
Methyl-quinoline,gen3,AncFDMO_1258_c22,H,31,H31,0.0,False
Methyl-quinoline,gen3,AncFDMO_738_c26,H,32,H32,0.0,False
Methyl-quinoline,gen3,AncFDMO_1730_c30,H,33,H33,0.0,False
Methyl-quinoline,gen3,AncFDMO_347_c33,H,34,H34,0.0,False
Methyl-quinoline,gen3,AncFDMO_388_c37,H,35,H35,0.0,False
Methyl-quinoline,gen3,NEC,H,36,H36,0.0,False
Methyl-quinoline,gen2,Anc321,A,1,A1,0.0,False
Methyl-quinoline,gen2,Anc322,A,2,A2,0.0,False
Methyl-quinoline,gen2,Anc373,A,3,A3,0.0,False
Methyl-quinoline,gen2,Anc416,A,4,A4,0.0,False
Methyl-quinoline,gen2,A0A0L0NHZ5,A,5,A5,0.0,False
Methyl-quinoline,gen2,I1S0U1,A,6,A6,0.0,False
Methyl-quinoline,gen2,A0A317WVG8,A,7,A7,0.0,False
Methyl-quinoline,gen2,Q1DDU6,A,8,A8,0.0,False
Methyl-quinoline,gen2,A0A430HSE9,A,9,A9,0.0,False
Methyl-quinoline,gen2,A0A0F8U263,A,10,A10,0.0,False
Methyl-quinoline,gen2,B6K5M4,A,11,A11,0.0,False
Methyl-quinoline,gen2,A0A2I6PIZ8,A,12,A12,0.0,False
Methyl-quinoline,gen2,Anc333,B,1,B1,0.0,False
Methyl-quinoline,gen2,Anc322a,B,2,B2,0.0,False
Methyl-quinoline,gen2,Anc373a,B,3,B3,0.0,False
Methyl-quinoline,gen2,Anc416a,B,4,B4,0.0,False
Methyl-quinoline,gen2,A7UX11,B,5,B5,0.0,False
Methyl-quinoline,gen2,A0A0F7ZML0,B,6,B6,0.0,False
Methyl-quinoline,gen2,J4VWM7,B,7,B7,0.0,False
Methyl-quinoline,gen2,A8LVF4,B,8,B8,0.0,False
Methyl-quinoline,gen2,A0A0S4NSV0,B,9,B9,0.0,False
Methyl-quinoline,gen2,A0A0C9V1F0,B,10,B10,0.0,False
Methyl-quinoline,gen2,S9VNB0,B,11,B11,0.0,False
Methyl-quinoline,gen2,A0A1D8G3K4,B,12,B12,2.1678027307171974,True
Methyl-quinoline,gen2,Anc369a,C,1,C1,0.0,False
Methyl-quinoline,gen2,Anc366,C,2,C2,0.0,False
Methyl-quinoline,gen2,Anc374,C,3,C3,0.0,False
Methyl-quinoline,gen2,Anc457,C,4,C4,0.0,False
Methyl-quinoline,gen2,A0A1W2TF28,C,5,C5,0.0,False
Methyl-quinoline,gen2,cP23262,C,6,C6,0.0,False
Methyl-quinoline,gen2,A0A559M954,C,7,C7,0.0,False
Methyl-quinoline,gen2,Q2GQG8,C,8,C8,0.0,False
Methyl-quinoline,gen2,Q4WLW7,C,9,C9,0.0,False
Methyl-quinoline,gen2,J3KA16,C,10,C10,0.0,False
Methyl-quinoline,gen2,Q9Y7Z9,C,11,C11,0.0,False
Methyl-quinoline,gen2,C5FM59,C,12,C12,0.0,False
Methyl-quinoline,gen2,Anc382,D,1,D1,0.0,False
Methyl-quinoline,gen2,Anc366a,D,2,D2,0.0,False
Methyl-quinoline,gen2,Anc374a,D,3,D3,0.0,False
Methyl-quinoline,gen2,Anc457a,D,4,D4,0.0,False
Methyl-quinoline,gen2,A0A2J6S3A7,D,5,D5,0.0,False
Methyl-quinoline,gen2,cQ5BEJ7,D,6,D6,0.0,False
Methyl-quinoline,gen2,A0A177BZG4,D,7,D7,0.0,False
Methyl-quinoline,gen2,G3XQJ1,D,8,D8,0.0,False
Methyl-quinoline,gen2,A0A0K8LS04,D,9,D9,0.0,False
Methyl-quinoline,gen2,A5ABG5,D,10,D10,0.0,False
Methyl-quinoline,gen2,Q3S8R0,D,11,D11,0.0,False
Methyl-quinoline,gen2,E4V2N4,D,12,D12,0.0,False
Methyl-quinoline,gen2,Anc331,E,1,E1,0.0,False
Methyl-quinoline,gen2,Anc367,E,2,E2,0.0,False
Methyl-quinoline,gen2,Anc280,E,3,E3,0.0,False
Methyl-quinoline,gen2,Anc488,E,4,E4,0.0,False
Methyl-quinoline,gen2,A0A2J6T8P1,E,5,E5,0.0,False
Methyl-quinoline,gen2,cG3XMC2,E,6,E6,0.0,False
Methyl-quinoline,gen2,P23262,E,7,E7,0.0,False
Methyl-quinoline,gen2,Q9S3U9,E,8,E8,0.0,False
Methyl-quinoline,gen2,K9G8U3,E,9,E9,0.0,False
Methyl-quinoline,gen2,V5FKW7,E,10,E10,0.0,False
Methyl-quinoline,gen2,A0A370B0Q9,E,11,E11,0.0,False
Methyl-quinoline,gen2,F2S701,E,12,E12,0.0,False
Methyl-quinoline,gen2,Anc331a,F,1,F1,0.0,False
Methyl-quinoline,gen2,Anc367a,F,2,F2,0.0,False
Methyl-quinoline,gen2,Anc280a,F,3,F3,0.0,False
Methyl-quinoline,gen2,Anc488a,F,4,F4,0.0,False
Methyl-quinoline,gen2,A0A3D8QGL3,F,5,F5,0.0,False
Methyl-quinoline,gen2,cB6HN76,F,6,F6,0.0,False
Methyl-quinoline,gen2,Q53552,F,7,F7,0.0,False
Methyl-quinoline,gen2,A0A2R2IYY2,F,8,F8,0.0,False
Methyl-quinoline,gen2,B6HJU4,F,9,F9,0.0,False
Methyl-quinoline,gen2,R7YWS5,F,10,F10,0.0,False
Methyl-quinoline,gen2,A0A178XEJ6,F,11,F11,0.0,False
Methyl-quinoline,gen2,KPJ13581_1,F,12,F12,0.0,False
Methyl-quinoline,gen2,Anc332,G,1,G1,0.0,False
Methyl-quinoline,gen2,Anc368,G,2,G2,0.0,False
Methyl-quinoline,gen2,Anc412,G,3,G3,0.0,False
Methyl-quinoline,gen2,A0A101MPG3,G,4,G4,0.0,False
Methyl-quinoline,gen2,E3RKN0,G,5,G5,0.0,False
Methyl-quinoline,gen2,cQ0CJ62,G,6,G6,0.0,False
Methyl-quinoline,gen2,A0A239M104,G,7,G7,0.0,False
Methyl-quinoline,gen2,A0A4R7BCP1,G,8,G8,0.0,False
Methyl-quinoline,gen2,S8AW72,G,9,G9,0.0,False
Methyl-quinoline,gen2,S3CM43,G,10,G10,0.0,False
Methyl-quinoline,gen2,E1ACP7,G,11,G11,0.0,False
Methyl-quinoline,gen2,Q5ATK1,G,12,G12,0.0,False
Methyl-quinoline,gen2,Anc332a,H,1,H1,0.0,False
Methyl-quinoline,gen2,Anc368a,H,2,H2,0.0,False
Methyl-quinoline,gen2,Anc412a,H,3,H3,0.0,False
Methyl-quinoline,gen2,A0A4Q7JZ50,H,4,H4,0.0,False
Methyl-quinoline,gen2,Q0CJ62,H,5,H5,0.0,False
Methyl-quinoline,gen2,A0A1R3RGJ2,H,6,H6,0.0,False
Methyl-quinoline,gen2,Q84HF5,H,7,H7,0.0,False
Methyl-quinoline,gen2,C7EDM6,H,8,H8,0.0,False
Methyl-quinoline,gen2,A0A135LJG1,H,9,H9,0.0,False
Methyl-quinoline,gen2,A0A0B4HMN8,H,10,H10,0.0,False
Methyl-quinoline,gen2,E1ACQ4,H,11,H11,0.0,False
Methyl-quinoline,gen2,Empty pMCSG7,H,12,H12,0.0,False
Methyl-quinoline,gen1,Anc 305,A,1,A1,0.0,False
Methyl-quinoline,gen1,Anc 305a,A,2,A2,0.0,False
Methyl-quinoline,gen1,Anc 306,A,3,A3,0.0,False
Methyl-quinoline,gen1,Anc 306a,A,4,A4,0.0,False
Methyl-quinoline,gen1,Anc 311C,A,5,A5,0.0,False
Methyl-quinoline,gen1,Anc 311a,A,6,A6,0.0,False
Methyl-quinoline,gen1,Anc 312,A,7,A7,0.0,False
Methyl-quinoline,gen1,Anc 312a,A,8,A8,0.0,False
Methyl-quinoline,gen1,Anc 321,A,9,A9,0.0,False
Methyl-quinoline,gen1,Anc 321a,A,10,A10,0.0,False
Methyl-quinoline,gen1,Anc 333,A,11,A11,0.0,False
Methyl-quinoline,gen1,Anc 333a,A,12,A12,0.0,False
Methyl-quinoline,gen1,Anc 334,B,1,B1,0.0,False
Methyl-quinoline,gen1,Anc 334a,B,2,B2,0.0,False
Methyl-quinoline,gen1,Anc 335,B,3,B3,0.0,False
Methyl-quinoline,gen1,Anc 335a,B,4,B4,0.0,False
Methyl-quinoline,gen1,Anc 346,B,5,B5,0.0,False
Methyl-quinoline,gen1,Anc 346a,B,6,B6,0.0,False
Methyl-quinoline,gen1,Anc 354,B,7,B7,0.0,False
Methyl-quinoline,gen1,Anc 354a,B,8,B8,0.0,False
Methyl-quinoline,gen1,Anc 369,B,9,B9,0.0,False
Methyl-quinoline,gen1,Anc 369a,B,10,B10,0.0,False
Methyl-quinoline,gen1,Anc 370,B,11,B11,0.0,False
Methyl-quinoline,gen1,Anc 370a,B,12,B12,0.0,False
Methyl-quinoline,gen1,Anc 371,C,1,C1,0.0,False
Methyl-quinoline,gen1,Anc 371a,C,2,C2,0.0,False
Methyl-quinoline,gen1,Anc 382,C,3,C3,0.0,False
Methyl-quinoline,gen1,Anc 382a,C,4,C4,0.0,False
Methyl-quinoline,gen1,Anc 304,C,5,C5,0.0,False
Methyl-quinoline,gen1,Anc 304a,C,6,C6,0.0,False
Methyl-quinoline,gen1,Anc 400,C,7,C7,0.0,False
Methyl-quinoline,gen1,Anc 400a,C,8,C8,0.0,False
Methyl-quinoline,gen1,Anc 401,C,9,C9,0.0,False
Methyl-quinoline,gen1,Anc 401a,C,10,C10,0.0,False
Methyl-quinoline,gen1,Anc 468,C,11,C11,0.0,False
Methyl-quinoline,gen1,Anc 468a,C,12,C12,0.0,False
Methyl-quinoline,gen1,Anc 284,D,1,D1,0.0,False
Methyl-quinoline,gen1,Anc 284a,D,2,D2,0.0,False
Methyl-quinoline,gen1,49_Clade,D,3,D3,0.0,False
Methyl-quinoline,gen1,50_Clade,D,4,D4,0.0,False
Methyl-quinoline,gen1,51_Clade,D,5,D5,0.0,False
Methyl-quinoline,gen1,52_Clade,D,6,D6,0.0,False
Methyl-quinoline,gen1,53_Clade,D,7,D7,0.0,False
Methyl-quinoline,gen1,54_Clade,D,8,D8,0.0,False
Methyl-quinoline,gen1,55_Clade,D,9,D9,0.0,False
Methyl-quinoline,gen1,56_Clade,D,10,D10,0.0,False
Methyl-quinoline,gen1,57_Clade,D,11,D11,0.0,False
Methyl-quinoline,gen1,58_Clade,D,12,D12,0.0,False
Methyl-quinoline,gen1,59_Clade,E,1,E1,0.0,False
Methyl-quinoline,gen1,60_Clade,E,2,E2,0.0,False
Methyl-quinoline,gen1,61_Clade,E,3,E3,0.0,False
Methyl-quinoline,gen1,62_Clade,E,4,E4,0.0,False
Methyl-quinoline,gen1,63_Clade,E,5,E5,0.0,False
Methyl-quinoline,gen1,64_Clade,E,6,E6,0.0,False
Methyl-quinoline,gen1,65_Clade,E,7,E7,0.0,False
Methyl-quinoline,gen1,66_Clade,E,8,E8,0.0,False
Methyl-quinoline,gen1,67_Clade,E,9,E9,0.0,False
Methyl-quinoline,gen1,68_Func.,E,10,E10,0.0,False
Methyl-quinoline,gen1,69_Func.,E,11,E11,0.0,False
Methyl-quinoline,gen1,70_Func.,E,12,E12,0.0,False
Methyl-quinoline,gen1,71_Func.,F,1,F1,0.0,False
Methyl-quinoline,gen1,72_Func.,F,2,F2,0.0,False
Methyl-quinoline,gen1,73_Func.,F,3,F3,0.0,False
Methyl-quinoline,gen1,74_Func.,F,4,F4,0.0,False
Methyl-quinoline,gen1,81_Func.,F,5,F5,0.0,False
Methyl-quinoline,gen1,82_Func.,F,6,F6,0.0,False
Methyl-quinoline,gen1,83_Func.,F,7,F7,0.0,False
Methyl-quinoline,gen1,84_Func.,F,8,F8,0.0,False
Methyl-quinoline,gen1,85_Func.,F,9,F9,0.0,False
Methyl-quinoline,gen1,86_hypo.,F,10,F10,0.0,False
Methyl-quinoline,gen1,87_hypo.,F,11,F11,0.0,False
Methyl-quinoline,gen1,88_hypo.,F,12,F12,0.0,False
Methyl-quinoline,gen1,89_hypo.,G,1,G1,0.0,False
Methyl-quinoline,gen1,90_hypo.,G,2,G2,0.0,False
Methyl-quinoline,gen1,91_hypo.,G,3,G3,0.0,False
Methyl-quinoline,gen1,92_hypo.,G,4,G4,0.0,False
Methyl-quinoline,gen1,93_hypo.,G,5,G5,0.0,False
Methyl-quinoline,gen1,94_hypo.,G,6,G6,0.0,False
Methyl-quinoline,gen1,95_hypo.,G,7,G7,0.0,False
Methyl-quinoline,gen1,96_hypo.,G,8,G8,0.0,False
Methyl-quinoline,gen1,97_hypo.,G,9,G9,0.0,False
Methyl-quinoline,gen1,98_hypo.,G,10,G10,0.0,False
Methyl-quinoline,gen1,99_hypo.,G,11,G11,0.0,False
Methyl-quinoline,gen1,100_hypo.,G,12,G12,0.0,False
Methyl-quinoline,gen1,101_hypo.,H,1,H1,0.0,False
Methyl-quinoline,gen1,102_hypo.,H,2,H2,0.0,False
Methyl-quinoline,gen1,103_hypo.,H,3,H3,0.0,False
Methyl-quinoline,gen1,104_hypo.,H,4,H4,0.0,False
Methyl-quinoline,gen1,105_hypo.,H,5,H5,0.0,False
Methyl-quinoline,gen1,AfoD,H,6,H6,0.0,False
Methyl-quinoline,gen1,AzaH,H,7,H7,0.0,False
Methyl-quinoline,gen1,TropB,H,8,H8,0.0,False
Methyl-quinoline,gen1,Blk,H,9,H9,0.0,False
Methyl-quinoline,gen1,Blk,H,10,H10,0.0,False
Methyl-quinoline,gen1,Blk,H,11,H11,0.0,False
Methyl-quinoline,gen1,Blk,H,12,H12,0.0,False
Melatonin,gen3,AncFDMO_791_c1,A,1,A1,0.2867423216,True
Melatonin,gen3,AncFDMO_1818_c5,A,2,A2,0.01053186705,True
Melatonin,gen3,AncFDMO_162_c8,A,3,A3,0.0,False
Melatonin,gen3,AncFDMO_1809_c11,A,4,A4,0.02601408389,True
Melatonin,gen3,AncFDMO_2310_c14,A,5,A5,0.2677674625,True
Melatonin,gen3,AncFDMO_1370_c18,A,6,A6,0.01335474214,True
Melatonin,gen3,AncFDMO_1795_c20,A,7,A7,0.0,False
Melatonin,gen3,AncFDMO_1317_c24,A,8,A8,0.0,False
Melatonin,gen3,AncFDMO_1758_c27,A,9,A9,0.0,False
Melatonin,gen3,AncFDMO_1550_c31,A,10,A10,0.5702205947,True
Melatonin,gen3,AncFDMO_205_c34,A,11,A11,0.0,False
Melatonin,gen3,AncFDMO_240_c38,A,12,A12,0.0,False
Melatonin,gen3,AncFDMO_687_c1,A,13,A13,0.0,False
Melatonin,gen3,AncFDMO_1491_c5,A,14,A14,0.1807795044,True
Melatonin,gen3,AncFDMO_747_c9,A,15,A15,0.0,False
Melatonin,gen3,AncFDMO_521_c12,A,16,A16,0.005732592514,True
Melatonin,gen3,AncFDMO_1964_c14,A,17,A17,0.02771841084,True
Melatonin,gen3,AncFDMO_2494_c16,A,18,A18,0.004777633709,True
Melatonin,gen3,AncFDMO_1443_c20,A,19,A19,0.0,False
Melatonin,gen3,AncFDMO_1000_c24,A,20,A20,0.0,False
Melatonin,gen3,AncFDMO_1482_c27,A,21,A21,0.0,False
Melatonin,gen3,AncFDMO_1139_c31,A,22,A22,0.009559144046,True
Melatonin,gen3,AncFDMO_173_c34,A,23,A23,0.0,False
Melatonin,gen3,AncFDMO_207_c38,A,24,A24,0.0,False
Melatonin,gen3,AncFDMO_522_c1,A,25,A25,0.0,False
Melatonin,gen3,AncFDMO_1244_c5,A,26,A26,0.04926520821,True
Melatonin,gen3,AncFDMO_555_c9,A,27,A27,0.0,False
Melatonin,gen3,AncFDMO_433_c12,A,28,A28,0.0,False
Melatonin,gen3,AncFDMO_1536_c14,A,29,A29,0.0,False
Melatonin,gen3,AncFDMO_1961_c16,A,30,A30,0.9028291694,True
Melatonin,gen3,AncFDMO_1059_c20,A,31,A31,0.0,False
Melatonin,gen3,AncFDMO_758_c24,A,32,A32,0.0,False
Melatonin,gen3,AncFDMO_1134_c27,A,33,A33,0.0,False
Melatonin,gen3,AncFDMO_917_c31,A,34,A34,0.0242217674,True
Melatonin,gen3,AncFDMO_145_c34,A,35,A35,0.0,False
Melatonin,gen3,AncFDMO_188_c38,A,36,A36,0.0,False
Melatonin,gen3,AncFDMO_854_c1,B,1,B1,0.04477782544,True
Melatonin,gen3,AncFDMO_2026_c5,B,2,B2,1.086339684,True
Melatonin,gen3,AncFDMO_941_c9,B,3,B3,0.0,False
Melatonin,gen3,AncFDMO_682_c12,B,4,B4,0.0,False
Melatonin,gen3,AncFDMO_1846_c15,B,5,B5,0.0,False
Melatonin,gen3,AncFDMO_1469_c18,B,6,B6,0.0,False
Melatonin,gen3,AncFDMO_1251_c21,B,7,B7,0.0,False
Melatonin,gen3,AncFDMO_1366_c24,B,8,B8,0.0,False
Melatonin,gen3,AncFDMO_1860_c27,B,9,B9,0.0,False
Melatonin,gen3,AncFDMO_1621_c31,B,10,B10,0.0,False
Melatonin,gen3,AncFDMO_1362_c35,B,11,B11,0.0,False
Melatonin,gen3,AncFDMO_1888_c39,B,12,B12,0.0,False
Melatonin,gen3,AncFDMO_698_c1,B,13,B13,0.007090157969,True
Melatonin,gen3,AncFDMO_1629_c5,B,14,B14,0.0,False
Melatonin,gen3,AncFDMO_867_c9,B,15,B15,0.0,False
Melatonin,gen3,AncFDMO_630_c12,B,16,B16,0.0,False
Melatonin,gen3,AncFDMO_1497_c15,B,17,B17,0.04687921248,True
Melatonin,gen3,AncFDMO_1191_c18,B,18,B18,0.0,False
Melatonin,gen3,AncFDMO_1566_c20,B,19,B19,0.0,False
Melatonin,gen3,AncFDMO_1084_c24,B,20,B20,0.0,False
Melatonin,gen3,AncFDMO_1605_c27,B,21,B21,0.00578131811,True
Melatonin,gen3,AncFDMO_1253_c31,B,22,B22,0.01489746218,True
Melatonin,gen3,AncFDMO_1086_c35,B,23,B23,0.0,False
Melatonin,gen3,AncFDMO_1493_c39,B,24,B24,0.0,False
Melatonin,gen3,AncFDMO_579_c1,B,25,B25,0.0,False
Melatonin,gen3,AncFDMO_1284_c5,B,26,B26,1.30577766,True
Melatonin,gen3,AncFDMO_635_c9,B,27,B27,0.0,False
Melatonin,gen3,AncFDMO_490_c12,B,28,B28,0.0,False
Melatonin,gen3,AncFDMO_1280_c15,B,29,B29,0.0,False
Melatonin,gen3,AncFDMO_852_c18,B,30,B30,0.0,False
Melatonin,gen3,AncFDMO_1183_c20,B,31,B31,0.0,False
Melatonin,gen3,AncFDMO_866_c24,B,32,B32,0.0,False
Melatonin,gen3,AncFDMO_1243_c27,B,33,B33,0.0,False
Melatonin,gen3,AncFDMO_1036_c31,B,34,B34,0.0,False
Melatonin,gen3,AncFDMO_905_c35,B,35,B35,0.1274177182,True
Melatonin,gen3,AncFDMO_1102_c39,B,36,B36,0.0,False
Melatonin,gen3,AncFDMO_1334_c2,C,1,C1,0.07034716637,True
Melatonin,gen3,AncFDMO_2119_c5,C,2,C2,0.05439847044,True
Melatonin,gen3,AncFDMO_1026_c9,C,3,C3,0.0,False
Melatonin,gen3,AncFDMO_743_c12,C,4,C4,0.0,False
Melatonin,gen3,AncFDMO_2049_c15,C,5,C5,0.0,False
Melatonin,gen3,AncFDMO_1496_c18,C,6,C6,0.0,False
Melatonin,gen3,AncFDMO_1325_c21,C,7,C7,0.0,False
Melatonin,gen3,AncFDMO_1439_c24,C,8,C8,0.0,False
Melatonin,gen3,AncFDMO_2097_c27,C,9,C9,0.0,False
Melatonin,gen3,AncFDMO_1692_c31,C,10,C10,1.107856383,True
Melatonin,gen3,AncFDMO_1539_c35,C,11,C11,0.0,False
Melatonin,gen3,AncFDMO_1929_c39,C,12,C12,0.0,False
Melatonin,gen3,AncFDMO_921_c2,C,13,C13,0.0,False
Melatonin,gen3,AncFDMO_1732_c5,C,14,C14,0.007034119028,True
Melatonin,gen3,AncFDMO_1397_c10,C,15,C15,0.0,False
Melatonin,gen3,AncFDMO_1013_c13,C,16,C16,0.0,False
Melatonin,gen3,AncFDMO_1553_c15,C,17,C17,0.0,False
Melatonin,gen3,AncFDMO_1270_c18,C,18,C18,0.007915701037,True
Melatonin,gen3,AncFDMO_1074_c21,C,19,C19,0.005865374776,True
Melatonin,gen3,AncFDMO_1274_c24,C,20,C20,0.005387941768,True
Melatonin,gen3,AncFDMO_1731_c27,C,21,C21,0.0,False
Melatonin,gen3,AncFDMO_1397_c31,C,22,C22,0.0,False
Melatonin,gen3,AncFDMO_1221_c35,C,23,C23,0.0,False
Melatonin,gen3,AncFDMO_1641_c39,C,24,C24,0.0,False
Melatonin,gen3,AncFDMO_761_c2,C,25,C25,0.0,False
Melatonin,gen3,AncFDMO_1358_c5,C,26,C26,0.0,False
Melatonin,gen3,AncFDMO_1008_c10,C,27,C27,0.0,False
Melatonin,gen3,AncFDMO_808_c13,C,28,C28,0.06163156553,True
Melatonin,gen3,AncFDMO_1385_c15,C,29,C29,0.0,False
Melatonin,gen3,AncFDMO_883_c18,C,30,C30,0.0,False
Melatonin,gen3,AncFDMO_782_c21,C,31,C31,0.0,False
Melatonin,gen3,AncFDMO_968_c24,C,32,C32,0.0,False
Melatonin,gen3,AncFDMO_1312_c27,C,33,C33,0.0,False
Melatonin,gen3,AncFDMO_1105_c31,C,34,C34,0.0,False
Melatonin,gen3,AncFDMO_1014_c35,C,35,C35,0.0,False
Melatonin,gen3,AncFDMO_1281_c39,C,36,C36,0.0,False
Melatonin,gen3,AncFDMO_1382_c2,D,1,D1,0.05413098757,True
Melatonin,gen3,AncFDMO_701_c6,D,2,D2,0.0,False
Melatonin,gen3,AncFDMO_1785_c10,D,3,D3,0.0,False
Melatonin,gen3,AncFDMO_1354_c13,D,4,D4,0.0,False
Melatonin,gen3,AncFDMO_2131_c15,D,5,D5,0.0,False
Melatonin,gen3,AncFDMO_1170_c19,D,6,D6,0.0,False
Melatonin,gen3,AncFDMO_1407_c21,D,7,D7,0.0,False
Melatonin,gen3,AncFDMO_1461_c25,D,8,D8,0.0,False
Melatonin,gen3,AncFDMO_244_c28,D,9,D9,0.0,False
Melatonin,gen3,AncFDMO_1259_c32,D,10,D10,0.04096512283,True
Melatonin,gen3,AncFDMO_1603_c35,D,11,D11,0.01997830484,True
Melatonin,gen3,AncFDMO_2092_c39,D,12,D12,0.0,False
Melatonin,gen3,AncFDMO_1017_c2,D,13,D13,0.01980310389,True
Melatonin,gen3,AncFDMO_559_c6,D,14,D14,0.005208510698,True
Melatonin,gen3,AncFDMO_1507_c10,D,15,D15,0.0,False
Melatonin,gen3,AncFDMO_1113_c13,D,16,D16,0.0,False
Melatonin,gen3,AncFDMO_1667_c15,D,17,D17,0.004114864888,True
Melatonin,gen3,AncFDMO_1338_c18,D,18,D18,0.0,False
Melatonin,gen3,AncFDMO_1172_c21,D,19,D19,0.0,False
Melatonin,gen3,AncFDMO_1198_c25,D,20,D20,0.01901201325,True
Melatonin,gen3,AncFDMO_224_c29,D,21,D21,0.008263485136,True
Melatonin,gen3,AncFDMO_993_c32,D,22,D22,0.0,False
Melatonin,gen3,AncFDMO_1319_c35,D,23,D23,0.0,False
Melatonin,gen3,AncFDMO_1734_c39,D,24,D24,0.0,False
Melatonin,gen3,AncFDMO_841_c2,D,25,D25,0.0,False
Melatonin,gen3,AncFDMO_427_c6,D,26,D26,0.0,False
Melatonin,gen3,AncFDMO_1157_c10,D,27,D27,0.0,False
Melatonin,gen3,AncFDMO_868_c13,D,28,D28,0.0,False
Melatonin,gen3,AncFDMO_1444_c15,D,29,D29,0.0,False
Melatonin,gen3,AncFDMO_1097_c18,D,30,D30,0.0,False
Melatonin,gen3,AncFDMO_848_c21,D,31,D31,0.0,False
Melatonin,gen3,AncFDMO_883_c25,D,32,D32,0.0,False
Melatonin,gen3,AncFDMO_205_c29,D,33,D33,0.03304759272,True
Melatonin,gen3,AncFDMO_767_c32,D,34,D34,9.80791377,True
Melatonin,gen3,AncFDMO_1050_c35,D,35,D35,0.08653201006,True
Melatonin,gen3,AncFDMO_1389_c39,D,36,D36,0.0,False
Melatonin,gen3,AncFDMO_1407_c2,E,1,E1,0.05415198446,True
Melatonin,gen3,AncFDMO_797_c6,E,2,E2,0.0,False
Melatonin,gen3,AncFDMO_1853_c10,E,3,E3,0.0,False
Melatonin,gen3,AncFDMO_1396_c13,E,4,E4,0.0,False
Melatonin,gen3,AncFDMO_2676_c16,E,5,E5,0.0,False
Melatonin,gen3,AncFDMO_1243_c19,E,6,E6,0.0,False
Melatonin,gen3,AncFDMO_1643_c22,E,7,E7,0.0,False
Melatonin,gen3,AncFDMO_1540_c25,E,8,E8,0.0,False
Melatonin,gen3,AncFDMO_301_c29,E,9,E9,0.166751422,True
Melatonin,gen3,AncFDMO_1310_c32,E,10,E10,0.0,False
Melatonin,gen3,AncFDMO_422_c36,E,11,E11,0.0,False
Melatonin,gen3,empty vector,E,12,E12,0.0,False
Melatonin,gen3,AncFDMO_1223_c2,E,13,E13,0.0,False
Melatonin,gen3,AncFDMO_616_c6,E,14,E14,0.0,False
Melatonin,gen3,AncFDMO_1709_c10,E,15,E15,0.0,False
Melatonin,gen3,AncFDMO_1261_c13,E,16,E16,0.01620433211,True
Melatonin,gen3,AncFDMO_1771_c15,E,17,E17,0.0,False
Melatonin,gen3,AncFDMO_971_c19,E,18,E18,0.3933852661,True
Melatonin,gen3,AncFDMO_1212_c21,E,19,E19,0.0,False
Melatonin,gen3,AncFDMO_1213_c25,E,20,E20,0.9078467951,True
Melatonin,gen3,AncFDMO_1771_c30,E,21,E21,0.03102032525,True
Melatonin,gen3,AncFDMO_1123_c32,E,22,E22,0.004884046513,True
Melatonin,gen3,AncFDMO_370_c36,E,23,E23,0.01439190286,True
Melatonin,gen3,empty vector,E,24,E24,0.004616092112,True
Melatonin,gen3,AncFDMO_888_c2,E,25,E25,0.0,False
Melatonin,gen3,AncFDMO_505_c6,E,26,E26,0.0,False
Melatonin,gen3,AncFDMO_1281_c10,E,27,E27,0.0,False
Melatonin,gen3,AncFDMO_932_c13,E,28,E28,0.04326854935,True
Melatonin,gen3,AncFDMO_1459_c15,E,29,E29,0.0,False
Melatonin,gen3,AncFDMO_754_c19,E,30,E30,0.0,False
Melatonin,gen3,AncFDMO_900_c21,E,31,E31,0.0,False
Melatonin,gen3,AncFDMO_984_c25,E,32,E32,0.02297798855,True
Melatonin,gen3,AncFDMO_1278_c30,E,33,E33,0.0,False
Melatonin,gen3,AncFDMO_871_c32,E,34,E34,0.2275479215,True
Melatonin,gen3,AncFDMO_284_c36,E,35,E35,0.0,False
Melatonin,gen3,empty vector,E,36,E36,0.0,False
Melatonin,gen3,AncFDMO_924_c3,F,1,F1,0.0,False
Melatonin,gen3,AncFDMO_967_c7,F,2,F2,0.0,False
Melatonin,gen3,AncFDMO_1896_c10,F,3,F3,0.0,False
Melatonin,gen3,AncFDMO_1470_c13,F,4,F4,0.0,False
Melatonin,gen3,AncFDMO_2796_c16,F,5,F5,0.0,False
Melatonin,gen3,AncFDMO_1320_c19,F,6,F6,0.0,False
Melatonin,gen3,AncFDMO_1661_c22,F,7,F7,0.0,False
Melatonin,gen3,AncFDMO_1601_c25,F,8,F8,0.0,False
Melatonin,gen3,AncFDMO_2226_c30,F,9,F9,0.0,False
Melatonin,gen3,AncFDMO_1401_c32,F,10,F10,0.0,False
Melatonin,gen3,AncFDMO_481_c36,F,11,F11,0.06094916014,True
Melatonin,gen3,empty vector,F,12,F12,0.0,False
Melatonin,gen3,AncFDMO_785_c3,F,13,F13,0.0,False
Melatonin,gen3,AncFDMO_803_c7,F,14,F14,0.005970425196,True
Melatonin,gen3,AncFDMO_1284_c11,F,15,F15,0.02456221344,True
Melatonin,gen3,AncFDMO_1624_c14,F,16,F16,0.01177062593,True
Melatonin,gen3,AncFDMO_2130_c16,F,17,F17,0.0,False
Melatonin,gen3,AncFDMO_1082_c19,F,18,F18,0.0,False
Melatonin,gen3,AncFDMO_1325_c22,F,19,F19,0.0,False
Melatonin,gen3,AncFDMO_1435_c25,F,20,F20,0.5299344883,True
Melatonin,gen3,AncFDMO_1931_c30,F,21,F21,0.00993790268,True
Melatonin,gen3,AncFDMO_1213_c32,F,22,F22,0.005680126463,True
Melatonin,gen3,AncFDMO_406_c36,F,23,F23,0.008072006966,True
Melatonin,gen3,empty vector,F,24,F24,0.006922647445,True
Melatonin,gen3,AncFDMO_543_c3,F,25,F25,0.0,False
Melatonin,gen3,AncFDMO_725_c7,F,26,F26,0.0,False
Melatonin,gen3,AncFDMO_1044_c11,F,27,F27,0.05796209702,True
Melatonin,gen3,AncFDMO_1235_c14,F,28,F28,0.0,False
Melatonin,gen3,AncFDMO_1620_c16,F,29,F29,0.0196128425,True
Melatonin,gen3,AncFDMO_839_c19,F,30,F30,0.02574858021,True
Melatonin,gen3,AncFDMO_956_c22,F,31,F31,0.0,False
Melatonin,gen3,AncFDMO_1066_c25,F,32,F32,0.04210981494,True
Melatonin,gen3,AncFDMO_1439_c30,F,33,F33,0.0,False
Melatonin,gen3,AncFDMO_966_c32,F,34,F34,0.05015486553,True
Melatonin,gen3,AncFDMO_312_c36,F,35,F35,0.0,False
Melatonin,gen3,empty vector,F,36,F36,0.0,False
Melatonin,gen3,AncFDMO_985_c3,G,1,G1,0.0,False
Melatonin,gen3,AncFDMO_1044_c7,G,2,G2,0.0,False
Melatonin,gen3,AncFDMO_1696_c11,G,3,G3,0.0,False
Melatonin,gen3,AncFDMO_2097_c14,G,4,G4,0.0,False
Melatonin,gen3,AncFDMO_2839_c16,G,5,G5,0.0,False
Melatonin,gen3,AncFDMO_1642_c20,G,6,G6,0.0,False
Melatonin,gen3,AncFDMO_1734_c22,G,7,G7,0.0,False
Melatonin,gen3,AncFDMO_1039_c26,G,8,G8,0.0,False
Melatonin,gen3,AncFDMO_2311_c30,G,9,G9,0.0,False
Melatonin,gen3,AncFDMO_509_c33,G,10,G10,0.0,False
Melatonin,gen3,AncFDMO_545_c37,G,11,G11,0.0,False
Melatonin,gen3,NEC,G,12,G12,0.0,False
Melatonin,gen3,AncFDMO_807_c3,G,13,G13,0.009624136622,True
Melatonin,gen3,AncFDMO_858_c7,G,14,G14,0.0117955712,True
Melatonin,gen3,AncFDMO_1384_c11,G,15,G15,0.01798987178,True
Melatonin,gen3,AncFDMO_1705_c14,G,16,G16,0.4938253603,True
Melatonin,gen3,AncFDMO_2234_c16,G,17,G17,0.00948582993,True
Melatonin,gen3,AncFDMO_1113_c19,G,18,G18,0.009776509754,True
Melatonin,gen3,AncFDMO_1475_c22,G,19,G19,0.0,False
Melatonin,gen3,AncFDMO_833_c26,G,20,G20,0.006904496705,True
Melatonin,gen3,AncFDMO_2030_c30,G,21,G21,0.0,False
Melatonin,gen3,AncFDMO_408_c33,G,22,G22,0.007171323687,True
Melatonin,gen3,AncFDMO_428_c37,G,23,G23,0.0,False
Melatonin,gen3,NEC,G,24,G24,0.0,False
Melatonin,gen3,AncFDMO_706_c3,G,25,G25,0.0,False
Melatonin,gen3,AncFDMO_761_c7,G,26,G26,0.02718908799,True
Melatonin,gen3,AncFDMO_1096_c11,G,27,G27,0.04059535219,True
Melatonin,gen3,AncFDMO_1327_c14,G,28,G28,0.0,False
Melatonin,gen3,AncFDMO_1731_c16,G,29,G29,0.0,False
Melatonin,gen3,AncFDMO_913_c19,G,30,G30,0.0,False
Melatonin,gen3,AncFDMO_1072_c22,G,31,G31,0.0,False
Melatonin,gen3,AncFDMO_596_c26,G,32,G32,18.37206323,True
Melatonin,gen3,AncFDMO_1663_c30,G,33,G33,0.04425831602,True
Melatonin,gen3,AncFDMO_325_c33,G,34,G34,0.0,False
Melatonin,gen3,AncFDMO_325_c37,G,35,G35,0.0,False
Melatonin,gen3,NEC,G,36,G36,0.0,False
Melatonin,gen3,AncFDMO_353_c4,H,1,H1,0.0,False
Melatonin,gen3,AncFDMO_1162_c7,H,2,H2,0.0,False
Melatonin,gen3,AncFDMO_1741_c11,H,3,H3,0.0,False
Melatonin,gen3,AncFDMO_2205_c14,H,4,H4,0.0,False
Melatonin,gen3,AncFDMO_2987_c16,H,5,H5,0.0,False
Melatonin,gen3,AncFDMO_1716_c20,H,6,H6,0.0,False
Melatonin,gen3,AncFDMO_498_c23,H,7,H7,0.0,False
Melatonin,gen3,AncFDMO_1133_c26,H,8,H8,0.0,False
Melatonin,gen3,AncFDMO_2459_c30,H,9,H9,0.0,False
Melatonin,gen3,AncFDMO_585_c33,H,10,H10,0.0,False
Melatonin,gen3,AncFDMO_609_c37,H,11,H11,0.0,False
Melatonin,gen3,NEC,H,12,H12,0.0,False
Melatonin,gen3,AncFDMO_251_c4,H,13,H13,0.009392270679,True
Melatonin,gen3,AncFDMO_937_c7,H,14,H14,0.01062103941,True
Melatonin,gen3,AncFDMO_1484_c11,H,15,H15,0.01350204392,True
Melatonin,gen3,AncFDMO_1878_c14,H,16,H16,0.03279968449,True
Melatonin,gen3,AncFDMO_2373_c16,H,17,H17,0.0,False
Melatonin,gen3,AncFDMO_1302_c20,H,18,H18,0.009368743974,True
Melatonin,gen3,AncFDMO_1520_c22,H,19,H19,0.005960275664,True
Melatonin,gen3,AncFDMO_984_c26,H,20,H20,0.008912987548,True
Melatonin,gen3,AncFDMO_2130_c30,H,21,H21,0.01346156615,True
Melatonin,gen3,AncFDMO_490_c33,H,22,H22,0.006186705633,True
Melatonin,gen3,AncFDMO_486_c37,H,23,H23,0.005157123873,True
Melatonin,gen3,NEC,H,24,H24,0.0,False
Melatonin,gen3,AncFDMO_196_c4,H,25,H25,0.0,False
Melatonin,gen3,AncFDMO_777_c7,H,26,H26,0.02934206726,True
Melatonin,gen3,AncFDMO_1168_c11,H,27,H27,0.0,False
Melatonin,gen3,AncFDMO_1415_c14,H,28,H28,0.0201946617,True
Melatonin,gen3,AncFDMO_1877_c16,H,29,H29,4.960593447,True
Melatonin,gen3,AncFDMO_950_c20,H,30,H30,0.03385384354,True
Melatonin,gen3,AncFDMO_1258_c22,H,31,H31,0.0,False
Melatonin,gen3,AncFDMO_738_c26,H,32,H32,0.0,False
Melatonin,gen3,AncFDMO_1730_c30,H,33,H33,0.0,False
Melatonin,gen3,AncFDMO_347_c33,H,34,H34,0.0,False
Melatonin,gen3,AncFDMO_388_c37,H,35,H35,0.0,False
Melatonin,gen3,NEC,H,36,H36,0.0,False
Melatonin,gen2,Anc321,A,1,A1,0.0,False
Melatonin,gen2,Anc322,A,2,A2,0.0,False
Melatonin,gen2,Anc373,A,3,A3,0.0,False
Melatonin,gen2,Anc416,A,4,A4,0.0,False
Melatonin,gen2,A0A0L0NHZ5,A,5,A5,0.0,False
Melatonin,gen2,I1S0U1,A,6,A6,0.0,False
Melatonin,gen2,A0A317WVG8,A,7,A7,0.0,False
Melatonin,gen2,Q1DDU6,A,8,A8,0.0,False
Melatonin,gen2,A0A430HSE9,A,9,A9,0.0,False
Melatonin,gen2,A0A0F8U263,A,10,A10,0.2055628355,True
Melatonin,gen2,B6K5M4,A,11,A11,0.0,False
Melatonin,gen2,A0A2I6PIZ8,A,12,A12,0.0,False
Melatonin,gen2,Anc333,B,1,B1,0.0,False
Melatonin,gen2,Anc322a,B,2,B2,0.0,False
Melatonin,gen2,Anc373a,B,3,B3,0.0,False
Melatonin,gen2,Anc416a,B,4,B4,0.0,False
Melatonin,gen2,A7UX11,B,5,B5,0.0,False
Melatonin,gen2,A0A0F7ZML0,B,6,B6,0.0,False
Melatonin,gen2,J4VWM7,B,7,B7,0.0,False
Melatonin,gen2,A8LVF4,B,8,B8,0.0,False
Melatonin,gen2,A0A0S4NSV0,B,9,B9,0.0,False
Melatonin,gen2,A0A0C9V1F0,B,10,B10,0.0,False
Melatonin,gen2,S9VNB0,B,11,B11,0.0,False
Melatonin,gen2,A0A1D8G3K4,B,12,B12,0.0,False
Melatonin,gen2,Anc369a,C,1,C1,0.0,False
Melatonin,gen2,Anc366,C,2,C2,0.0,False
Melatonin,gen2,Anc374,C,3,C3,0.0,False
Melatonin,gen2,Anc457,C,4,C4,0.0,False
Melatonin,gen2,A0A1W2TF28,C,5,C5,0.0,False
Melatonin,gen2,cP23262,C,6,C6,0.0,False
Melatonin,gen2,A0A559M954,C,7,C7,0.0,False
Melatonin,gen2,Q2GQG8,C,8,C8,0.0,False
Melatonin,gen2,Q4WLW7,C,9,C9,0.0,False
Melatonin,gen2,J3KA16,C,10,C10,1.644636307,True
Melatonin,gen2,Q9Y7Z9,C,11,C11,0.0,False
Melatonin,gen2,C5FM59,C,12,C12,0.0,False
Melatonin,gen2,Anc382,D,1,D1,0.04253534573,True
Melatonin,gen2,Anc366a,D,2,D2,0.0,False
Melatonin,gen2,Anc374a,D,3,D3,0.0,False
Melatonin,gen2,Anc457a,D,4,D4,0.0,False
Melatonin,gen2,A0A2J6S3A7,D,5,D5,0.0,False
Melatonin,gen2,cQ5BEJ7,D,6,D6,0.0,False
Melatonin,gen2,A0A177BZG4,D,7,D7,0.0,False
Melatonin,gen2,G3XQJ1,D,8,D8,0.0,False
Melatonin,gen2,A0A0K8LS04,D,9,D9,0.0,False
Melatonin,gen2,A5ABG5,D,10,D10,0.0,False
Melatonin,gen2,Q3S8R0,D,11,D11,0.0,False
Melatonin,gen2,E4V2N4,D,12,D12,0.0,False
Melatonin,gen2,Anc331,E,1,E1,0.0,False
Melatonin,gen2,Anc367,E,2,E2,0.0,False
Melatonin,gen2,Anc280,E,3,E3,2.028376088,True
Melatonin,gen2,Anc488,E,4,E4,0.0,False
Melatonin,gen2,A0A2J6T8P1,E,5,E5,0.0,False
Melatonin,gen2,cG3XMC2,E,6,E6,0.0,False
Melatonin,gen2,P23262,E,7,E7,0.0,False
Melatonin,gen2,Q9S3U9,E,8,E8,0.0,False
Melatonin,gen2,K9G8U3,E,9,E9,0.0,False
Melatonin,gen2,V5FKW7,E,10,E10,0.0,False
Melatonin,gen2,A0A370B0Q9,E,11,E11,0.0,False
Melatonin,gen2,F2S701,E,12,E12,0.0,False
Melatonin,gen2,Anc331a,F,1,F1,0.0,False
Melatonin,gen2,Anc367a,F,2,F2,0.0,False
Melatonin,gen2,Anc280a,F,3,F3,6.646563037,True
Melatonin,gen2,Anc488a,F,4,F4,0.0,False
Melatonin,gen2,A0A3D8QGL3,F,5,F5,0.0,False
Melatonin,gen2,cB6HN76,F,6,F6,0.0,False
Melatonin,gen2,Q53552,F,7,F7,0.0,False
Melatonin,gen2,A0A2R2IYY2,F,8,F8,0.0,False
Melatonin,gen2,B6HJU4,F,9,F9,0.0,False
Melatonin,gen2,R7YWS5,F,10,F10,0.0,False
Melatonin,gen2,A0A178XEJ6,F,11,F11,0.0,False
Melatonin,gen2,KPJ13581_1,F,12,F12,0.0,False
Melatonin,gen2,Anc332,G,1,G1,0.0,False
Melatonin,gen2,Anc368,G,2,G2,0.0,False
Melatonin,gen2,Anc412,G,3,G3,0.0,False
Melatonin,gen2,A0A101MPG3,G,4,G4,0.0,False
Melatonin,gen2,E3RKN0,G,5,G5,0.0,False
Melatonin,gen2,cQ0CJ62,G,6,G6,0.0,False
Melatonin,gen2,A0A239M104,G,7,G7,0.0,False
Melatonin,gen2,A0A4R7BCP1,G,8,G8,0.0,False
Melatonin,gen2,S8AW72,G,9,G9,0.0,False
Melatonin,gen2,S3CM43,G,10,G10,0.0,False
Melatonin,gen2,E1ACP7,G,11,G11,0.0,False
Melatonin,gen2,Q5ATK1,G,12,G12,0.0,False
Melatonin,gen2,Anc332a,H,1,H1,0.0,False
Melatonin,gen2,Anc368a,H,2,H2,0.0,False
Melatonin,gen2,Anc412a,H,3,H3,0.0,False
Melatonin,gen2,A0A4Q7JZ50,H,4,H4,0.0,False
Melatonin,gen2,Q0CJ62,H,5,H5,0.0,False
Melatonin,gen2,A0A1R3RGJ2,H,6,H6,0.0,False
Melatonin,gen2,Q84HF5,H,7,H7,0.0,False
Melatonin,gen2,C7EDM6,H,8,H8,0.0,False
Melatonin,gen2,A0A135LJG1,H,9,H9,0.0,False
Melatonin,gen2,A0A0B4HMN8,H,10,H10,0.0,False
Melatonin,gen2,E1ACQ4,H,11,H11,0.0,False
Melatonin,gen2,Empty pMCSG7,H,12,H12,0.0,False
Melatonin,gen1,Anc 305,A,1,A1,0.01685062798,True
Melatonin,gen1,Anc 305a,A,2,A2,0.01588210575,True
Melatonin,gen1,Anc 306,A,3,A3,0.01112926791,True
Melatonin,gen1,Anc 306a,A,4,A4,0.005078161506,True
Melatonin,gen1,Anc 311C,A,5,A5,0.006519880131,True
Melatonin,gen1,Anc 311a,A,6,A6,0.01007410369,True
Melatonin,gen1,Anc 312,A,7,A7,0.01314358323,True
Melatonin,gen1,Anc 312a,A,8,A8,0.0127393587,True
Melatonin,gen1,Anc 321,A,9,A9,0.01310322172,True
Melatonin,gen1,Anc 321a,A,10,A10,0.008361335651,True
Melatonin,gen1,Anc 333,A,11,A11,0.01218519513,True
Melatonin,gen1,Anc 333a,A,12,A12,0.01190051664,True
Melatonin,gen1,Anc 334,B,1,B1,0.006135471291,True
Melatonin,gen1,Anc 334a,B,2,B2,0.00952832319,True
Melatonin,gen1,Anc 335,B,3,B3,0.0123505429,True
Melatonin,gen1,Anc 335a,B,4,B4,0.003503859465,True
Melatonin,gen1,Anc 346,B,5,B5,0.003568440224,True
Melatonin,gen1,Anc 346a,B,6,B6,0.0,False
Melatonin,gen1,Anc 354,B,7,B7,0.009346387129,True
Melatonin,gen1,Anc 354a,B,8,B8,0.0,False
Melatonin,gen1,Anc 369,B,9,B9,0.0,False
Melatonin,gen1,Anc 369a,B,10,B10,0.02614269903,True
Melatonin,gen1,Anc 370,B,11,B11,0.01085099796,True
Melatonin,gen1,Anc 370a,B,12,B12,0.01520635994,True
Melatonin,gen1,Anc 371,C,1,C1,0.01847232893,True
Melatonin,gen1,Anc 371a,C,2,C2,0.01936752372,True
Melatonin,gen1,Anc 382,C,3,C3,0.01716544528,True
Melatonin,gen1,Anc 382a,C,4,C4,0.01599143766,True
Melatonin,gen1,Anc 304,C,5,C5,0.0,False
Melatonin,gen1,Anc 304a,C,6,C6,0.005927947677,True
Melatonin,gen1,Anc 400,C,7,C7,0.006732365752,True
Melatonin,gen1,Anc 400a,C,8,C8,0.0,False
Melatonin,gen1,Anc 401,C,9,C9,0.0,False
Melatonin,gen1,Anc 401a,C,10,C10,0.005257558529,True
Melatonin,gen1,Anc 468,C,11,C11,0.01278501023,True
Melatonin,gen1,Anc 468a,C,12,C12,0.006075954917,True
Melatonin,gen1,Anc 284,D,1,D1,0.01025478344,True
Melatonin,gen1,Anc 284a,D,2,D2,0.01688560491,True
Melatonin,gen1,49_Clade,D,3,D3,0.02125416226,True
Melatonin,gen1,50_Clade,D,4,D4,0.0,False
Melatonin,gen1,51_Clade,D,5,D5,0.01360086736,True
Melatonin,gen1,52_Clade,D,6,D6,0.01209965284,True
Melatonin,gen1,53_Clade,D,7,D7,0.01694619566,True
Melatonin,gen1,54_Clade,D,8,D8,0.01855341148,True
Melatonin,gen1,55_Clade,D,9,D9,0.01772797651,True
Melatonin,gen1,56_Clade,D,10,D10,0.01234241959,True
Melatonin,gen1,57_Clade,D,11,D11,0.01308333762,True
Melatonin,gen1,58_Clade,D,12,D12,0.01110267282,True
Melatonin,gen1,59_Clade,E,1,E1,0.00937000853,True
Melatonin,gen1,60_Clade,E,2,E2,0.01496639877,True
Melatonin,gen1,61_Clade,E,3,E3,0.01840946185,True
Melatonin,gen1,62_Clade,E,4,E4,0.0,False
Melatonin,gen1,63_Clade,E,5,E5,0.005571342622,True
Melatonin,gen1,64_Clade,E,6,E6,0.0107603778,True
Melatonin,gen1,65_Clade,E,7,E7,0.019496266,True
Melatonin,gen1,66_Clade,E,8,E8,0.004780618895,True
Melatonin,gen1,67_Clade,E,9,E9,0.01869905574,True
Melatonin,gen1,68_Func.,E,10,E10,0.02651235336,True
Melatonin,gen1,69_Func.,E,11,E11,0.0,False
Melatonin,gen1,70_Func.,E,12,E12,0.01098466917,True
Melatonin,gen1,71_Func.,F,1,F1,0.0162146008,True
Melatonin,gen1,72_Func.,F,2,F2,0.04817192997,True
Melatonin,gen1,73_Func.,F,3,F3,0.01011017918,True
Melatonin,gen1,74_Func.,F,4,F4,0.01870062893,True
Melatonin,gen1,81_Func.,F,5,F5,0.0114280157,True
Melatonin,gen1,82_Func.,F,6,F6,0.02119414785,True
Melatonin,gen1,83_Func.,F,7,F7,0.02699991673,True
Melatonin,gen1,84_Func.,F,8,F8,0.02235779935,True
Melatonin,gen1,85_Func.,F,9,F9,0.0084753815,True
Melatonin,gen1,86_hypo.,F,10,F10,0.006506614695,True
Melatonin,gen1,87_hypo.,F,11,F11,0.0,False
Melatonin,gen1,88_hypo.,F,12,F12,0.02095886184,True
Melatonin,gen1,89_hypo.,G,1,G1,0.01876604632,True
Melatonin,gen1,90_hypo.,G,2,G2,0.007802880793,True
Melatonin,gen1,91_hypo.,G,3,G3,0.0,False
Melatonin,gen1,92_hypo.,G,4,G4,0.02003035021,True
Melatonin,gen1,93_hypo.,G,5,G5,0.01309489397,True
Melatonin,gen1,94_hypo.,G,6,G6,0.01434728313,True
Melatonin,gen1,95_hypo.,G,7,G7,0.01951690249,True
Melatonin,gen1,96_hypo.,G,8,G8,0.01394266303,True
Melatonin,gen1,97_hypo.,G,9,G9,0.01559636217,True
Melatonin,gen1,98_hypo.,G,10,G10,0.02342317704,True
Melatonin,gen1,99_hypo.,G,11,G11,0.01518585218,True
Melatonin,gen1,100_hypo.,G,12,G12,0.00978335316,True
Melatonin,gen1,101_hypo.,H,1,H1,0.01848020938,True
Melatonin,gen1,102_hypo.,H,2,H2,0.02975087635,True
Melatonin,gen1,103_hypo.,H,3,H3,0.01724264801,True
Melatonin,gen1,104_hypo.,H,4,H4,0.01670404954,True
Melatonin,gen1,105_hypo.,H,5,H5,0.03343079615,True
Melatonin,gen1,AfoD,H,6,H6,0.01495769885,True
Melatonin,gen1,AzaH,H,7,H7,0.01829592985,True
Melatonin,gen1,TropB,H,8,H8,0.02113501695,True
Melatonin,gen1,Blk,H,9,H9,0.01628381131,True
Melatonin,gen1,Blk,H,10,H10,0.0,False
Melatonin,gen1,Blk,H,11,H11,0.0,False
Melatonin,gen1,Blk,H,12,H12,0.0,False
Gramine,gen3,AncFDMO_791_c1,A,1,A1,0.0,False
Gramine,gen3,AncFDMO_1818_c5,A,2,A2,0.0,False
Gramine,gen3,AncFDMO_162_c8,A,3,A3,0.0,False
Gramine,gen3,AncFDMO_1809_c11,A,4,A4,0.0,False
Gramine,gen3,AncFDMO_2310_c14,A,5,A5,0.0,False
Gramine,gen3,AncFDMO_1370_c18,A,6,A6,0.0,False
Gramine,gen3,AncFDMO_1795_c20,A,7,A7,0.0,False
Gramine,gen3,AncFDMO_1317_c24,A,8,A8,0.0,False
Gramine,gen3,AncFDMO_1758_c27,A,9,A9,0.0,False
Gramine,gen3,AncFDMO_1550_c31,A,10,A10,0.0,False
Gramine,gen3,AncFDMO_205_c34,A,11,A11,0.0,False
Gramine,gen3,AncFDMO_240_c38,A,12,A12,0.0,False
Gramine,gen3,AncFDMO_687_c1,A,13,A13,0.0,False
Gramine,gen3,AncFDMO_1491_c5,A,14,A14,0.0,False
Gramine,gen3,AncFDMO_747_c9,A,15,A15,0.0,False
Gramine,gen3,AncFDMO_521_c12,A,16,A16,0.0,False
Gramine,gen3,AncFDMO_1964_c14,A,17,A17,0.0,False
Gramine,gen3,AncFDMO_2494_c16,A,18,A18,0.0,False
Gramine,gen3,AncFDMO_1443_c20,A,19,A19,0.0,False
Gramine,gen3,AncFDMO_1000_c24,A,20,A20,0.0,False
Gramine,gen3,AncFDMO_1482_c27,A,21,A21,0.0,False
Gramine,gen3,AncFDMO_1139_c31,A,22,A22,0.0,False
Gramine,gen3,AncFDMO_173_c34,A,23,A23,0.0,False
Gramine,gen3,AncFDMO_207_c38,A,24,A24,0.0,False
Gramine,gen3,AncFDMO_522_c1,A,25,A25,0.0,False
Gramine,gen3,AncFDMO_1244_c5,A,26,A26,0.0,False
Gramine,gen3,AncFDMO_555_c9,A,27,A27,0.0,False
Gramine,gen3,AncFDMO_433_c12,A,28,A28,0.0,False
Gramine,gen3,AncFDMO_1536_c14,A,29,A29,0.0,False
Gramine,gen3,AncFDMO_1961_c16,A,30,A30,0.0,False
Gramine,gen3,AncFDMO_1059_c20,A,31,A31,0.0,False
Gramine,gen3,AncFDMO_758_c24,A,32,A32,0.0,False
Gramine,gen3,AncFDMO_1134_c27,A,33,A33,0.0,False
Gramine,gen3,AncFDMO_917_c31,A,34,A34,0.0,False
Gramine,gen3,AncFDMO_145_c34,A,35,A35,0.0,False
Gramine,gen3,AncFDMO_188_c38,A,36,A36,0.0,False
Gramine,gen3,AncFDMO_854_c1,B,1,B1,0.0,False
Gramine,gen3,AncFDMO_2026_c5,B,2,B2,0.0,False
Gramine,gen3,AncFDMO_941_c9,B,3,B3,0.0,False
Gramine,gen3,AncFDMO_682_c12,B,4,B4,0.0,False
Gramine,gen3,AncFDMO_1846_c15,B,5,B5,0.0,False
Gramine,gen3,AncFDMO_1469_c18,B,6,B6,0.0,False
Gramine,gen3,AncFDMO_1251_c21,B,7,B7,0.0,False
Gramine,gen3,AncFDMO_1366_c24,B,8,B8,0.0,False
Gramine,gen3,AncFDMO_1860_c27,B,9,B9,0.0,False
Gramine,gen3,AncFDMO_1621_c31,B,10,B10,0.0,False
Gramine,gen3,AncFDMO_1362_c35,B,11,B11,0.0,False
Gramine,gen3,AncFDMO_1888_c39,B,12,B12,0.0,False
Gramine,gen3,AncFDMO_698_c1,B,13,B13,0.0,False
Gramine,gen3,AncFDMO_1629_c5,B,14,B14,0.0,False
Gramine,gen3,AncFDMO_867_c9,B,15,B15,0.0,False
Gramine,gen3,AncFDMO_630_c12,B,16,B16,0.0,False
Gramine,gen3,AncFDMO_1497_c15,B,17,B17,0.0,False
Gramine,gen3,AncFDMO_1191_c18,B,18,B18,0.0,False
Gramine,gen3,AncFDMO_1566_c20,B,19,B19,0.0,False
Gramine,gen3,AncFDMO_1084_c24,B,20,B20,0.0,False
Gramine,gen3,AncFDMO_1605_c27,B,21,B21,0.0,False
Gramine,gen3,AncFDMO_1253_c31,B,22,B22,0.0,False
Gramine,gen3,AncFDMO_1086_c35,B,23,B23,0.0,False
Gramine,gen3,AncFDMO_1493_c39,B,24,B24,0.0,False
Gramine,gen3,AncFDMO_579_c1,B,25,B25,0.0,False
Gramine,gen3,AncFDMO_1284_c5,B,26,B26,0.1439143621267566,True
Gramine,gen3,AncFDMO_635_c9,B,27,B27,0.0,False
Gramine,gen3,AncFDMO_490_c12,B,28,B28,0.0,False
Gramine,gen3,AncFDMO_1280_c15,B,29,B29,0.0,False
Gramine,gen3,AncFDMO_852_c18,B,30,B30,0.0,False
Gramine,gen3,AncFDMO_1183_c20,B,31,B31,0.0,False
Gramine,gen3,AncFDMO_866_c24,B,32,B32,0.0,False
Gramine,gen3,AncFDMO_1243_c27,B,33,B33,0.0,False
Gramine,gen3,AncFDMO_1036_c31,B,34,B34,0.0,False
Gramine,gen3,AncFDMO_905_c35,B,35,B35,0.5901351284598123,True
Gramine,gen3,AncFDMO_1102_c39,B,36,B36,0.0,False
Gramine,gen3,AncFDMO_1334_c2,C,1,C1,0.0,False
Gramine,gen3,AncFDMO_2119_c5,C,2,C2,0.0,False
Gramine,gen3,AncFDMO_1026_c9,C,3,C3,0.0,False
Gramine,gen3,AncFDMO_743_c12,C,4,C4,0.0,False
Gramine,gen3,AncFDMO_2049_c15,C,5,C5,0.0,False
Gramine,gen3,AncFDMO_1496_c18,C,6,C6,0.0,False
Gramine,gen3,AncFDMO_1325_c21,C,7,C7,0.0,False
Gramine,gen3,AncFDMO_1439_c24,C,8,C8,0.0,False
Gramine,gen3,AncFDMO_2097_c27,C,9,C9,0.0,False
Gramine,gen3,AncFDMO_1692_c31,C,10,C10,0.6858847894434217,True
Gramine,gen3,AncFDMO_1539_c35,C,11,C11,0.0,False
Gramine,gen3,AncFDMO_1929_c39,C,12,C12,0.0,False
Gramine,gen3,AncFDMO_921_c2,C,13,C13,0.0,False
Gramine,gen3,AncFDMO_1732_c5,C,14,C14,0.0,False
Gramine,gen3,AncFDMO_1397_c10,C,15,C15,0.0,False
Gramine,gen3,AncFDMO_1013_c13,C,16,C16,0.0,False
Gramine,gen3,AncFDMO_1553_c15,C,17,C17,0.0,False
Gramine,gen3,AncFDMO_1270_c18,C,18,C18,0.0,False
Gramine,gen3,AncFDMO_1074_c21,C,19,C19,0.0,False
Gramine,gen3,AncFDMO_1274_c24,C,20,C20,0.0,False
Gramine,gen3,AncFDMO_1731_c27,C,21,C21,0.0,False
Gramine,gen3,AncFDMO_1397_c31,C,22,C22,0.0,False
Gramine,gen3,AncFDMO_1221_c35,C,23,C23,0.0,False
Gramine,gen3,AncFDMO_1641_c39,C,24,C24,0.0,False
Gramine,gen3,AncFDMO_761_c2,C,25,C25,0.0,False
Gramine,gen3,AncFDMO_1358_c5,C,26,C26,0.0,False
Gramine,gen3,AncFDMO_1008_c10,C,27,C27,0.0,False
Gramine,gen3,AncFDMO_808_c13,C,28,C28,0.0,False
Gramine,gen3,AncFDMO_1385_c15,C,29,C29,0.0,False
Gramine,gen3,AncFDMO_883_c18,C,30,C30,0.0,False
Gramine,gen3,AncFDMO_782_c21,C,31,C31,0.0,False
Gramine,gen3,AncFDMO_968_c24,C,32,C32,0.0,False
Gramine,gen3,AncFDMO_1312_c27,C,33,C33,0.0,False
Gramine,gen3,AncFDMO_1105_c31,C,34,C34,0.0,False
Gramine,gen3,AncFDMO_1014_c35,C,35,C35,0.14741489407174566,True
Gramine,gen3,AncFDMO_1281_c39,C,36,C36,0.0,False
Gramine,gen3,AncFDMO_1382_c2,D,1,D1,0.0,False
Gramine,gen3,AncFDMO_701_c6,D,2,D2,0.0,False
Gramine,gen3,AncFDMO_1785_c10,D,3,D3,0.0,False
Gramine,gen3,AncFDMO_1354_c13,D,4,D4,0.0,False
Gramine,gen3,AncFDMO_2131_c15,D,5,D5,0.0,False
Gramine,gen3,AncFDMO_1170_c19,D,6,D6,0.0,False
Gramine,gen3,AncFDMO_1407_c21,D,7,D7,0.0,False
Gramine,gen3,AncFDMO_1461_c25,D,8,D8,0.0,False
Gramine,gen3,AncFDMO_244_c28,D,9,D9,0.0,False
Gramine,gen3,AncFDMO_1259_c32,D,10,D10,0.0,False
Gramine,gen3,AncFDMO_1603_c35,D,11,D11,0.0,False
Gramine,gen3,AncFDMO_2092_c39,D,12,D12,0.0,False
Gramine,gen3,AncFDMO_1017_c2,D,13,D13,0.0,False
Gramine,gen3,AncFDMO_559_c6,D,14,D14,0.0,False
Gramine,gen3,AncFDMO_1507_c10,D,15,D15,0.0,False
Gramine,gen3,AncFDMO_1113_c13,D,16,D16,0.0,False
Gramine,gen3,AncFDMO_1667_c15,D,17,D17,0.0,False
Gramine,gen3,AncFDMO_1338_c18,D,18,D18,0.0,False
Gramine,gen3,AncFDMO_1172_c21,D,19,D19,0.0,False
Gramine,gen3,AncFDMO_1198_c25,D,20,D20,0.0,False
Gramine,gen3,AncFDMO_224_c29,D,21,D21,0.0,False
Gramine,gen3,AncFDMO_993_c32,D,22,D22,0.0,False
Gramine,gen3,AncFDMO_1319_c35,D,23,D23,0.0,False
Gramine,gen3,AncFDMO_1734_c39,D,24,D24,0.0,False
Gramine,gen3,AncFDMO_841_c2,D,25,D25,0.0,False
Gramine,gen3,AncFDMO_427_c6,D,26,D26,0.0,False
Gramine,gen3,AncFDMO_1157_c10,D,27,D27,0.0,False
Gramine,gen3,AncFDMO_868_c13,D,28,D28,0.0,False
Gramine,gen3,AncFDMO_1444_c15,D,29,D29,0.0,False
Gramine,gen3,AncFDMO_1097_c18,D,30,D30,0.0,False
Gramine,gen3,AncFDMO_848_c21,D,31,D31,0.0,False
Gramine,gen3,AncFDMO_883_c25,D,32,D32,0.0,False
Gramine,gen3,AncFDMO_205_c29,D,33,D33,0.0,False
Gramine,gen3,AncFDMO_767_c32,D,34,D34,0.0,False
Gramine,gen3,AncFDMO_1050_c35,D,35,D35,0.0,False
Gramine,gen3,AncFDMO_1389_c39,D,36,D36,0.0,False
Gramine,gen3,AncFDMO_1407_c2,E,1,E1,0.0,False
Gramine,gen3,AncFDMO_797_c6,E,2,E2,0.0,False
Gramine,gen3,AncFDMO_1853_c10,E,3,E3,0.0,False
Gramine,gen3,AncFDMO_1396_c13,E,4,E4,0.0,False
Gramine,gen3,AncFDMO_2676_c16,E,5,E5,0.0,False
Gramine,gen3,AncFDMO_1243_c19,E,6,E6,0.0,False
Gramine,gen3,AncFDMO_1643_c22,E,7,E7,0.0,False
Gramine,gen3,AncFDMO_1540_c25,E,8,E8,0.0,False
Gramine,gen3,AncFDMO_301_c29,E,9,E9,0.0,False
Gramine,gen3,AncFDMO_1310_c32,E,10,E10,0.0,False
Gramine,gen3,AncFDMO_422_c36,E,11,E11,0.0,False
Gramine,gen3,empty vector,E,12,E12,0.0,False
Gramine,gen3,AncFDMO_1223_c2,E,13,E13,0.0,False
Gramine,gen3,AncFDMO_616_c6,E,14,E14,0.0,False
Gramine,gen3,AncFDMO_1709_c10,E,15,E15,0.0,False
Gramine,gen3,AncFDMO_1261_c13,E,16,E16,0.0,False
Gramine,gen3,AncFDMO_1771_c15,E,17,E17,0.0,False
Gramine,gen3,AncFDMO_971_c19,E,18,E18,0.0,False
Gramine,gen3,AncFDMO_1212_c21,E,19,E19,0.0,False
Gramine,gen3,AncFDMO_1213_c25,E,20,E20,0.0,False
Gramine,gen3,AncFDMO_1771_c30,E,21,E21,0.0,False
Gramine,gen3,AncFDMO_1123_c32,E,22,E22,0.0,False
Gramine,gen3,AncFDMO_370_c36,E,23,E23,0.0,False
Gramine,gen3,empty vector,E,24,E24,0.0,False
Gramine,gen3,AncFDMO_888_c2,E,25,E25,0.0,False
Gramine,gen3,AncFDMO_505_c6,E,26,E26,0.0,False
Gramine,gen3,AncFDMO_1281_c10,E,27,E27,0.0,False
Gramine,gen3,AncFDMO_932_c13,E,28,E28,0.0,False
Gramine,gen3,AncFDMO_1459_c15,E,29,E29,0.0,False
Gramine,gen3,AncFDMO_754_c19,E,30,E30,0.0,False
Gramine,gen3,AncFDMO_900_c21,E,31,E31,0.0,False
Gramine,gen3,AncFDMO_984_c25,E,32,E32,0.0,False
Gramine,gen3,AncFDMO_1278_c30,E,33,E33,0.0,False
Gramine,gen3,AncFDMO_871_c32,E,34,E34,0.0,False
Gramine,gen3,AncFDMO_284_c36,E,35,E35,0.0,False
Gramine,gen3,empty vector,E,36,E36,0.0,False
Gramine,gen3,AncFDMO_924_c3,F,1,F1,0.0,False
Gramine,gen3,AncFDMO_967_c7,F,2,F2,0.0,False
Gramine,gen3,AncFDMO_1896_c10,F,3,F3,0.0,False
Gramine,gen3,AncFDMO_1470_c13,F,4,F4,0.0,False
Gramine,gen3,AncFDMO_2796_c16,F,5,F5,0.0,False
Gramine,gen3,AncFDMO_1320_c19,F,6,F6,0.0,False
Gramine,gen3,AncFDMO_1661_c22,F,7,F7,0.0,False
Gramine,gen3,AncFDMO_1601_c25,F,8,F8,0.0,False
Gramine,gen3,AncFDMO_2226_c30,F,9,F9,0.0,False
Gramine,gen3,AncFDMO_1401_c32,F,10,F10,0.0,False
Gramine,gen3,AncFDMO_481_c36,F,11,F11,0.0,False
Gramine,gen3,empty vector,F,12,F12,0.0,False
Gramine,gen3,AncFDMO_785_c3,F,13,F13,0.0,False
Gramine,gen3,AncFDMO_803_c7,F,14,F14,0.0,False
Gramine,gen3,AncFDMO_1284_c11,F,15,F15,0.0,False
Gramine,gen3,AncFDMO_1624_c14,F,16,F16,0.0,False
Gramine,gen3,AncFDMO_2130_c16,F,17,F17,0.0,False
Gramine,gen3,AncFDMO_1082_c19,F,18,F18,0.0,False
Gramine,gen3,AncFDMO_1325_c22,F,19,F19,0.0,False
Gramine,gen3,AncFDMO_1435_c25,F,20,F20,0.0,False
Gramine,gen3,AncFDMO_1931_c30,F,21,F21,0.0,False
Gramine,gen3,AncFDMO_1213_c32,F,22,F22,0.0,False
Gramine,gen3,AncFDMO_406_c36,F,23,F23,0.0,False
Gramine,gen3,empty vector,F,24,F24,0.0,False
Gramine,gen3,AncFDMO_543_c3,F,25,F25,0.0,False
Gramine,gen3,AncFDMO_725_c7,F,26,F26,0.0,False
Gramine,gen3,AncFDMO_1044_c11,F,27,F27,0.0,False
Gramine,gen3,AncFDMO_1235_c14,F,28,F28,0.0,False
Gramine,gen3,AncFDMO_1620_c16,F,29,F29,0.0,False
Gramine,gen3,AncFDMO_839_c19,F,30,F30,0.0,False
Gramine,gen3,AncFDMO_956_c22,F,31,F31,0.0,False
Gramine,gen3,AncFDMO_1066_c25,F,32,F32,0.0,False
Gramine,gen3,AncFDMO_1439_c30,F,33,F33,0.0,False
Gramine,gen3,AncFDMO_966_c32,F,34,F34,0.0,False
Gramine,gen3,AncFDMO_312_c36,F,35,F35,0.0,False
Gramine,gen3,empty vector,F,36,F36,0.0,False
Gramine,gen3,AncFDMO_985_c3,G,1,G1,0.0,False
Gramine,gen3,AncFDMO_1044_c7,G,2,G2,0.0,False
Gramine,gen3,AncFDMO_1696_c11,G,3,G3,0.0,False
Gramine,gen3,AncFDMO_2097_c14,G,4,G4,0.0,False
Gramine,gen3,AncFDMO_2839_c16,G,5,G5,0.0,False
Gramine,gen3,AncFDMO_1642_c20,G,6,G6,0.0,False
Gramine,gen3,AncFDMO_1734_c22,G,7,G7,0.0,False
Gramine,gen3,AncFDMO_1039_c26,G,8,G8,0.0,False
Gramine,gen3,AncFDMO_2311_c30,G,9,G9,0.0,False
Gramine,gen3,AncFDMO_509_c33,G,10,G10,0.0,False
Gramine,gen3,AncFDMO_545_c37,G,11,G11,0.0,False
Gramine,gen3,NEC,G,12,G12,0.0,False
Gramine,gen3,AncFDMO_807_c3,G,13,G13,0.0,False
Gramine,gen3,AncFDMO_858_c7,G,14,G14,0.0,False
Gramine,gen3,AncFDMO_1384_c11,G,15,G15,0.0,False
Gramine,gen3,AncFDMO_1705_c14,G,16,G16,0.0,False
Gramine,gen3,AncFDMO_2234_c16,G,17,G17,0.0,False
Gramine,gen3,AncFDMO_1113_c19,G,18,G18,0.0,False
Gramine,gen3,AncFDMO_1475_c22,G,19,G19,0.0,False
Gramine,gen3,AncFDMO_833_c26,G,20,G20,0.0,False
Gramine,gen3,AncFDMO_2030_c30,G,21,G21,0.0,False
Gramine,gen3,AncFDMO_408_c33,G,22,G22,0.0,False
Gramine,gen3,AncFDMO_428_c37,G,23,G23,0.0,False
Gramine,gen3,NEC,G,24,G24,0.0,False
Gramine,gen3,AncFDMO_706_c3,G,25,G25,0.0,False
Gramine,gen3,AncFDMO_761_c7,G,26,G26,0.0,False
Gramine,gen3,AncFDMO_1096_c11,G,27,G27,0.0,False
Gramine,gen3,AncFDMO_1327_c14,G,28,G28,0.0,False
Gramine,gen3,AncFDMO_1731_c16,G,29,G29,0.0,False
Gramine,gen3,AncFDMO_913_c19,G,30,G30,0.0,False
Gramine,gen3,AncFDMO_1072_c22,G,31,G31,0.0,False
Gramine,gen3,AncFDMO_596_c26,G,32,G32,0.0,False
Gramine,gen3,AncFDMO_1663_c30,G,33,G33,0.0,False
Gramine,gen3,AncFDMO_325_c33,G,34,G34,0.0,False
Gramine,gen3,AncFDMO_325_c37,G,35,G35,0.0,False
Gramine,gen3,NEC,G,36,G36,0.0,False
Gramine,gen3,AncFDMO_353_c4,H,1,H1,0.0,False
Gramine,gen3,AncFDMO_1162_c7,H,2,H2,0.0,False
Gramine,gen3,AncFDMO_1741_c11,H,3,H3,0.0,False
Gramine,gen3,AncFDMO_2205_c14,H,4,H4,0.0,False
Gramine,gen3,AncFDMO_2987_c16,H,5,H5,0.0,False
Gramine,gen3,AncFDMO_1716_c20,H,6,H6,0.0,False
Gramine,gen3,AncFDMO_498_c23,H,7,H7,0.0,False
Gramine,gen3,AncFDMO_1133_c26,H,8,H8,0.0,False
Gramine,gen3,AncFDMO_2459_c30,H,9,H9,0.0,False
Gramine,gen3,AncFDMO_585_c33,H,10,H10,0.0,False
Gramine,gen3,AncFDMO_609_c37,H,11,H11,0.0,False
Gramine,gen3,NEC,H,12,H12,0.0,False
Gramine,gen3,AncFDMO_251_c4,H,13,H13,0.0,False
Gramine,gen3,AncFDMO_937_c7,H,14,H14,0.0,False
Gramine,gen3,AncFDMO_1484_c11,H,15,H15,0.0,False
Gramine,gen3,AncFDMO_1878_c14,H,16,H16,0.0,False
Gramine,gen3,AncFDMO_2373_c16,H,17,H17,0.0,False
Gramine,gen3,AncFDMO_1302_c20,H,18,H18,0.0,False
Gramine,gen3,AncFDMO_1520_c22,H,19,H19,0.0,False
Gramine,gen3,AncFDMO_984_c26,H,20,H20,0.0,False
Gramine,gen3,AncFDMO_2130_c30,H,21,H21,0.0,False
Gramine,gen3,AncFDMO_490_c33,H,22,H22,0.0,False
Gramine,gen3,AncFDMO_486_c37,H,23,H23,0.0,False
Gramine,gen3,NEC,H,24,H24,0.0,False
Gramine,gen3,AncFDMO_196_c4,H,25,H25,0.0,False
Gramine,gen3,AncFDMO_777_c7,H,26,H26,0.0,False
Gramine,gen3,AncFDMO_1168_c11,H,27,H27,0.0,False
Gramine,gen3,AncFDMO_1415_c14,H,28,H28,0.0,False
Gramine,gen3,AncFDMO_1877_c16,H,29,H29,0.0,False
Gramine,gen3,AncFDMO_950_c20,H,30,H30,0.0,False
Gramine,gen3,AncFDMO_1258_c22,H,31,H31,0.0,False
Gramine,gen3,AncFDMO_738_c26,H,32,H32,0.0,False
Gramine,gen3,AncFDMO_1730_c30,H,33,H33,0.0,False
Gramine,gen3,AncFDMO_347_c33,H,34,H34,0.0,False
Gramine,gen3,AncFDMO_388_c37,H,35,H35,0.0,False
Gramine,gen3,NEC,H,36,H36,0.0,False
Gramine,gen2,Anc321,A,1,A1,0.0,False
Gramine,gen2,Anc322,A,2,A2,0.0,False
Gramine,gen2,Anc373,A,3,A3,0.0,False
Gramine,gen2,Anc416,A,4,A4,0.0,False
Gramine,gen2,A0A0L0NHZ5,A,5,A5,0.0,False
Gramine,gen2,I1S0U1,A,6,A6,0.0,False
Gramine,gen2,A0A317WVG8,A,7,A7,0.0,False
Gramine,gen2,Q1DDU6,A,8,A8,0.0,False
Gramine,gen2,A0A430HSE9,A,9,A9,0.0,False
Gramine,gen2,A0A0F8U263,A,10,A10,0.0,False
Gramine,gen2,B6K5M4,A,11,A11,0.0,False
Gramine,gen2,A0A2I6PIZ8,A,12,A12,0.0,False
Gramine,gen2,Anc333,B,1,B1,0.0,False
Gramine,gen2,Anc322a,B,2,B2,0.0,False
Gramine,gen2,Anc373a,B,3,B3,0.0,False
Gramine,gen2,Anc416a,B,4,B4,0.0,False
Gramine,gen2,A7UX11,B,5,B5,0.0,False
Gramine,gen2,A0A0F7ZML0,B,6,B6,0.0,False
Gramine,gen2,J4VWM7,B,7,B7,0.0,False
Gramine,gen2,A8LVF4,B,8,B8,0.0,False
Gramine,gen2,A0A0S4NSV0,B,9,B9,0.0,False
Gramine,gen2,A0A0C9V1F0,B,10,B10,0.0,False
Gramine,gen2,S9VNB0,B,11,B11,0.0,False
Gramine,gen2,A0A1D8G3K4,B,12,B12,0.0,False
Gramine,gen2,Anc369a,C,1,C1,0.0,False
Gramine,gen2,Anc366,C,2,C2,0.0,False
Gramine,gen2,Anc374,C,3,C3,0.0,False
Gramine,gen2,Anc457,C,4,C4,0.0,False
Gramine,gen2,A0A1W2TF28,C,5,C5,0.0,False
Gramine,gen2,cP23262,C,6,C6,0.0,False
Gramine,gen2,A0A559M954,C,7,C7,0.0,False
Gramine,gen2,Q2GQG8,C,8,C8,0.0,False
Gramine,gen2,Q4WLW7,C,9,C9,0.0,False
Gramine,gen2,J3KA16,C,10,C10,0.0,False
Gramine,gen2,Q9Y7Z9,C,11,C11,0.0,False
Gramine,gen2,C5FM59,C,12,C12,0.0,False
Gramine,gen2,Anc382,D,1,D1,0.0,False
Gramine,gen2,Anc366a,D,2,D2,0.0,False
Gramine,gen2,Anc374a,D,3,D3,0.0,False
Gramine,gen2,Anc457a,D,4,D4,0.0,False
Gramine,gen2,A0A2J6S3A7,D,5,D5,0.0,False
Gramine,gen2,cQ5BEJ7,D,6,D6,0.0,False
Gramine,gen2,A0A177BZG4,D,7,D7,0.0,False
Gramine,gen2,G3XQJ1,D,8,D8,0.0,False
Gramine,gen2,A0A0K8LS04,D,9,D9,0.0,False
Gramine,gen2,A5ABG5,D,10,D10,0.0,False
Gramine,gen2,Q3S8R0,D,11,D11,0.0,False
Gramine,gen2,E4V2N4,D,12,D12,0.0,False
Gramine,gen2,Anc331,E,1,E1,0.0,False
Gramine,gen2,Anc367,E,2,E2,0.0,False
Gramine,gen2,Anc280,E,3,E3,0.0,False
Gramine,gen2,Anc488,E,4,E4,0.0,False
Gramine,gen2,A0A2J6T8P1,E,5,E5,0.0,False
Gramine,gen2,cG3XMC2,E,6,E6,0.0,False
Gramine,gen2,P23262,E,7,E7,0.0,False
Gramine,gen2,Q9S3U9,E,8,E8,0.0,False
Gramine,gen2,K9G8U3,E,9,E9,0.0,False
Gramine,gen2,V5FKW7,E,10,E10,0.0,False
Gramine,gen2,A0A370B0Q9,E,11,E11,0.0,False
Gramine,gen2,F2S701,E,12,E12,0.0,False
Gramine,gen2,Anc331a,F,1,F1,0.0,False
Gramine,gen2,Anc367a,F,2,F2,0.0,False
Gramine,gen2,Anc280a,F,3,F3,0.0,False
Gramine,gen2,Anc488a,F,4,F4,0.0,False
Gramine,gen2,A0A3D8QGL3,F,5,F5,0.0,False
Gramine,gen2,cB6HN76,F,6,F6,0.0,False
Gramine,gen2,Q53552,F,7,F7,0.0,False
Gramine,gen2,A0A2R2IYY2,F,8,F8,0.0,False
Gramine,gen2,B6HJU4,F,9,F9,0.0,False
Gramine,gen2,R7YWS5,F,10,F10,0.0,False
Gramine,gen2,A0A178XEJ6,F,11,F11,0.0,False
Gramine,gen2,KPJ13581_1,F,12,F12,0.0,False
Gramine,gen2,Anc332,G,1,G1,0.0,False
Gramine,gen2,Anc368,G,2,G2,0.0,False
Gramine,gen2,Anc412,G,3,G3,0.0,False
Gramine,gen2,A0A101MPG3,G,4,G4,0.0,False
Gramine,gen2,E3RKN0,G,5,G5,0.0,False
Gramine,gen2,cQ0CJ62,G,6,G6,0.0,False
Gramine,gen2,A0A239M104,G,7,G7,0.0,False
Gramine,gen2,A0A4R7BCP1,G,8,G8,0.0,False
Gramine,gen2,S8AW72,G,9,G9,0.0,False
Gramine,gen2,S3CM43,G,10,G10,0.0,False
Gramine,gen2,E1ACP7,G,11,G11,0.0,False
Gramine,gen2,Q5ATK1,G,12,G12,0.0,False
Gramine,gen2,Anc332a,H,1,H1,0.0,False
Gramine,gen2,Anc368a,H,2,H2,0.0,False
Gramine,gen2,Anc412a,H,3,H3,0.0,False
Gramine,gen2,A0A4Q7JZ50,H,4,H4,0.0,False
Gramine,gen2,Q0CJ62,H,5,H5,0.0,False
Gramine,gen2,A0A1R3RGJ2,H,6,H6,0.0,False
Gramine,gen2,Q84HF5,H,7,H7,0.0,False
Gramine,gen2,C7EDM6,H,8,H8,0.0,False
Gramine,gen2,A0A135LJG1,H,9,H9,0.0,False
Gramine,gen2,A0A0B4HMN8,H,10,H10,0.0,False
Gramine,gen2,E1ACQ4,H,11,H11,0.0,False
Gramine,gen2,Empty pMCSG7,H,12,H12,0.0,False
Gramine,gen1,Anc 305,A,1,A1,0.0,False
Gramine,gen1,Anc 305a,A,2,A2,0.0,False
Gramine,gen1,Anc 306,A,3,A3,0.0,False
Gramine,gen1,Anc 306a,A,4,A4,0.0,False
Gramine,gen1,Anc 311C,A,5,A5,0.0,False
Gramine,gen1,Anc 311a,A,6,A6,0.0,False
Gramine,gen1,Anc 312,A,7,A7,0.0,False
Gramine,gen1,Anc 312a,A,8,A8,0.0,False
Gramine,gen1,Anc 321,A,9,A9,0.0,False
Gramine,gen1,Anc 321a,A,10,A10,0.0,False
Gramine,gen1,Anc 333,A,11,A11,0.0,False
Gramine,gen1,Anc 333a,A,12,A12,0.0,False
Gramine,gen1,Anc 334,B,1,B1,0.0,False
Gramine,gen1,Anc 334a,B,2,B2,0.0,False
Gramine,gen1,Anc 335,B,3,B3,0.0,False
Gramine,gen1,Anc 335a,B,4,B4,0.0,False
Gramine,gen1,Anc 346,B,5,B5,0.0,False
Gramine,gen1,Anc 346a,B,6,B6,0.0,False
Gramine,gen1,Anc 354,B,7,B7,0.0,False
Gramine,gen1,Anc 354a,B,8,B8,0.0,False
Gramine,gen1,Anc 369,B,9,B9,0.0,False
Gramine,gen1,Anc 369a,B,10,B10,0.0,False
Gramine,gen1,Anc 370,B,11,B11,0.0,False
Gramine,gen1,Anc 370a,B,12,B12,0.0,False
Gramine,gen1,Anc 371,C,1,C1,0.0,False
Gramine,gen1,Anc 371a,C,2,C2,0.0,False
Gramine,gen1,Anc 382,C,3,C3,0.0,False
Gramine,gen1,Anc 382a,C,4,C4,0.0,False
Gramine,gen1,Anc 304,C,5,C5,0.0,False
Gramine,gen1,Anc 304a,C,6,C6,0.0,False
Gramine,gen1,Anc 400,C,7,C7,0.0,False
Gramine,gen1,Anc 400a,C,8,C8,0.0,False
Gramine,gen1,Anc 401,C,9,C9,0.0,False
Gramine,gen1,Anc 401a,C,10,C10,0.0,False
Gramine,gen1,Anc 468,C,11,C11,0.0,False
Gramine,gen1,Anc 468a,C,12,C12,0.0,False
Gramine,gen1,Anc 284,D,1,D1,0.0,False
Gramine,gen1,Anc 284a,D,2,D2,0.0,False
Gramine,gen1,49_Clade,D,3,D3,0.0,False
Gramine,gen1,50_Clade,D,4,D4,0.0,False
Gramine,gen1,51_Clade,D,5,D5,0.0,False
Gramine,gen1,52_Clade,D,6,D6,0.0,False
Gramine,gen1,53_Clade,D,7,D7,0.0,False
Gramine,gen1,54_Clade,D,8,D8,0.0,False
Gramine,gen1,55_Clade,D,9,D9,0.0,False
Gramine,gen1,56_Clade,D,10,D10,0.0,False
Gramine,gen1,57_Clade,D,11,D11,0.017165346060797018,True
Gramine,gen1,58_Clade,D,12,D12,0.0,False
Gramine,gen1,59_Clade,E,1,E1,0.0,False
Gramine,gen1,60_Clade,E,2,E2,0.0,False
Gramine,gen1,61_Clade,E,3,E3,0.0,False
Gramine,gen1,62_Clade,E,4,E4,0.0,False
Gramine,gen1,63_Clade,E,5,E5,0.0,False
Gramine,gen1,64_Clade,E,6,E6,0.0,False
Gramine,gen1,65_Clade,E,7,E7,0.0,False
Gramine,gen1,66_Clade,E,8,E8,0.0,False
Gramine,gen1,67_Clade,E,9,E9,0.0,False
Gramine,gen1,68_Func.,E,10,E10,0.0,False
Gramine,gen1,69_Func.,E,11,E11,0.0,False
Gramine,gen1,70_Func.,E,12,E12,0.0,False
Gramine,gen1,71_Func.,F,1,F1,0.0,False
Gramine,gen1,72_Func.,F,2,F2,0.0,False
Gramine,gen1,73_Func.,F,3,F3,0.0,False
Gramine,gen1,74_Func.,F,4,F4,0.0,False
Gramine,gen1,81_Func.,F,5,F5,0.0,False
Gramine,gen1,82_Func.,F,6,F6,0.0,False
Gramine,gen1,83_Func.,F,7,F7,0.0,False
Gramine,gen1,84_Func.,F,8,F8,0.0,False
Gramine,gen1,85_Func.,F,9,F9,0.0,False
Gramine,gen1,86_hypo.,F,10,F10,0.0,False
Gramine,gen1,87_hypo.,F,11,F11,0.0,False
Gramine,gen1,88_hypo.,F,12,F12,0.0,False
Gramine,gen1,89_hypo.,G,1,G1,0.0,False
Gramine,gen1,90_hypo.,G,2,G2,0.0,False
Gramine,gen1,91_hypo.,G,3,G3,0.0,False
Gramine,gen1,92_hypo.,G,4,G4,0.0,False
Gramine,gen1,93_hypo.,G,5,G5,0.0,False
Gramine,gen1,94_hypo.,G,6,G6,0.0,False
Gramine,gen1,95_hypo.,G,7,G7,0.0,False
Gramine,gen1,96_hypo.,G,8,G8,0.0,False
Gramine,gen1,97_hypo.,G,9,G9,0.0,False
Gramine,gen1,98_hypo.,G,10,G10,0.0,False
Gramine,gen1,99_hypo.,G,11,G11,0.0,False
Gramine,gen1,100_hypo.,G,12,G12,0.0,False
Gramine,gen1,101_hypo.,H,1,H1,0.0,False
Gramine,gen1,102_hypo.,H,2,H2,0.0,False
Gramine,gen1,103_hypo.,H,3,H3,0.0,False
Gramine,gen1,104_hypo.,H,4,H4,0.0,False
Gramine,gen1,105_hypo.,H,5,H5,0.0,False
Gramine,gen1,AfoD,H,6,H6,0.0,False
Gramine,gen1,AzaH,H,7,H7,0.0,False
Gramine,gen1,TropB,H,8,H8,0.0,False
Gramine,gen1,Blk,H,9,H9,0.0,False
Gramine,gen1,Blk,H,10,H10,0.0,False
Gramine,gen1,Blk,H,11,H11,0.0,False
Gramine,gen1,Blk,H,12,H12,0.0,False
Tryptophol,gen3,AncFDMO_791_c1,A,1,A1,0.03952386364697572,True
Tryptophol,gen3,AncFDMO_1818_c5,A,2,A2,0.0,False
Tryptophol,gen3,AncFDMO_162_c8,A,3,A3,0.0,False
Tryptophol,gen3,AncFDMO_1809_c11,A,4,A4,0.0,False
Tryptophol,gen3,AncFDMO_2310_c14,A,5,A5,0.0,False
Tryptophol,gen3,AncFDMO_1370_c18,A,6,A6,0.0,False
Tryptophol,gen3,AncFDMO_1795_c20,A,7,A7,0.0,False
Tryptophol,gen3,AncFDMO_1317_c24,A,8,A8,0.0,False
Tryptophol,gen3,AncFDMO_1758_c27,A,9,A9,0.0,False
Tryptophol,gen3,AncFDMO_1550_c31,A,10,A10,0.0,False
Tryptophol,gen3,AncFDMO_205_c34,A,11,A11,0.0,False
Tryptophol,gen3,AncFDMO_240_c38,A,12,A12,0.0,False
Tryptophol,gen3,AncFDMO_687_c1,A,13,A13,0.0,False
Tryptophol,gen3,AncFDMO_1491_c5,A,14,A14,0.0,False
Tryptophol,gen3,AncFDMO_747_c9,A,15,A15,0.0,False
Tryptophol,gen3,AncFDMO_521_c12,A,16,A16,0.0,False
Tryptophol,gen3,AncFDMO_1964_c14,A,17,A17,0.010247073406379033,True
Tryptophol,gen3,AncFDMO_2494_c16,A,18,A18,0.0,False
Tryptophol,gen3,AncFDMO_1443_c20,A,19,A19,0.0,False
Tryptophol,gen3,AncFDMO_1000_c24,A,20,A20,0.0,False
Tryptophol,gen3,AncFDMO_1482_c27,A,21,A21,0.0,False
Tryptophol,gen3,AncFDMO_1139_c31,A,22,A22,0.0,False
Tryptophol,gen3,AncFDMO_173_c34,A,23,A23,0.0,False
Tryptophol,gen3,AncFDMO_207_c38,A,24,A24,0.0,False
Tryptophol,gen3,AncFDMO_522_c1,A,25,A25,0.0,False
Tryptophol,gen3,AncFDMO_1244_c5,A,26,A26,0.0,False
Tryptophol,gen3,AncFDMO_555_c9,A,27,A27,0.0,False
Tryptophol,gen3,AncFDMO_433_c12,A,28,A28,0.0,False
Tryptophol,gen3,AncFDMO_1536_c14,A,29,A29,0.0,False
Tryptophol,gen3,AncFDMO_1961_c16,A,30,A30,0.022947599504098422,True
Tryptophol,gen3,AncFDMO_1059_c20,A,31,A31,0.0,False
Tryptophol,gen3,AncFDMO_758_c24,A,32,A32,0.0,False
Tryptophol,gen3,AncFDMO_1134_c27,A,33,A33,0.0,False
Tryptophol,gen3,AncFDMO_917_c31,A,34,A34,0.0,False
Tryptophol,gen3,AncFDMO_145_c34,A,35,A35,0.0,False
Tryptophol,gen3,AncFDMO_188_c38,A,36,A36,0.0,False
Tryptophol,gen3,AncFDMO_854_c1,B,1,B1,0.0,False
Tryptophol,gen3,AncFDMO_2026_c5,B,2,B2,0.21520739533249425,True
Tryptophol,gen3,AncFDMO_941_c9,B,3,B3,0.0,False
Tryptophol,gen3,AncFDMO_682_c12,B,4,B4,0.0,False
Tryptophol,gen3,AncFDMO_1846_c15,B,5,B5,0.0,False
Tryptophol,gen3,AncFDMO_1469_c18,B,6,B6,0.0,False
Tryptophol,gen3,AncFDMO_1251_c21,B,7,B7,0.0,False
Tryptophol,gen3,AncFDMO_1366_c24,B,8,B8,0.0,False
Tryptophol,gen3,AncFDMO_1860_c27,B,9,B9,0.0,False
Tryptophol,gen3,AncFDMO_1621_c31,B,10,B10,0.0,False
Tryptophol,gen3,AncFDMO_1362_c35,B,11,B11,0.0,False
Tryptophol,gen3,AncFDMO_1888_c39,B,12,B12,0.0,False
Tryptophol,gen3,AncFDMO_698_c1,B,13,B13,0.0,False
Tryptophol,gen3,AncFDMO_1629_c5,B,14,B14,0.0,False
Tryptophol,gen3,AncFDMO_867_c9,B,15,B15,0.0,False
Tryptophol,gen3,AncFDMO_630_c12,B,16,B16,0.0,False
Tryptophol,gen3,AncFDMO_1497_c15,B,17,B17,0.0,False
Tryptophol,gen3,AncFDMO_1191_c18,B,18,B18,0.0,False
Tryptophol,gen3,AncFDMO_1566_c20,B,19,B19,0.0,False
Tryptophol,gen3,AncFDMO_1084_c24,B,20,B20,0.0,False
Tryptophol,gen3,AncFDMO_1605_c27,B,21,B21,0.0,False
Tryptophol,gen3,AncFDMO_1253_c31,B,22,B22,0.0,False
Tryptophol,gen3,AncFDMO_1086_c35,B,23,B23,0.0,False
Tryptophol,gen3,AncFDMO_1493_c39,B,24,B24,0.0,False
Tryptophol,gen3,AncFDMO_579_c1,B,25,B25,0.0,False
Tryptophol,gen3,AncFDMO_1284_c5,B,26,B26,0.029367438988833903,True
Tryptophol,gen3,AncFDMO_635_c9,B,27,B27,0.0,False
Tryptophol,gen3,AncFDMO_490_c12,B,28,B28,0.0,False
Tryptophol,gen3,AncFDMO_1280_c15,B,29,B29,0.0,False
Tryptophol,gen3,AncFDMO_852_c18,B,30,B30,0.0,False
Tryptophol,gen3,AncFDMO_1183_c20,B,31,B31,0.0,False
Tryptophol,gen3,AncFDMO_866_c24,B,32,B32,0.0,False
Tryptophol,gen3,AncFDMO_1243_c27,B,33,B33,0.0,False
Tryptophol,gen3,AncFDMO_1036_c31,B,34,B34,0.0,False
Tryptophol,gen3,AncFDMO_905_c35,B,35,B35,0.027910074161119323,True
Tryptophol,gen3,AncFDMO_1102_c39,B,36,B36,0.0,False
Tryptophol,gen3,AncFDMO_1334_c2,C,1,C1,0.022007969582919982,True
Tryptophol,gen3,AncFDMO_2119_c5,C,2,C2,0.0,False
Tryptophol,gen3,AncFDMO_1026_c9,C,3,C3,0.0,False
Tryptophol,gen3,AncFDMO_743_c12,C,4,C4,0.0,False
Tryptophol,gen3,AncFDMO_2049_c15,C,5,C5,0.0,False
Tryptophol,gen3,AncFDMO_1496_c18,C,6,C6,0.0,False
Tryptophol,gen3,AncFDMO_1325_c21,C,7,C7,0.0,False
Tryptophol,gen3,AncFDMO_1439_c24,C,8,C8,0.0,False
Tryptophol,gen3,AncFDMO_2097_c27,C,9,C9,0.0,False
Tryptophol,gen3,AncFDMO_1692_c31,C,10,C10,1.3103130578429498,True
Tryptophol,gen3,AncFDMO_1539_c35,C,11,C11,0.0,False
Tryptophol,gen3,AncFDMO_1929_c39,C,12,C12,0.0,False
Tryptophol,gen3,AncFDMO_921_c2,C,13,C13,0.0,False
Tryptophol,gen3,AncFDMO_1732_c5,C,14,C14,0.0,False
Tryptophol,gen3,AncFDMO_1397_c10,C,15,C15,0.0,False
Tryptophol,gen3,AncFDMO_1013_c13,C,16,C16,0.0,False
Tryptophol,gen3,AncFDMO_1553_c15,C,17,C17,0.0,False
Tryptophol,gen3,AncFDMO_1270_c18,C,18,C18,0.0,False
Tryptophol,gen3,AncFDMO_1074_c21,C,19,C19,0.0,False
Tryptophol,gen3,AncFDMO_1274_c24,C,20,C20,0.0,False
Tryptophol,gen3,AncFDMO_1731_c27,C,21,C21,0.0,False
Tryptophol,gen3,AncFDMO_1397_c31,C,22,C22,0.0,False
Tryptophol,gen3,AncFDMO_1221_c35,C,23,C23,0.0,False
Tryptophol,gen3,AncFDMO_1641_c39,C,24,C24,0.0,False
Tryptophol,gen3,AncFDMO_761_c2,C,25,C25,0.0,False
Tryptophol,gen3,AncFDMO_1358_c5,C,26,C26,0.0,False
Tryptophol,gen3,AncFDMO_1008_c10,C,27,C27,0.0,False
Tryptophol,gen3,AncFDMO_808_c13,C,28,C28,0.0,False
Tryptophol,gen3,AncFDMO_1385_c15,C,29,C29,0.0,False
Tryptophol,gen3,AncFDMO_883_c18,C,30,C30,0.0,False
Tryptophol,gen3,AncFDMO_782_c21,C,31,C31,0.0,False
Tryptophol,gen3,AncFDMO_968_c24,C,32,C32,0.0,False
Tryptophol,gen3,AncFDMO_1312_c27,C,33,C33,0.0,False
Tryptophol,gen3,AncFDMO_1105_c31,C,34,C34,0.0,False
Tryptophol,gen3,AncFDMO_1014_c35,C,35,C35,0.0,False
Tryptophol,gen3,AncFDMO_1281_c39,C,36,C36,0.0,False
Tryptophol,gen3,AncFDMO_1382_c2,D,1,D1,0.0,False
Tryptophol,gen3,AncFDMO_701_c6,D,2,D2,0.0,False
Tryptophol,gen3,AncFDMO_1785_c10,D,3,D3,0.0,False
Tryptophol,gen3,AncFDMO_1354_c13,D,4,D4,0.0,False
Tryptophol,gen3,AncFDMO_2131_c15,D,5,D5,0.0,False
Tryptophol,gen3,AncFDMO_1170_c19,D,6,D6,0.0,False
Tryptophol,gen3,AncFDMO_1407_c21,D,7,D7,0.0,False
Tryptophol,gen3,AncFDMO_1461_c25,D,8,D8,0.0,False
Tryptophol,gen3,AncFDMO_244_c28,D,9,D9,0.0,False
Tryptophol,gen3,AncFDMO_1259_c32,D,10,D10,0.0,False
Tryptophol,gen3,AncFDMO_1603_c35,D,11,D11,0.118367975448108,True
Tryptophol,gen3,AncFDMO_2092_c39,D,12,D12,0.0,False
Tryptophol,gen3,AncFDMO_1017_c2,D,13,D13,0.04336186236377605,True
Tryptophol,gen3,AncFDMO_559_c6,D,14,D14,0.0,False
Tryptophol,gen3,AncFDMO_1507_c10,D,15,D15,0.0,False
Tryptophol,gen3,AncFDMO_1113_c13,D,16,D16,0.0,False
Tryptophol,gen3,AncFDMO_1667_c15,D,17,D17,0.0,False
Tryptophol,gen3,AncFDMO_1338_c18,D,18,D18,0.0,False
Tryptophol,gen3,AncFDMO_1172_c21,D,19,D19,0.0,False
Tryptophol,gen3,AncFDMO_1198_c25,D,20,D20,0.0,False
Tryptophol,gen3,AncFDMO_224_c29,D,21,D21,0.00871326556469803,True
Tryptophol,gen3,AncFDMO_993_c32,D,22,D22,0.0,False
Tryptophol,gen3,AncFDMO_1319_c35,D,23,D23,0.0,False
Tryptophol,gen3,AncFDMO_1734_c39,D,24,D24,0.0,False
Tryptophol,gen3,AncFDMO_841_c2,D,25,D25,0.0,False
Tryptophol,gen3,AncFDMO_427_c6,D,26,D26,0.0,False
Tryptophol,gen3,AncFDMO_1157_c10,D,27,D27,0.0,False
Tryptophol,gen3,AncFDMO_868_c13,D,28,D28,0.0,False
Tryptophol,gen3,AncFDMO_1444_c15,D,29,D29,0.0,False
Tryptophol,gen3,AncFDMO_1097_c18,D,30,D30,0.0,False
Tryptophol,gen3,AncFDMO_848_c21,D,31,D31,0.0,False
Tryptophol,gen3,AncFDMO_883_c25,D,32,D32,0.0,False
Tryptophol,gen3,AncFDMO_205_c29,D,33,D33,0.075754633184078,True
Tryptophol,gen3,AncFDMO_767_c32,D,34,D34,0.0,False
Tryptophol,gen3,AncFDMO_1050_c35,D,35,D35,0.0,False
Tryptophol,gen3,AncFDMO_1389_c39,D,36,D36,0.0,False
Tryptophol,gen3,AncFDMO_1407_c2,E,1,E1,0.0,False
Tryptophol,gen3,AncFDMO_797_c6,E,2,E2,0.0,False
Tryptophol,gen3,AncFDMO_1853_c10,E,3,E3,0.0,False
Tryptophol,gen3,AncFDMO_1396_c13,E,4,E4,0.0,False
Tryptophol,gen3,AncFDMO_2676_c16,E,5,E5,0.0,False
Tryptophol,gen3,AncFDMO_1243_c19,E,6,E6,0.0,False
Tryptophol,gen3,AncFDMO_1643_c22,E,7,E7,0.0,False
Tryptophol,gen3,AncFDMO_1540_c25,E,8,E8,0.0,False
Tryptophol,gen3,AncFDMO_301_c29,E,9,E9,0.12528559185048357,True
Tryptophol,gen3,AncFDMO_1310_c32,E,10,E10,0.0,False
Tryptophol,gen3,AncFDMO_422_c36,E,11,E11,0.0,False
Tryptophol,gen3,empty vector,E,12,E12,0.0,False
Tryptophol,gen3,AncFDMO_1223_c2,E,13,E13,0.0,False
Tryptophol,gen3,AncFDMO_616_c6,E,14,E14,0.0,False
Tryptophol,gen3,AncFDMO_1709_c10,E,15,E15,0.0,False
Tryptophol,gen3,AncFDMO_1261_c13,E,16,E16,0.0,False
Tryptophol,gen3,AncFDMO_1771_c15,E,17,E17,0.0,False
Tryptophol,gen3,AncFDMO_971_c19,E,18,E18,0.0,False
Tryptophol,gen3,AncFDMO_1212_c21,E,19,E19,0.0,False
Tryptophol,gen3,AncFDMO_1213_c25,E,20,E20,0.013378274074948243,True
Tryptophol,gen3,AncFDMO_1771_c30,E,21,E21,0.0,False
Tryptophol,gen3,AncFDMO_1123_c32,E,22,E22,0.0,False
Tryptophol,gen3,AncFDMO_370_c36,E,23,E23,0.0,False
Tryptophol,gen3,empty vector,E,24,E24,0.0,False
Tryptophol,gen3,AncFDMO_888_c2,E,25,E25,0.0,False
Tryptophol,gen3,AncFDMO_505_c6,E,26,E26,0.0,False
Tryptophol,gen3,AncFDMO_1281_c10,E,27,E27,0.0,False
Tryptophol,gen3,AncFDMO_932_c13,E,28,E28,0.0,False
Tryptophol,gen3,AncFDMO_1459_c15,E,29,E29,0.0,False
Tryptophol,gen3,AncFDMO_754_c19,E,30,E30,0.0,False
Tryptophol,gen3,AncFDMO_900_c21,E,31,E31,0.0,False
Tryptophol,gen3,AncFDMO_984_c25,E,32,E32,0.0,False
Tryptophol,gen3,AncFDMO_1278_c30,E,33,E33,0.0,False
Tryptophol,gen3,AncFDMO_871_c32,E,34,E34,0.0,False
Tryptophol,gen3,AncFDMO_284_c36,E,35,E35,0.0,False
Tryptophol,gen3,empty vector,E,36,E36,0.0,False
Tryptophol,gen3,AncFDMO_924_c3,F,1,F1,0.0,False
Tryptophol,gen3,AncFDMO_967_c7,F,2,F2,0.0,False
Tryptophol,gen3,AncFDMO_1896_c10,F,3,F3,0.0,False
Tryptophol,gen3,AncFDMO_1470_c13,F,4,F4,0.0,False
Tryptophol,gen3,AncFDMO_2796_c16,F,5,F5,0.0,False
Tryptophol,gen3,AncFDMO_1320_c19,F,6,F6,0.0,False
Tryptophol,gen3,AncFDMO_1661_c22,F,7,F7,0.0,False
Tryptophol,gen3,AncFDMO_1601_c25,F,8,F8,0.0,False
Tryptophol,gen3,AncFDMO_2226_c30,F,9,F9,0.0,False
Tryptophol,gen3,AncFDMO_1401_c32,F,10,F10,0.0,False
Tryptophol,gen3,AncFDMO_481_c36,F,11,F11,0.0,False
Tryptophol,gen3,empty vector,F,12,F12,0.0,False
Tryptophol,gen3,AncFDMO_785_c3,F,13,F13,0.0,False
Tryptophol,gen3,AncFDMO_803_c7,F,14,F14,0.0,False
Tryptophol,gen3,AncFDMO_1284_c11,F,15,F15,0.035713781582736914,True
Tryptophol,gen3,AncFDMO_1624_c14,F,16,F16,0.0,False
Tryptophol,gen3,AncFDMO_2130_c16,F,17,F17,0.0,False
Tryptophol,gen3,AncFDMO_1082_c19,F,18,F18,0.0,False
Tryptophol,gen3,AncFDMO_1325_c22,F,19,F19,0.0,False
Tryptophol,gen3,AncFDMO_1435_c25,F,20,F20,0.42820630880428856,True
Tryptophol,gen3,AncFDMO_1931_c30,F,21,F21,0.0,False
Tryptophol,gen3,AncFDMO_1213_c32,F,22,F22,0.0,False
Tryptophol,gen3,AncFDMO_406_c36,F,23,F23,0.0,False
Tryptophol,gen3,empty vector,F,24,F24,0.0,False
Tryptophol,gen3,AncFDMO_543_c3,F,25,F25,0.0,False
Tryptophol,gen3,AncFDMO_725_c7,F,26,F26,0.0,False
Tryptophol,gen3,AncFDMO_1044_c11,F,27,F27,0.12054916707179243,True
Tryptophol,gen3,AncFDMO_1235_c14,F,28,F28,0.0,False
Tryptophol,gen3,AncFDMO_1620_c16,F,29,F29,0.0,False
Tryptophol,gen3,AncFDMO_839_c19,F,30,F30,0.0,False
Tryptophol,gen3,AncFDMO_956_c22,F,31,F31,0.0,False
Tryptophol,gen3,AncFDMO_1066_c25,F,32,F32,0.0,False
Tryptophol,gen3,AncFDMO_1439_c30,F,33,F33,0.0,False
Tryptophol,gen3,AncFDMO_966_c32,F,34,F34,0.0,False
Tryptophol,gen3,AncFDMO_312_c36,F,35,F35,0.0,False
Tryptophol,gen3,empty vector,F,36,F36,0.0,False
Tryptophol,gen3,AncFDMO_985_c3,G,1,G1,0.0,False
Tryptophol,gen3,AncFDMO_1044_c7,G,2,G2,0.0,False
Tryptophol,gen3,AncFDMO_1696_c11,G,3,G3,0.035608709035497094,True
Tryptophol,gen3,AncFDMO_2097_c14,G,4,G4,0.0,False
Tryptophol,gen3,AncFDMO_2839_c16,G,5,G5,0.0,False
Tryptophol,gen3,AncFDMO_1642_c20,G,6,G6,0.0,False
Tryptophol,gen3,AncFDMO_1734_c22,G,7,G7,0.0,False
Tryptophol,gen3,AncFDMO_1039_c26,G,8,G8,0.0,False
Tryptophol,gen3,AncFDMO_2311_c30,G,9,G9,0.0,False
Tryptophol,gen3,AncFDMO_509_c33,G,10,G10,0.0,False
Tryptophol,gen3,AncFDMO_545_c37,G,11,G11,0.0,False
Tryptophol,gen3,NEC,G,12,G12,0.0,False
Tryptophol,gen3,AncFDMO_807_c3,G,13,G13,0.0,False
Tryptophol,gen3,AncFDMO_858_c7,G,14,G14,0.0,False
Tryptophol,gen3,AncFDMO_1384_c11,G,15,G15,0.03238019510920602,True
Tryptophol,gen3,AncFDMO_1705_c14,G,16,G16,0.06915940698132436,True
Tryptophol,gen3,AncFDMO_2234_c16,G,17,G17,0.0,False
Tryptophol,gen3,AncFDMO_1113_c19,G,18,G18,0.0,False
Tryptophol,gen3,AncFDMO_1475_c22,G,19,G19,0.0,False
Tryptophol,gen3,AncFDMO_833_c26,G,20,G20,0.0,False
Tryptophol,gen3,AncFDMO_2030_c30,G,21,G21,0.0,False
Tryptophol,gen3,AncFDMO_408_c33,G,22,G22,0.0,False
Tryptophol,gen3,AncFDMO_428_c37,G,23,G23,0.0,False
Tryptophol,gen3,NEC,G,24,G24,0.0,False
Tryptophol,gen3,AncFDMO_706_c3,G,25,G25,0.0,False
Tryptophol,gen3,AncFDMO_761_c7,G,26,G26,0.0,False
Tryptophol,gen3,AncFDMO_1096_c11,G,27,G27,0.173257616831208,True
Tryptophol,gen3,AncFDMO_1327_c14,G,28,G28,0.0,False
Tryptophol,gen3,AncFDMO_1731_c16,G,29,G29,0.0,False
Tryptophol,gen3,AncFDMO_913_c19,G,30,G30,0.0,False
Tryptophol,gen3,AncFDMO_1072_c22,G,31,G31,0.0,False
Tryptophol,gen3,AncFDMO_596_c26,G,32,G32,3.06499856077897,True
Tryptophol,gen3,AncFDMO_1663_c30,G,33,G33,0.0,False
Tryptophol,gen3,AncFDMO_325_c33,G,34,G34,0.0,False
Tryptophol,gen3,AncFDMO_325_c37,G,35,G35,0.0,False
Tryptophol,gen3,NEC,G,36,G36,0.0,False
Tryptophol,gen3,AncFDMO_353_c4,H,1,H1,0.0,False
Tryptophol,gen3,AncFDMO_1162_c7,H,2,H2,0.0,False
Tryptophol,gen3,AncFDMO_1741_c11,H,3,H3,0.0,False
Tryptophol,gen3,AncFDMO_2205_c14,H,4,H4,0.0,False
Tryptophol,gen3,AncFDMO_2987_c16,H,5,H5,0.0,False
Tryptophol,gen3,AncFDMO_1716_c20,H,6,H6,0.0,False
Tryptophol,gen3,AncFDMO_498_c23,H,7,H7,0.0,False
Tryptophol,gen3,AncFDMO_1133_c26,H,8,H8,0.0,False
Tryptophol,gen3,AncFDMO_2459_c30,H,9,H9,0.0,False
Tryptophol,gen3,AncFDMO_585_c33,H,10,H10,0.0,False
Tryptophol,gen3,AncFDMO_609_c37,H,11,H11,0.0,False
Tryptophol,gen3,NEC,H,12,H12,0.0,False
Tryptophol,gen3,AncFDMO_251_c4,H,13,H13,0.0,False
Tryptophol,gen3,AncFDMO_937_c7,H,14,H14,0.0,False
Tryptophol,gen3,AncFDMO_1484_c11,H,15,H15,0.0,False
Tryptophol,gen3,AncFDMO_1878_c14,H,16,H16,0.0,False
Tryptophol,gen3,AncFDMO_2373_c16,H,17,H17,0.0,False
Tryptophol,gen3,AncFDMO_1302_c20,H,18,H18,0.0,False
Tryptophol,gen3,AncFDMO_1520_c22,H,19,H19,0.0,False
Tryptophol,gen3,AncFDMO_984_c26,H,20,H20,0.0,False
Tryptophol,gen3,AncFDMO_2130_c30,H,21,H21,0.0,False
Tryptophol,gen3,AncFDMO_490_c33,H,22,H22,0.0,False
Tryptophol,gen3,AncFDMO_486_c37,H,23,H23,0.0,False
Tryptophol,gen3,NEC,H,24,H24,0.0,False
Tryptophol,gen3,AncFDMO_196_c4,H,25,H25,0.0,False
Tryptophol,gen3,AncFDMO_777_c7,H,26,H26,0.0,False
Tryptophol,gen3,AncFDMO_1168_c11,H,27,H27,0.05284881835991842,True
Tryptophol,gen3,AncFDMO_1415_c14,H,28,H28,0.0,False
Tryptophol,gen3,AncFDMO_1877_c16,H,29,H29,0.40593258667640697,True
Tryptophol,gen3,AncFDMO_950_c20,H,30,H30,0.0,False
Tryptophol,gen3,AncFDMO_1258_c22,H,31,H31,0.0,False
Tryptophol,gen3,AncFDMO_738_c26,H,32,H32,0.0,False
Tryptophol,gen3,AncFDMO_1730_c30,H,33,H33,0.0,False
Tryptophol,gen3,AncFDMO_347_c33,H,34,H34,0.0,False
Tryptophol,gen3,AncFDMO_388_c37,H,35,H35,0.0,False
Tryptophol,gen3,NEC,H,36,H36,0.0,False
Tryptophol,gen2,Anc321,A,1,A1,0.0,False
Tryptophol,gen2,Anc322,A,2,A2,0.0,False
Tryptophol,gen2,Anc373,A,3,A3,0.0,False
Tryptophol,gen2,Anc416,A,4,A4,0.0,False
Tryptophol,gen2,A0A0L0NHZ5,A,5,A5,0.0,False
Tryptophol,gen2,I1S0U1,A,6,A6,0.0,False
Tryptophol,gen2,A0A317WVG8,A,7,A7,0.0,False
Tryptophol,gen2,Q1DDU6,A,8,A8,0.02230923656316868,True
Tryptophol,gen2,A0A430HSE9,A,9,A9,0.0,False
Tryptophol,gen2,A0A0F8U263,A,10,A10,0.0,False
Tryptophol,gen2,B6K5M4,A,11,A11,0.0,False
Tryptophol,gen2,A0A2I6PIZ8,A,12,A12,0.0,False
Tryptophol,gen2,Anc333,B,1,B1,0.0,False
Tryptophol,gen2,Anc322a,B,2,B2,0.0,False
Tryptophol,gen2,Anc373a,B,3,B3,0.0,False
Tryptophol,gen2,Anc416a,B,4,B4,0.0,False
Tryptophol,gen2,A7UX11,B,5,B5,0.0,False
Tryptophol,gen2,A0A0F7ZML0,B,6,B6,0.0,False
Tryptophol,gen2,J4VWM7,B,7,B7,0.0,False
Tryptophol,gen2,A8LVF4,B,8,B8,0.0,False
Tryptophol,gen2,A0A0S4NSV0,B,9,B9,0.0,False
Tryptophol,gen2,A0A0C9V1F0,B,10,B10,0.0,False
Tryptophol,gen2,S9VNB0,B,11,B11,0.0,False
Tryptophol,gen2,A0A1D8G3K4,B,12,B12,0.0,False
Tryptophol,gen2,Anc369a,C,1,C1,0.0,False
Tryptophol,gen2,Anc366,C,2,C2,0.0,False
Tryptophol,gen2,Anc374,C,3,C3,0.0,False
Tryptophol,gen2,Anc457,C,4,C4,0.0,False
Tryptophol,gen2,A0A1W2TF28,C,5,C5,0.0,False
Tryptophol,gen2,cP23262,C,6,C6,0.0,False
Tryptophol,gen2,A0A559M954,C,7,C7,0.0,False
Tryptophol,gen2,Q2GQG8,C,8,C8,0.0,False
Tryptophol,gen2,Q4WLW7,C,9,C9,0.0,False
Tryptophol,gen2,J3KA16,C,10,C10,0.04124176738504882,True
Tryptophol,gen2,Q9Y7Z9,C,11,C11,0.0,False
Tryptophol,gen2,C5FM59,C,12,C12,0.0,False
Tryptophol,gen2,Anc382,D,1,D1,0.0,False
Tryptophol,gen2,Anc366a,D,2,D2,0.0,False
Tryptophol,gen2,Anc374a,D,3,D3,0.0,False
Tryptophol,gen2,Anc457a,D,4,D4,0.0,False
Tryptophol,gen2,A0A2J6S3A7,D,5,D5,0.0,False
Tryptophol,gen2,cQ5BEJ7,D,6,D6,0.0,False
Tryptophol,gen2,A0A177BZG4,D,7,D7,0.0,False
Tryptophol,gen2,G3XQJ1,D,8,D8,0.0,False
Tryptophol,gen2,A0A0K8LS04,D,9,D9,0.0,False
Tryptophol,gen2,A5ABG5,D,10,D10,0.0,False
Tryptophol,gen2,Q3S8R0,D,11,D11,0.0,False
Tryptophol,gen2,E4V2N4,D,12,D12,0.0,False
Tryptophol,gen2,Anc331,E,1,E1,0.0,False
Tryptophol,gen2,Anc367,E,2,E2,0.08786590329564459,True
Tryptophol,gen2,Anc280,E,3,E3,0.10652364442135354,True
Tryptophol,gen2,Anc488,E,4,E4,0.0,False
Tryptophol,gen2,A0A2J6T8P1,E,5,E5,0.0,False
Tryptophol,gen2,cG3XMC2,E,6,E6,0.0,False
Tryptophol,gen2,P23262,E,7,E7,0.0,False
Tryptophol,gen2,Q9S3U9,E,8,E8,0.0,False
Tryptophol,gen2,K9G8U3,E,9,E9,0.0,False
Tryptophol,gen2,V5FKW7,E,10,E10,0.0,False
Tryptophol,gen2,A0A370B0Q9,E,11,E11,0.0,False
Tryptophol,gen2,F2S701,E,12,E12,0.0,False
Tryptophol,gen2,Anc331a,F,1,F1,0.0,False
Tryptophol,gen2,Anc367a,F,2,F2,0.0,False
Tryptophol,gen2,Anc280a,F,3,F3,0.5463029965255394,True
Tryptophol,gen2,Anc488a,F,4,F4,0.0,False
Tryptophol,gen2,A0A3D8QGL3,F,5,F5,0.0,False
Tryptophol,gen2,cB6HN76,F,6,F6,0.0,False
Tryptophol,gen2,Q53552,F,7,F7,0.0,False
Tryptophol,gen2,A0A2R2IYY2,F,8,F8,0.0,False
Tryptophol,gen2,B6HJU4,F,9,F9,0.0,False
Tryptophol,gen2,R7YWS5,F,10,F10,0.0,False
Tryptophol,gen2,A0A178XEJ6,F,11,F11,0.0,False
Tryptophol,gen2,KPJ13581_1,F,12,F12,0.0,False
Tryptophol,gen2,Anc332,G,1,G1,0.0,False
Tryptophol,gen2,Anc368,G,2,G2,0.0,False
Tryptophol,gen2,Anc412,G,3,G3,0.0,False
Tryptophol,gen2,A0A101MPG3,G,4,G4,0.0,False
Tryptophol,gen2,E3RKN0,G,5,G5,0.0,False
Tryptophol,gen2,cQ0CJ62,G,6,G6,0.0,False
Tryptophol,gen2,A0A239M104,G,7,G7,0.0,False
Tryptophol,gen2,A0A4R7BCP1,G,8,G8,0.0,False
Tryptophol,gen2,S8AW72,G,9,G9,0.0,False
Tryptophol,gen2,S3CM43,G,10,G10,0.0,False
Tryptophol,gen2,E1ACP7,G,11,G11,0.0,False
Tryptophol,gen2,Q5ATK1,G,12,G12,0.0,False
Tryptophol,gen2,Anc332a,H,1,H1,0.0,False
Tryptophol,gen2,Anc368a,H,2,H2,0.0,False
Tryptophol,gen2,Anc412a,H,3,H3,0.0,False
Tryptophol,gen2,A0A4Q7JZ50,H,4,H4,0.0,False
Tryptophol,gen2,Q0CJ62,H,5,H5,0.0,False
Tryptophol,gen2,A0A1R3RGJ2,H,6,H6,0.0,False
Tryptophol,gen2,Q84HF5,H,7,H7,0.0,False
Tryptophol,gen2,C7EDM6,H,8,H8,0.0,False
Tryptophol,gen2,A0A135LJG1,H,9,H9,0.0,False
Tryptophol,gen2,A0A0B4HMN8,H,10,H10,0.0,False
Tryptophol,gen2,E1ACQ4,H,11,H11,0.0,False
Tryptophol,gen2,Empty pMCSG7,H,12,H12,0.0,False
Tryptophol,gen1,Anc 305,A,1,A1,0.0,False
Tryptophol,gen1,Anc 305a,A,2,A2,0.0,False
Tryptophol,gen1,Anc 306,A,3,A3,0.0,False
Tryptophol,gen1,Anc 306a,A,4,A4,0.0,False
Tryptophol,gen1,Anc 311C,A,5,A5,0.0,False
Tryptophol,gen1,Anc 311a,A,6,A6,0.0,False
Tryptophol,gen1,Anc 312,A,7,A7,0.0,False
Tryptophol,gen1,Anc 312a,A,8,A8,0.0,False
Tryptophol,gen1,Anc 321,A,9,A9,0.0,False
Tryptophol,gen1,Anc 321a,A,10,A10,0.0,False
Tryptophol,gen1,Anc 333,A,11,A11,0.0,False
Tryptophol,gen1,Anc 333a,A,12,A12,0.0,False
Tryptophol,gen1,Anc 334,B,1,B1,0.0,False
Tryptophol,gen1,Anc 334a,B,2,B2,0.0,False
Tryptophol,gen1,Anc 335,B,3,B3,0.0,False
Tryptophol,gen1,Anc 335a,B,4,B4,0.0,False
Tryptophol,gen1,Anc 346,B,5,B5,0.0,False
Tryptophol,gen1,Anc 346a,B,6,B6,0.0,False
Tryptophol,gen1,Anc 354,B,7,B7,0.0,False
Tryptophol,gen1,Anc 354a,B,8,B8,0.0,False
Tryptophol,gen1,Anc 369,B,9,B9,0.0,False
Tryptophol,gen1,Anc 369a,B,10,B10,0.0,False
Tryptophol,gen1,Anc 370,B,11,B11,0.0,False
Tryptophol,gen1,Anc 370a,B,12,B12,0.0,False
Tryptophol,gen1,Anc 371,C,1,C1,0.0,False
Tryptophol,gen1,Anc 371a,C,2,C2,0.0,False
Tryptophol,gen1,Anc 382,C,3,C3,0.0,False
Tryptophol,gen1,Anc 382a,C,4,C4,0.0,False
Tryptophol,gen1,Anc 304,C,5,C5,0.0,False
Tryptophol,gen1,Anc 304a,C,6,C6,0.0,False
Tryptophol,gen1,Anc 400,C,7,C7,0.0,False
Tryptophol,gen1,Anc 400a,C,8,C8,0.0,False
Tryptophol,gen1,Anc 401,C,9,C9,0.0,False
Tryptophol,gen1,Anc 401a,C,10,C10,0.0,False
Tryptophol,gen1,Anc 468,C,11,C11,0.0,False
Tryptophol,gen1,Anc 468a,C,12,C12,0.0,False
Tryptophol,gen1,Anc 284,D,1,D1,0.0,False
Tryptophol,gen1,Anc 284a,D,2,D2,0.0,False
Tryptophol,gen1,49_Clade,D,3,D3,0.0,False
Tryptophol,gen1,50_Clade,D,4,D4,0.0,False
Tryptophol,gen1,51_Clade,D,5,D5,0.0,False
Tryptophol,gen1,52_Clade,D,6,D6,0.0,False
Tryptophol,gen1,53_Clade,D,7,D7,0.0,False
Tryptophol,gen1,54_Clade,D,8,D8,0.0,False
Tryptophol,gen1,55_Clade,D,9,D9,0.0,False
Tryptophol,gen1,56_Clade,D,10,D10,0.0,False
Tryptophol,gen1,57_Clade,D,11,D11,0.0,False
Tryptophol,gen1,58_Clade,D,12,D12,0.0,False
Tryptophol,gen1,59_Clade,E,1,E1,0.0,False
Tryptophol,gen1,60_Clade,E,2,E2,0.0,False
Tryptophol,gen1,61_Clade,E,3,E3,0.0,False
Tryptophol,gen1,62_Clade,E,4,E4,0.0,False
Tryptophol,gen1,63_Clade,E,5,E5,0.0,False
Tryptophol,gen1,64_Clade,E,6,E6,0.0,False
Tryptophol,gen1,65_Clade,E,7,E7,0.0,False
Tryptophol,gen1,66_Clade,E,8,E8,0.0,False
Tryptophol,gen1,67_Clade,E,9,E9,0.0,False
Tryptophol,gen1,68_Func.,E,10,E10,0.0,False
Tryptophol,gen1,69_Func.,E,11,E11,0.0,False
Tryptophol,gen1,70_Func.,E,12,E12,0.0,False
Tryptophol,gen1,71_Func.,F,1,F1,0.0,False
Tryptophol,gen1,72_Func.,F,2,F2,0.0,False
Tryptophol,gen1,73_Func.,F,3,F3,0.0,False
Tryptophol,gen1,74_Func.,F,4,F4,0.0,False
Tryptophol,gen1,81_Func.,F,5,F5,0.0,False
Tryptophol,gen1,82_Func.,F,6,F6,0.0,False
Tryptophol,gen1,83_Func.,F,7,F7,0.0,False
Tryptophol,gen1,84_Func.,F,8,F8,0.0,False
Tryptophol,gen1,85_Func.,F,9,F9,0.0,False
Tryptophol,gen1,86_hypo.,F,10,F10,0.0,False
Tryptophol,gen1,87_hypo.,F,11,F11,0.0,False
Tryptophol,gen1,88_hypo.,F,12,F12,0.0,False
Tryptophol,gen1,89_hypo.,G,1,G1,0.0,False
Tryptophol,gen1,90_hypo.,G,2,G2,0.0,False
Tryptophol,gen1,91_hypo.,G,3,G3,0.0,False
Tryptophol,gen1,92_hypo.,G,4,G4,0.0,False
Tryptophol,gen1,93_hypo.,G,5,G5,0.0,False
Tryptophol,gen1,94_hypo.,G,6,G6,0.0,False
Tryptophol,gen1,95_hypo.,G,7,G7,0.0,False
Tryptophol,gen1,96_hypo.,G,8,G8,0.0,False
Tryptophol,gen1,97_hypo.,G,9,G9,0.0,False
Tryptophol,gen1,98_hypo.,G,10,G10,0.0,False
Tryptophol,gen1,99_hypo.,G,11,G11,0.0,False
Tryptophol,gen1,100_hypo.,G,12,G12,0.0,False
Tryptophol,gen1,101_hypo.,H,1,H1,0.0,False
Tryptophol,gen1,102_hypo.,H,2,H2,0.0,False
Tryptophol,gen1,103_hypo.,H,3,H3,0.0,False
Tryptophol,gen1,104_hypo.,H,4,H4,0.0,False
Tryptophol,gen1,105_hypo.,H,5,H5,0.0,False
Tryptophol,gen1,AfoD,H,6,H6,0.0,False
Tryptophol,gen1,AzaH,H,7,H7,0.0,False
Tryptophol,gen1,TropB,H,8,H8,0.0,False
Tryptophol,gen1,Blk,H,9,H9,0.0,False
Tryptophol,gen1,Blk,H,10,H10,0.0,False
Tryptophol,gen1,Blk,H,11,H11,0.0,False
Tryptophol,gen1,Blk,H,12,H12,0.0,False
3-Indole-acetamide,gen3,AncFDMO_791_c1,A,1,A1,0.023920567131314362,True
3-Indole-acetamide,gen3,AncFDMO_1818_c5,A,2,A2,0.0,False
3-Indole-acetamide,gen3,AncFDMO_162_c8,A,3,A3,0.0,False
3-Indole-acetamide,gen3,AncFDMO_1809_c11,A,4,A4,0.0,False
3-Indole-acetamide,gen3,AncFDMO_2310_c14,A,5,A5,0.025812467016338308,True
3-Indole-acetamide,gen3,AncFDMO_1370_c18,A,6,A6,0.0,False
3-Indole-acetamide,gen3,AncFDMO_1795_c20,A,7,A7,0.022785919547684257,True
3-Indole-acetamide,gen3,AncFDMO_1317_c24,A,8,A8,0.0,False
3-Indole-acetamide,gen3,AncFDMO_1758_c27,A,9,A9,0.0,False
3-Indole-acetamide,gen3,AncFDMO_1550_c31,A,10,A10,0.009330122571781454,True
3-Indole-acetamide,gen3,AncFDMO_205_c34,A,11,A11,0.0,False
3-Indole-acetamide,gen3,AncFDMO_240_c38,A,12,A12,0.0,False
3-Indole-acetamide,gen3,AncFDMO_687_c1,A,13,A13,0.0,False
3-Indole-acetamide,gen3,AncFDMO_1491_c5,A,14,A14,0.0,False
3-Indole-acetamide,gen3,AncFDMO_747_c9,A,15,A15,0.0,False
3-Indole-acetamide,gen3,AncFDMO_521_c12,A,16,A16,0.0,False
3-Indole-acetamide,gen3,AncFDMO_1964_c14,A,17,A17,0.07213871899569055,True
3-Indole-acetamide,gen3,AncFDMO_2494_c16,A,18,A18,0.0,False
3-Indole-acetamide,gen3,AncFDMO_1443_c20,A,19,A19,0.0,False
3-Indole-acetamide,gen3,AncFDMO_1000_c24,A,20,A20,0.0,False
3-Indole-acetamide,gen3,AncFDMO_1482_c27,A,21,A21,0.0,False
3-Indole-acetamide,gen3,AncFDMO_1139_c31,A,22,A22,0.0,False
3-Indole-acetamide,gen3,AncFDMO_173_c34,A,23,A23,0.0,False
3-Indole-acetamide,gen3,AncFDMO_207_c38,A,24,A24,0.0,False
3-Indole-acetamide,gen3,AncFDMO_522_c1,A,25,A25,0.0,False
3-Indole-acetamide,gen3,AncFDMO_1244_c5,A,26,A26,0.0,False
3-Indole-acetamide,gen3,AncFDMO_555_c9,A,27,A27,0.0,False
3-Indole-acetamide,gen3,AncFDMO_433_c12,A,28,A28,0.0,False
3-Indole-acetamide,gen3,AncFDMO_1536_c14,A,29,A29,0.0,False
3-Indole-acetamide,gen3,AncFDMO_1961_c16,A,30,A30,0.08442290929265879,True
3-Indole-acetamide,gen3,AncFDMO_1059_c20,A,31,A31,0.0,False
3-Indole-acetamide,gen3,AncFDMO_758_c24,A,32,A32,0.0,False
3-Indole-acetamide,gen3,AncFDMO_1134_c27,A,33,A33,0.0,False
3-Indole-acetamide,gen3,AncFDMO_917_c31,A,34,A34,0.0,False
3-Indole-acetamide,gen3,AncFDMO_145_c34,A,35,A35,0.0,False
3-Indole-acetamide,gen3,AncFDMO_188_c38,A,36,A36,0.0,False
3-Indole-acetamide,gen3,AncFDMO_854_c1,B,1,B1,0.0,False
3-Indole-acetamide,gen3,AncFDMO_2026_c5,B,2,B2,0.07985576268943659,True
3-Indole-acetamide,gen3,AncFDMO_941_c9,B,3,B3,0.0,False
3-Indole-acetamide,gen3,AncFDMO_682_c12,B,4,B4,0.0,False
3-Indole-acetamide,gen3,AncFDMO_1846_c15,B,5,B5,0.0,False
3-Indole-acetamide,gen3,AncFDMO_1469_c18,B,6,B6,0.0,False
3-Indole-acetamide,gen3,AncFDMO_1251_c21,B,7,B7,0.0,False
3-Indole-acetamide,gen3,AncFDMO_1366_c24,B,8,B8,0.0,False
3-Indole-acetamide,gen3,AncFDMO_1860_c27,B,9,B9,0.0,False
3-Indole-acetamide,gen3,AncFDMO_1621_c31,B,10,B10,0.0,False
3-Indole-acetamide,gen3,AncFDMO_1362_c35,B,11,B11,0.0,False
3-Indole-acetamide,gen3,AncFDMO_1888_c39,B,12,B12,0.0,False
3-Indole-acetamide,gen3,AncFDMO_698_c1,B,13,B13,0.0,False
3-Indole-acetamide,gen3,AncFDMO_1629_c5,B,14,B14,0.0,False
3-Indole-acetamide,gen3,AncFDMO_867_c9,B,15,B15,0.0,False
3-Indole-acetamide,gen3,AncFDMO_630_c12,B,16,B16,0.0,False
3-Indole-acetamide,gen3,AncFDMO_1497_c15,B,17,B17,0.0,False
3-Indole-acetamide,gen3,AncFDMO_1191_c18,B,18,B18,0.0,False
3-Indole-acetamide,gen3,AncFDMO_1566_c20,B,19,B19,0.0,False
3-Indole-acetamide,gen3,AncFDMO_1084_c24,B,20,B20,0.0,False
3-Indole-acetamide,gen3,AncFDMO_1605_c27,B,21,B21,0.0,False
3-Indole-acetamide,gen3,AncFDMO_1253_c31,B,22,B22,0.0,False
3-Indole-acetamide,gen3,AncFDMO_1086_c35,B,23,B23,0.0,False
3-Indole-acetamide,gen3,AncFDMO_1493_c39,B,24,B24,0.0,False
3-Indole-acetamide,gen3,AncFDMO_579_c1,B,25,B25,0.0,False
3-Indole-acetamide,gen3,AncFDMO_1284_c5,B,26,B26,0.024011444779395943,True
3-Indole-acetamide,gen3,AncFDMO_635_c9,B,27,B27,0.0,False
3-Indole-acetamide,gen3,AncFDMO_490_c12,B,28,B28,0.0,False
3-Indole-acetamide,gen3,AncFDMO_1280_c15,B,29,B29,0.0,False
3-Indole-acetamide,gen3,AncFDMO_852_c18,B,30,B30,0.0,False
3-Indole-acetamide,gen3,AncFDMO_1183_c20,B,31,B31,0.0,False
3-Indole-acetamide,gen3,AncFDMO_866_c24,B,32,B32,0.0,False
3-Indole-acetamide,gen3,AncFDMO_1243_c27,B,33,B33,0.0,False
3-Indole-acetamide,gen3,AncFDMO_1036_c31,B,34,B34,0.0,False
3-Indole-acetamide,gen3,AncFDMO_905_c35,B,35,B35,0.04352692014143446,True
3-Indole-acetamide,gen3,AncFDMO_1102_c39,B,36,B36,0.0,False
3-Indole-acetamide,gen3,AncFDMO_1334_c2,C,1,C1,0.009008135617154371,True
3-Indole-acetamide,gen3,AncFDMO_2119_c5,C,2,C2,0.0,False
3-Indole-acetamide,gen3,AncFDMO_1026_c9,C,3,C3,0.0,False
3-Indole-acetamide,gen3,AncFDMO_743_c12,C,4,C4,0.0,False
3-Indole-acetamide,gen3,AncFDMO_2049_c15,C,5,C5,0.0,False
3-Indole-acetamide,gen3,AncFDMO_1496_c18,C,6,C6,0.0,False
3-Indole-acetamide,gen3,AncFDMO_1325_c21,C,7,C7,0.0,False
3-Indole-acetamide,gen3,AncFDMO_1439_c24,C,8,C8,0.0,False
3-Indole-acetamide,gen3,AncFDMO_2097_c27,C,9,C9,0.0,False
3-Indole-acetamide,gen3,AncFDMO_1692_c31,C,10,C10,0.55994104487289,True
3-Indole-acetamide,gen3,AncFDMO_1539_c35,C,11,C11,0.0,False
3-Indole-acetamide,gen3,AncFDMO_1929_c39,C,12,C12,0.0,False
3-Indole-acetamide,gen3,AncFDMO_921_c2,C,13,C13,0.0,False
3-Indole-acetamide,gen3,AncFDMO_1732_c5,C,14,C14,0.0,False
3-Indole-acetamide,gen3,AncFDMO_1397_c10,C,15,C15,0.0,False
3-Indole-acetamide,gen3,AncFDMO_1013_c13,C,16,C16,0.0,False
3-Indole-acetamide,gen3,AncFDMO_1553_c15,C,17,C17,0.0,False
3-Indole-acetamide,gen3,AncFDMO_1270_c18,C,18,C18,0.0,False
3-Indole-acetamide,gen3,AncFDMO_1074_c21,C,19,C19,0.0,False
3-Indole-acetamide,gen3,AncFDMO_1274_c24,C,20,C20,0.0,False
3-Indole-acetamide,gen3,AncFDMO_1731_c27,C,21,C21,0.0,False
3-Indole-acetamide,gen3,AncFDMO_1397_c31,C,22,C22,0.0,False
3-Indole-acetamide,gen3,AncFDMO_1221_c35,C,23,C23,0.0,False
3-Indole-acetamide,gen3,AncFDMO_1641_c39,C,24,C24,0.0,False
3-Indole-acetamide,gen3,AncFDMO_761_c2,C,25,C25,0.0,False
3-Indole-acetamide,gen3,AncFDMO_1358_c5,C,26,C26,0.0,False
3-Indole-acetamide,gen3,AncFDMO_1008_c10,C,27,C27,0.0,False
3-Indole-acetamide,gen3,AncFDMO_808_c13,C,28,C28,0.0,False
3-Indole-acetamide,gen3,AncFDMO_1385_c15,C,29,C29,0.0,False
3-Indole-acetamide,gen3,AncFDMO_883_c18,C,30,C30,0.0,False
3-Indole-acetamide,gen3,AncFDMO_782_c21,C,31,C31,0.0,False
3-Indole-acetamide,gen3,AncFDMO_968_c24,C,32,C32,0.0,False
3-Indole-acetamide,gen3,AncFDMO_1312_c27,C,33,C33,0.0,False
3-Indole-acetamide,gen3,AncFDMO_1105_c31,C,34,C34,0.0,False
3-Indole-acetamide,gen3,AncFDMO_1014_c35,C,35,C35,0.009603962876802367,True
3-Indole-acetamide,gen3,AncFDMO_1281_c39,C,36,C36,0.0,False
3-Indole-acetamide,gen3,AncFDMO_1382_c2,D,1,D1,0.0,False
3-Indole-acetamide,gen3,AncFDMO_701_c6,D,2,D2,0.0,False
3-Indole-acetamide,gen3,AncFDMO_1785_c10,D,3,D3,0.0,False
3-Indole-acetamide,gen3,AncFDMO_1354_c13,D,4,D4,0.0,False
3-Indole-acetamide,gen3,AncFDMO_2131_c15,D,5,D5,0.0,False
3-Indole-acetamide,gen3,AncFDMO_1170_c19,D,6,D6,0.0,False
3-Indole-acetamide,gen3,AncFDMO_1407_c21,D,7,D7,0.0,False
3-Indole-acetamide,gen3,AncFDMO_1461_c25,D,8,D8,0.0,False
3-Indole-acetamide,gen3,AncFDMO_244_c28,D,9,D9,0.0,False
3-Indole-acetamide,gen3,AncFDMO_1259_c32,D,10,D10,0.0,False
3-Indole-acetamide,gen3,AncFDMO_1603_c35,D,11,D11,0.4200908745472449,True
3-Indole-acetamide,gen3,AncFDMO_2092_c39,D,12,D12,0.0,False
3-Indole-acetamide,gen3,AncFDMO_1017_c2,D,13,D13,0.014430959252381276,True
3-Indole-acetamide,gen3,AncFDMO_559_c6,D,14,D14,0.0,False
3-Indole-acetamide,gen3,AncFDMO_1507_c10,D,15,D15,0.0,False
3-Indole-acetamide,gen3,AncFDMO_1113_c13,D,16,D16,0.0,False
3-Indole-acetamide,gen3,AncFDMO_1667_c15,D,17,D17,0.0,False
3-Indole-acetamide,gen3,AncFDMO_1338_c18,D,18,D18,0.0,False
3-Indole-acetamide,gen3,AncFDMO_1172_c21,D,19,D19,0.0,False
3-Indole-acetamide,gen3,AncFDMO_1198_c25,D,20,D20,0.0,False
3-Indole-acetamide,gen3,AncFDMO_224_c29,D,21,D21,0.0,False
3-Indole-acetamide,gen3,AncFDMO_993_c32,D,22,D22,0.0,False
3-Indole-acetamide,gen3,AncFDMO_1319_c35,D,23,D23,0.0,False
3-Indole-acetamide,gen3,AncFDMO_1734_c39,D,24,D24,0.0,False
3-Indole-acetamide,gen3,AncFDMO_841_c2,D,25,D25,0.0,False
3-Indole-acetamide,gen3,AncFDMO_427_c6,D,26,D26,0.0,False
3-Indole-acetamide,gen3,AncFDMO_1157_c10,D,27,D27,0.0,False
3-Indole-acetamide,gen3,AncFDMO_868_c13,D,28,D28,0.0,False
3-Indole-acetamide,gen3,AncFDMO_1444_c15,D,29,D29,0.0,False
3-Indole-acetamide,gen3,AncFDMO_1097_c18,D,30,D30,0.0,False
3-Indole-acetamide,gen3,AncFDMO_848_c21,D,31,D31,0.0,False
3-Indole-acetamide,gen3,AncFDMO_883_c25,D,32,D32,0.0,False
3-Indole-acetamide,gen3,AncFDMO_205_c29,D,33,D33,0.013212165184699332,True
3-Indole-acetamide,gen3,AncFDMO_767_c32,D,34,D34,0.0,False
3-Indole-acetamide,gen3,AncFDMO_1050_c35,D,35,D35,0.4898371872868995,True
3-Indole-acetamide,gen3,AncFDMO_1389_c39,D,36,D36,0.0,False
3-Indole-acetamide,gen3,AncFDMO_1407_c2,E,1,E1,0.0,False
3-Indole-acetamide,gen3,AncFDMO_797_c6,E,2,E2,0.0,False
3-Indole-acetamide,gen3,AncFDMO_1853_c10,E,3,E3,0.0,False
3-Indole-acetamide,gen3,AncFDMO_1396_c13,E,4,E4,0.0,False
3-Indole-acetamide,gen3,AncFDMO_2676_c16,E,5,E5,0.0,False
3-Indole-acetamide,gen3,AncFDMO_1243_c19,E,6,E6,0.0,False
3-Indole-acetamide,gen3,AncFDMO_1643_c22,E,7,E7,0.0,False
3-Indole-acetamide,gen3,AncFDMO_1540_c25,E,8,E8,0.0,False
3-Indole-acetamide,gen3,AncFDMO_301_c29,E,9,E9,0.06539557944601708,True
3-Indole-acetamide,gen3,AncFDMO_1310_c32,E,10,E10,0.0,False
3-Indole-acetamide,gen3,AncFDMO_422_c36,E,11,E11,0.0,False
3-Indole-acetamide,gen3,empty vector,E,12,E12,0.0,False
3-Indole-acetamide,gen3,AncFDMO_1223_c2,E,13,E13,0.0,False
3-Indole-acetamide,gen3,AncFDMO_616_c6,E,14,E14,0.0,False
3-Indole-acetamide,gen3,AncFDMO_1709_c10,E,15,E15,0.0,False
3-Indole-acetamide,gen3,AncFDMO_1261_c13,E,16,E16,0.013714414653438832,True
3-Indole-acetamide,gen3,AncFDMO_1771_c15,E,17,E17,0.0,False
3-Indole-acetamide,gen3,AncFDMO_971_c19,E,18,E18,0.0,False
3-Indole-acetamide,gen3,AncFDMO_1212_c21,E,19,E19,0.0,False
3-Indole-acetamide,gen3,AncFDMO_1213_c25,E,20,E20,0.13482063710397207,True
3-Indole-acetamide,gen3,AncFDMO_1771_c30,E,21,E21,0.0,False
3-Indole-acetamide,gen3,AncFDMO_1123_c32,E,22,E22,0.0,False
3-Indole-acetamide,gen3,AncFDMO_370_c36,E,23,E23,0.0,False
3-Indole-acetamide,gen3,empty vector,E,24,E24,0.0,False
3-Indole-acetamide,gen3,AncFDMO_888_c2,E,25,E25,0.0,False
3-Indole-acetamide,gen3,AncFDMO_505_c6,E,26,E26,0.0,False
3-Indole-acetamide,gen3,AncFDMO_1281_c10,E,27,E27,0.0,False
3-Indole-acetamide,gen3,AncFDMO_932_c13,E,28,E28,0.0,False
3-Indole-acetamide,gen3,AncFDMO_1459_c15,E,29,E29,0.0,False
3-Indole-acetamide,gen3,AncFDMO_754_c19,E,30,E30,0.0,False
3-Indole-acetamide,gen3,AncFDMO_900_c21,E,31,E31,0.0,False
3-Indole-acetamide,gen3,AncFDMO_984_c25,E,32,E32,0.0,False
3-Indole-acetamide,gen3,AncFDMO_1278_c30,E,33,E33,0.0,False
3-Indole-acetamide,gen3,AncFDMO_871_c32,E,34,E34,0.0,False
3-Indole-acetamide,gen3,AncFDMO_284_c36,E,35,E35,0.0,False
3-Indole-acetamide,gen3,empty vector,E,36,E36,0.0,False
3-Indole-acetamide,gen3,AncFDMO_924_c3,F,1,F1,0.0,False
3-Indole-acetamide,gen3,AncFDMO_967_c7,F,2,F2,0.0,False
3-Indole-acetamide,gen3,AncFDMO_1896_c10,F,3,F3,0.0,False
3-Indole-acetamide,gen3,AncFDMO_1470_c13,F,4,F4,0.0,False
3-Indole-acetamide,gen3,AncFDMO_2796_c16,F,5,F5,0.0,False
3-Indole-acetamide,gen3,AncFDMO_1320_c19,F,6,F6,0.0,False
3-Indole-acetamide,gen3,AncFDMO_1661_c22,F,7,F7,0.0,False
3-Indole-acetamide,gen3,AncFDMO_1601_c25,F,8,F8,0.0,False
3-Indole-acetamide,gen3,AncFDMO_2226_c30,F,9,F9,0.0,False
3-Indole-acetamide,gen3,AncFDMO_1401_c32,F,10,F10,0.0,False
3-Indole-acetamide,gen3,AncFDMO_481_c36,F,11,F11,0.0,False
3-Indole-acetamide,gen3,empty vector,F,12,F12,0.0,False
3-Indole-acetamide,gen3,AncFDMO_785_c3,F,13,F13,0.005243335786324693,True
3-Indole-acetamide,gen3,AncFDMO_803_c7,F,14,F14,0.0,False
3-Indole-acetamide,gen3,AncFDMO_1284_c11,F,15,F15,0.03554675707776582,True
3-Indole-acetamide,gen3,AncFDMO_1624_c14,F,16,F16,0.010573234143068124,True
3-Indole-acetamide,gen3,AncFDMO_2130_c16,F,17,F17,0.0,False
3-Indole-acetamide,gen3,AncFDMO_1082_c19,F,18,F18,0.0,False
3-Indole-acetamide,gen3,AncFDMO_1325_c22,F,19,F19,0.0,False
3-Indole-acetamide,gen3,AncFDMO_1435_c25,F,20,F20,0.2252036780223128,True
3-Indole-acetamide,gen3,AncFDMO_1931_c30,F,21,F21,0.0,False
3-Indole-acetamide,gen3,AncFDMO_1213_c32,F,22,F22,0.0,False
3-Indole-acetamide,gen3,AncFDMO_406_c36,F,23,F23,0.0,False
3-Indole-acetamide,gen3,empty vector,F,24,F24,0.0,False
3-Indole-acetamide,gen3,AncFDMO_543_c3,F,25,F25,0.0,False
3-Indole-acetamide,gen3,AncFDMO_725_c7,F,26,F26,0.0,False
3-Indole-acetamide,gen3,AncFDMO_1044_c11,F,27,F27,0.015627917855313884,True
3-Indole-acetamide,gen3,AncFDMO_1235_c14,F,28,F28,0.0,False
3-Indole-acetamide,gen3,AncFDMO_1620_c16,F,29,F29,0.0,False
3-Indole-acetamide,gen3,AncFDMO_839_c19,F,30,F30,0.0,False
3-Indole-acetamide,gen3,AncFDMO_956_c22,F,31,F31,0.0,False
3-Indole-acetamide,gen3,AncFDMO_1066_c25,F,32,F32,0.0,False
3-Indole-acetamide,gen3,AncFDMO_1439_c30,F,33,F33,0.0,False
3-Indole-acetamide,gen3,AncFDMO_966_c32,F,34,F34,0.0,False
3-Indole-acetamide,gen3,AncFDMO_312_c36,F,35,F35,0.0,False
3-Indole-acetamide,gen3,empty vector,F,36,F36,0.0,False
3-Indole-acetamide,gen3,AncFDMO_985_c3,G,1,G1,0.0,False
3-Indole-acetamide,gen3,AncFDMO_1044_c7,G,2,G2,0.0,False
3-Indole-acetamide,gen3,AncFDMO_1696_c11,G,3,G3,0.0,False
3-Indole-acetamide,gen3,AncFDMO_2097_c14,G,4,G4,0.0,False
3-Indole-acetamide,gen3,AncFDMO_2839_c16,G,5,G5,0.0,False
3-Indole-acetamide,gen3,AncFDMO_1642_c20,G,6,G6,0.0,False
3-Indole-acetamide,gen3,AncFDMO_1734_c22,G,7,G7,0.0,False
3-Indole-acetamide,gen3,AncFDMO_1039_c26,G,8,G8,0.0,False
3-Indole-acetamide,gen3,AncFDMO_2311_c30,G,9,G9,0.0,False
3-Indole-acetamide,gen3,AncFDMO_509_c33,G,10,G10,0.0,False
3-Indole-acetamide,gen3,AncFDMO_545_c37,G,11,G11,0.0,False
3-Indole-acetamide,gen3,NEC,G,12,G12,0.0,False
3-Indole-acetamide,gen3,AncFDMO_807_c3,G,13,G13,0.02641755727415882,True
3-Indole-acetamide,gen3,AncFDMO_858_c7,G,14,G14,0.0,False
3-Indole-acetamide,gen3,AncFDMO_1384_c11,G,15,G15,0.007635546455756334,True
3-Indole-acetamide,gen3,AncFDMO_1705_c14,G,16,G16,0.05044833919850949,True
3-Indole-acetamide,gen3,AncFDMO_2234_c16,G,17,G17,0.0,False
3-Indole-acetamide,gen3,AncFDMO_1113_c19,G,18,G18,0.0,False
3-Indole-acetamide,gen3,AncFDMO_1475_c22,G,19,G19,0.0,False
3-Indole-acetamide,gen3,AncFDMO_833_c26,G,20,G20,0.0,False
3-Indole-acetamide,gen3,AncFDMO_2030_c30,G,21,G21,0.0,False
3-Indole-acetamide,gen3,AncFDMO_408_c33,G,22,G22,0.0,False
3-Indole-acetamide,gen3,AncFDMO_428_c37,G,23,G23,0.004673317540222191,True
3-Indole-acetamide,gen3,NEC,G,24,G24,0.0,False
3-Indole-acetamide,gen3,AncFDMO_706_c3,G,25,G25,0.0,False
3-Indole-acetamide,gen3,AncFDMO_761_c7,G,26,G26,0.0,False
3-Indole-acetamide,gen3,AncFDMO_1096_c11,G,27,G27,0.011299837435795192,True
3-Indole-acetamide,gen3,AncFDMO_1327_c14,G,28,G28,0.0,False
3-Indole-acetamide,gen3,AncFDMO_1731_c16,G,29,G29,0.0,False
3-Indole-acetamide,gen3,AncFDMO_913_c19,G,30,G30,0.0,False
3-Indole-acetamide,gen3,AncFDMO_1072_c22,G,31,G31,0.0,False
3-Indole-acetamide,gen3,AncFDMO_596_c26,G,32,G32,0.0980392849647503,True
3-Indole-acetamide,gen3,AncFDMO_1663_c30,G,33,G33,0.0,False
3-Indole-acetamide,gen3,AncFDMO_325_c33,G,34,G34,0.0,False
3-Indole-acetamide,gen3,AncFDMO_325_c37,G,35,G35,0.0,False
3-Indole-acetamide,gen3,NEC,G,36,G36,0.0,False
3-Indole-acetamide,gen3,AncFDMO_353_c4,H,1,H1,0.0,False
3-Indole-acetamide,gen3,AncFDMO_1162_c7,H,2,H2,0.0,False
3-Indole-acetamide,gen3,AncFDMO_1741_c11,H,3,H3,0.0,False
3-Indole-acetamide,gen3,AncFDMO_2205_c14,H,4,H4,0.0,False
3-Indole-acetamide,gen3,AncFDMO_2987_c16,H,5,H5,0.0,False
3-Indole-acetamide,gen3,AncFDMO_1716_c20,H,6,H6,0.0,False
3-Indole-acetamide,gen3,AncFDMO_498_c23,H,7,H7,0.0,False
3-Indole-acetamide,gen3,AncFDMO_1133_c26,H,8,H8,0.0,False
3-Indole-acetamide,gen3,AncFDMO_2459_c30,H,9,H9,0.0,False
3-Indole-acetamide,gen3,AncFDMO_585_c33,H,10,H10,0.0,False
3-Indole-acetamide,gen3,AncFDMO_609_c37,H,11,H11,0.0,False
3-Indole-acetamide,gen3,NEC,H,12,H12,0.0,False
3-Indole-acetamide,gen3,AncFDMO_251_c4,H,13,H13,0.0,False
3-Indole-acetamide,gen3,AncFDMO_937_c7,H,14,H14,0.0,False
3-Indole-acetamide,gen3,AncFDMO_1484_c11,H,15,H15,0.0,False
3-Indole-acetamide,gen3,AncFDMO_1878_c14,H,16,H16,0.014598383361759561,True
3-Indole-acetamide,gen3,AncFDMO_2373_c16,H,17,H17,0.0,False
3-Indole-acetamide,gen3,AncFDMO_1302_c20,H,18,H18,0.0,False
3-Indole-acetamide,gen3,AncFDMO_1520_c22,H,19,H19,0.0,False
3-Indole-acetamide,gen3,AncFDMO_984_c26,H,20,H20,0.0,False
3-Indole-acetamide,gen3,AncFDMO_2130_c30,H,21,H21,0.0,False
3-Indole-acetamide,gen3,AncFDMO_490_c33,H,22,H22,0.0,False
3-Indole-acetamide,gen3,AncFDMO_486_c37,H,23,H23,0.0,False
3-Indole-acetamide,gen3,NEC,H,24,H24,0.0,False
3-Indole-acetamide,gen3,AncFDMO_196_c4,H,25,H25,0.0,False
3-Indole-acetamide,gen3,AncFDMO_777_c7,H,26,H26,0.0,False
3-Indole-acetamide,gen3,AncFDMO_1168_c11,H,27,H27,0.0,False
3-Indole-acetamide,gen3,AncFDMO_1415_c14,H,28,H28,0.021106948998680278,True
3-Indole-acetamide,gen3,AncFDMO_1877_c16,H,29,H29,0.03139486430010051,True
3-Indole-acetamide,gen3,AncFDMO_950_c20,H,30,H30,0.0,False
3-Indole-acetamide,gen3,AncFDMO_1258_c22,H,31,H31,0.0,False
3-Indole-acetamide,gen3,AncFDMO_738_c26,H,32,H32,0.0,False
3-Indole-acetamide,gen3,AncFDMO_1730_c30,H,33,H33,0.0,False
3-Indole-acetamide,gen3,AncFDMO_347_c33,H,34,H34,0.0,False
3-Indole-acetamide,gen3,AncFDMO_388_c37,H,35,H35,0.0,False
3-Indole-acetamide,gen3,NEC,H,36,H36,0.0,False
3-Indole-acetamide,gen2,Anc321,A,1,A1,0.0027088814053117965,True
3-Indole-acetamide,gen2,Anc322,A,2,A2,0.0035478096655757515,True
3-Indole-acetamide,gen2,Anc373,A,3,A3,0.0,False
3-Indole-acetamide,gen2,Anc416,A,4,A4,0.0,False
3-Indole-acetamide,gen2,A0A0L0NHZ5,A,5,A5,0.0,False
3-Indole-acetamide,gen2,I1S0U1,A,6,A6,0.0,False
3-Indole-acetamide,gen2,A0A317WVG8,A,7,A7,0.0,False
3-Indole-acetamide,gen2,Q1DDU6,A,8,A8,0.008796843376893838,True
3-Indole-acetamide,gen2,A0A430HSE9,A,9,A9,0.0,False
3-Indole-acetamide,gen2,A0A0F8U263,A,10,A10,0.0,False
3-Indole-acetamide,gen2,B6K5M4,A,11,A11,0.0,False
3-Indole-acetamide,gen2,A0A2I6PIZ8,A,12,A12,0.0,False
3-Indole-acetamide,gen2,Anc333,B,1,B1,0.0,False
3-Indole-acetamide,gen2,Anc322a,B,2,B2,0.0,False
3-Indole-acetamide,gen2,Anc373a,B,3,B3,0.0,False
3-Indole-acetamide,gen2,Anc416a,B,4,B4,0.0,False
3-Indole-acetamide,gen2,A7UX11,B,5,B5,0.0,False
3-Indole-acetamide,gen2,A0A0F7ZML0,B,6,B6,0.0,False
3-Indole-acetamide,gen2,J4VWM7,B,7,B7,0.0,False
3-Indole-acetamide,gen2,A8LVF4,B,8,B8,0.0,False
3-Indole-acetamide,gen2,A0A0S4NSV0,B,9,B9,0.0,False
3-Indole-acetamide,gen2,A0A0C9V1F0,B,10,B10,0.0,False
3-Indole-acetamide,gen2,S9VNB0,B,11,B11,0.0,False
3-Indole-acetamide,gen2,A0A1D8G3K4,B,12,B12,0.0,False
3-Indole-acetamide,gen2,Anc369a,C,1,C1,0.0,False
3-Indole-acetamide,gen2,Anc366,C,2,C2,0.0,False
3-Indole-acetamide,gen2,Anc374,C,3,C3,0.0,False
3-Indole-acetamide,gen2,Anc457,C,4,C4,0.0,False
3-Indole-acetamide,gen2,A0A1W2TF28,C,5,C5,0.0,False
3-Indole-acetamide,gen2,cP23262,C,6,C6,0.0,False
3-Indole-acetamide,gen2,A0A559M954,C,7,C7,0.0,False
3-Indole-acetamide,gen2,Q2GQG8,C,8,C8,0.0,False
3-Indole-acetamide,gen2,Q4WLW7,C,9,C9,0.0,False
3-Indole-acetamide,gen2,J3KA16,C,10,C10,0.08583902314753437,True
3-Indole-acetamide,gen2,Q9Y7Z9,C,11,C11,0.0,False
3-Indole-acetamide,gen2,C5FM59,C,12,C12,0.0,False
3-Indole-acetamide,gen2,Anc382,D,1,D1,0.0,False
3-Indole-acetamide,gen2,Anc366a,D,2,D2,0.0,False
3-Indole-acetamide,gen2,Anc374a,D,3,D3,0.0,False
3-Indole-acetamide,gen2,Anc457a,D,4,D4,0.0,False
3-Indole-acetamide,gen2,A0A2J6S3A7,D,5,D5,0.0,False
3-Indole-acetamide,gen2,cQ5BEJ7,D,6,D6,0.0,False
3-Indole-acetamide,gen2,A0A177BZG4,D,7,D7,0.0,False
3-Indole-acetamide,gen2,G3XQJ1,D,8,D8,0.0,False
3-Indole-acetamide,gen2,A0A0K8LS04,D,9,D9,0.0,False
3-Indole-acetamide,gen2,A5ABG5,D,10,D10,0.0,False
3-Indole-acetamide,gen2,Q3S8R0,D,11,D11,0.0,False
3-Indole-acetamide,gen2,E4V2N4,D,12,D12,0.0,False
3-Indole-acetamide,gen2,Anc331,E,1,E1,0.0,False
3-Indole-acetamide,gen2,Anc367,E,2,E2,0.05819734934822181,True
3-Indole-acetamide,gen2,Anc280,E,3,E3,0.04267725279430985,True
3-Indole-acetamide,gen2,Anc488,E,4,E4,0.0,False
3-Indole-acetamide,gen2,A0A2J6T8P1,E,5,E5,0.0,False
3-Indole-acetamide,gen2,cG3XMC2,E,6,E6,0.0,False
3-Indole-acetamide,gen2,P23262,E,7,E7,0.0,False
3-Indole-acetamide,gen2,Q9S3U9,E,8,E8,0.0,False
3-Indole-acetamide,gen2,K9G8U3,E,9,E9,0.0,False
3-Indole-acetamide,gen2,V5FKW7,E,10,E10,0.0,False
3-Indole-acetamide,gen2,A0A370B0Q9,E,11,E11,0.0,False
3-Indole-acetamide,gen2,F2S701,E,12,E12,0.0,False
3-Indole-acetamide,gen2,Anc331a,F,1,F1,0.0,False
3-Indole-acetamide,gen2,Anc367a,F,2,F2,0.006611031459121313,True
3-Indole-acetamide,gen2,Anc280a,F,3,F3,0.07424388744954306,True
3-Indole-acetamide,gen2,Anc488a,F,4,F4,0.0,False
3-Indole-acetamide,gen2,A0A3D8QGL3,F,5,F5,0.0,False
3-Indole-acetamide,gen2,cB6HN76,F,6,F6,0.0,False
3-Indole-acetamide,gen2,Q53552,F,7,F7,0.0,False
3-Indole-acetamide,gen2,A0A2R2IYY2,F,8,F8,0.0,False
3-Indole-acetamide,gen2,B6HJU4,F,9,F9,0.0,False
3-Indole-acetamide,gen2,R7YWS5,F,10,F10,0.0,False
3-Indole-acetamide,gen2,A0A178XEJ6,F,11,F11,0.0,False
3-Indole-acetamide,gen2,KPJ13581_1,F,12,F12,0.0,False
3-Indole-acetamide,gen2,Anc332,G,1,G1,0.0,False
3-Indole-acetamide,gen2,Anc368,G,2,G2,0.0,False
3-Indole-acetamide,gen2,Anc412,G,3,G3,0.0,False
3-Indole-acetamide,gen2,A0A101MPG3,G,4,G4,0.0,False
3-Indole-acetamide,gen2,E3RKN0,G,5,G5,0.0,False
3-Indole-acetamide,gen2,cQ0CJ62,G,6,G6,0.0,False
3-Indole-acetamide,gen2,A0A239M104,G,7,G7,0.0,False
3-Indole-acetamide,gen2,A0A4R7BCP1,G,8,G8,0.0,False
3-Indole-acetamide,gen2,S8AW72,G,9,G9,0.0,False
3-Indole-acetamide,gen2,S3CM43,G,10,G10,0.0,False
3-Indole-acetamide,gen2,E1ACP7,G,11,G11,0.0,False
3-Indole-acetamide,gen2,Q5ATK1,G,12,G12,0.0,False
3-Indole-acetamide,gen2,Anc332a,H,1,H1,0.0,False
3-Indole-acetamide,gen2,Anc368a,H,2,H2,0.0,False
3-Indole-acetamide,gen2,Anc412a,H,3,H3,0.0,False
3-Indole-acetamide,gen2,A0A4Q7JZ50,H,4,H4,0.0,False
3-Indole-acetamide,gen2,Q0CJ62,H,5,H5,0.0,False
3-Indole-acetamide,gen2,A0A1R3RGJ2,H,6,H6,0.0,False
3-Indole-acetamide,gen2,Q84HF5,H,7,H7,0.0,False
3-Indole-acetamide,gen2,C7EDM6,H,8,H8,0.0,False
3-Indole-acetamide,gen2,A0A135LJG1,H,9,H9,0.0,False
3-Indole-acetamide,gen2,A0A0B4HMN8,H,10,H10,0.0,False
3-Indole-acetamide,gen2,E1ACQ4,H,11,H11,0.0,False
3-Indole-acetamide,gen2,Empty pMCSG7,H,12,H12,0.0,False
3-Indole-acetamide,gen1,Anc 305,A,1,A1,0.0,False
3-Indole-acetamide,gen1,Anc 305a,A,2,A2,0.0,False
3-Indole-acetamide,gen1,Anc 306,A,3,A3,0.0,False
3-Indole-acetamide,gen1,Anc 306a,A,4,A4,0.0,False
3-Indole-acetamide,gen1,Anc 311C,A,5,A5,0.0,False
3-Indole-acetamide,gen1,Anc 311a,A,6,A6,0.0,False
3-Indole-acetamide,gen1,Anc 312,A,7,A7,0.0,False
3-Indole-acetamide,gen1,Anc 312a,A,8,A8,0.0,False
3-Indole-acetamide,gen1,Anc 321,A,9,A9,0.0,False
3-Indole-acetamide,gen1,Anc 321a,A,10,A10,0.0,False
3-Indole-acetamide,gen1,Anc 333,A,11,A11,0.0,False
3-Indole-acetamide,gen1,Anc 333a,A,12,A12,0.0,False
3-Indole-acetamide,gen1,Anc 334,B,1,B1,0.0,False
3-Indole-acetamide,gen1,Anc 334a,B,2,B2,0.0,False
3-Indole-acetamide,gen1,Anc 335,B,3,B3,0.0,False
3-Indole-acetamide,gen1,Anc 335a,B,4,B4,0.0,False
3-Indole-acetamide,gen1,Anc 346,B,5,B5,0.0,False
3-Indole-acetamide,gen1,Anc 346a,B,6,B6,0.0,False
3-Indole-acetamide,gen1,Anc 354,B,7,B7,0.0,False
3-Indole-acetamide,gen1,Anc 354a,B,8,B8,0.020826199105141593,True
3-Indole-acetamide,gen1,Anc 369,B,9,B9,0.0,False
3-Indole-acetamide,gen1,Anc 369a,B,10,B10,0.0,False
3-Indole-acetamide,gen1,Anc 370,B,11,B11,0.0,False
3-Indole-acetamide,gen1,Anc 370a,B,12,B12,0.0,False
3-Indole-acetamide,gen1,Anc 371,C,1,C1,0.0,False
3-Indole-acetamide,gen1,Anc 371a,C,2,C2,0.0,False
3-Indole-acetamide,gen1,Anc 382,C,3,C3,0.0,False
3-Indole-acetamide,gen1,Anc 382a,C,4,C4,0.0,False
3-Indole-acetamide,gen1,Anc 304,C,5,C5,0.0,False
3-Indole-acetamide,gen1,Anc 304a,C,6,C6,0.0,False
3-Indole-acetamide,gen1,Anc 400,C,7,C7,0.0,False
3-Indole-acetamide,gen1,Anc 400a,C,8,C8,0.0,False
3-Indole-acetamide,gen1,Anc 401,C,9,C9,0.0,False
3-Indole-acetamide,gen1,Anc 401a,C,10,C10,0.0,False
3-Indole-acetamide,gen1,Anc 468,C,11,C11,0.0,False
3-Indole-acetamide,gen1,Anc 468a,C,12,C12,0.0,False
3-Indole-acetamide,gen1,Anc 284,D,1,D1,0.0,False
3-Indole-acetamide,gen1,Anc 284a,D,2,D2,0.0,False
3-Indole-acetamide,gen1,49_Clade,D,3,D3,0.0,False
3-Indole-acetamide,gen1,50_Clade,D,4,D4,0.0,False
3-Indole-acetamide,gen1,51_Clade,D,5,D5,0.0,False
3-Indole-acetamide,gen1,52_Clade,D,6,D6,0.0,False
3-Indole-acetamide,gen1,53_Clade,D,7,D7,0.0,False
3-Indole-acetamide,gen1,54_Clade,D,8,D8,0.0,False
3-Indole-acetamide,gen1,55_Clade,D,9,D9,0.0,False
3-Indole-acetamide,gen1,56_Clade,D,10,D10,0.0,False
3-Indole-acetamide,gen1,57_Clade,D,11,D11,0.0,False
3-Indole-acetamide,gen1,58_Clade,D,12,D12,0.0,False
3-Indole-acetamide,gen1,59_Clade,E,1,E1,0.0,False
3-Indole-acetamide,gen1,60_Clade,E,2,E2,0.0,False
3-Indole-acetamide,gen1,61_Clade,E,3,E3,0.0,False
3-Indole-acetamide,gen1,62_Clade,E,4,E4,0.0,False
3-Indole-acetamide,gen1,63_Clade,E,5,E5,0.0,False
3-Indole-acetamide,gen1,64_Clade,E,6,E6,0.0,False
3-Indole-acetamide,gen1,65_Clade,E,7,E7,0.0,False
3-Indole-acetamide,gen1,66_Clade,E,8,E8,0.0,False
3-Indole-acetamide,gen1,67_Clade,E,9,E9,0.0,False
3-Indole-acetamide,gen1,68_Func.,E,10,E10,0.0,False
3-Indole-acetamide,gen1,69_Func.,E,11,E11,0.0,False
3-Indole-acetamide,gen1,70_Func.,E,12,E12,0.0,False
3-Indole-acetamide,gen1,71_Func.,F,1,F1,0.0,False
3-Indole-acetamide,gen1,72_Func.,F,2,F2,0.0,False
3-Indole-acetamide,gen1,73_Func.,F,3,F3,0.0,False
3-Indole-acetamide,gen1,74_Func.,F,4,F4,0.0,False
3-Indole-acetamide,gen1,81_Func.,F,5,F5,0.0,False
3-Indole-acetamide,gen1,82_Func.,F,6,F6,0.0,False
3-Indole-acetamide,gen1,83_Func.,F,7,F7,0.0,False
3-Indole-acetamide,gen1,84_Func.,F,8,F8,0.0,False
3-Indole-acetamide,gen1,85_Func.,F,9,F9,0.0,False
3-Indole-acetamide,gen1,86_hypo.,F,10,F10,0.0,False
3-Indole-acetamide,gen1,87_hypo.,F,11,F11,0.0,False
3-Indole-acetamide,gen1,88_hypo.,F,12,F12,0.0,False
3-Indole-acetamide,gen1,89_hypo.,G,1,G1,0.0,False
3-Indole-acetamide,gen1,90_hypo.,G,2,G2,0.0,False
3-Indole-acetamide,gen1,91_hypo.,G,3,G3,0.0,False
3-Indole-acetamide,gen1,92_hypo.,G,4,G4,0.0,False
3-Indole-acetamide,gen1,93_hypo.,G,5,G5,0.0,False
3-Indole-acetamide,gen1,94_hypo.,G,6,G6,0.0,False
3-Indole-acetamide,gen1,95_hypo.,G,7,G7,0.0,False
3-Indole-acetamide,gen1,96_hypo.,G,8,G8,0.0,False
3-Indole-acetamide,gen1,97_hypo.,G,9,G9,0.0,False
3-Indole-acetamide,gen1,98_hypo.,G,10,G10,0.0,False
3-Indole-acetamide,gen1,99_hypo.,G,11,G11,0.0,False
3-Indole-acetamide,gen1,100_hypo.,G,12,G12,0.0,False
3-Indole-acetamide,gen1,101_hypo.,H,1,H1,0.0,False
3-Indole-acetamide,gen1,102_hypo.,H,2,H2,0.0,False
3-Indole-acetamide,gen1,103_hypo.,H,3,H3,0.0,False
3-Indole-acetamide,gen1,104_hypo.,H,4,H4,0.0,False
3-Indole-acetamide,gen1,105_hypo.,H,5,H5,0.0,False
3-Indole-acetamide,gen1,AfoD,H,6,H6,0.0,False
3-Indole-acetamide,gen1,AzaH,H,7,H7,0.0,False
3-Indole-acetamide,gen1,TropB,H,8,H8,0.0,False
3-Indole-acetamide,gen1,Blk,H,9,H9,0.0,False
3-Indole-acetamide,gen1,Blk,H,10,H10,0.0,False
3-Indole-acetamide,gen1,Blk,H,11,H11,0.0,False
3-Indole-acetamide,gen1,Blk,H,12,H12,0.0,False
2-Ph-indole,gen3,AncFDMO_791_c1,A,1,A1,0.0,False
2-Ph-indole,gen3,AncFDMO_1818_c5,A,2,A2,0.0,False
2-Ph-indole,gen3,AncFDMO_162_c8,A,3,A3,0.0,False
2-Ph-indole,gen3,AncFDMO_1809_c11,A,4,A4,0.0,False
2-Ph-indole,gen3,AncFDMO_2310_c14,A,5,A5,0.013903194019540044,True
2-Ph-indole,gen3,AncFDMO_1370_c18,A,6,A6,0.0,False
2-Ph-indole,gen3,AncFDMO_1795_c20,A,7,A7,0.0,False
2-Ph-indole,gen3,AncFDMO_1317_c24,A,8,A8,0.0,False
2-Ph-indole,gen3,AncFDMO_1758_c27,A,9,A9,0.0,False
2-Ph-indole,gen3,AncFDMO_1550_c31,A,10,A10,0.0,False
2-Ph-indole,gen3,AncFDMO_205_c34,A,11,A11,0.0,False
2-Ph-indole,gen3,AncFDMO_240_c38,A,12,A12,0.0,False
2-Ph-indole,gen3,AncFDMO_687_c1,A,13,A13,0.0,False
2-Ph-indole,gen3,AncFDMO_1491_c5,A,14,A14,0.0,False
2-Ph-indole,gen3,AncFDMO_747_c9,A,15,A15,0.0,False
2-Ph-indole,gen3,AncFDMO_521_c12,A,16,A16,0.0,False
2-Ph-indole,gen3,AncFDMO_1964_c14,A,17,A17,0.0,False
2-Ph-indole,gen3,AncFDMO_2494_c16,A,18,A18,0.0,False
2-Ph-indole,gen3,AncFDMO_1443_c20,A,19,A19,0.0,False
2-Ph-indole,gen3,AncFDMO_1000_c24,A,20,A20,0.0,False
2-Ph-indole,gen3,AncFDMO_1482_c27,A,21,A21,0.0,False
2-Ph-indole,gen3,AncFDMO_1139_c31,A,22,A22,0.0,False
2-Ph-indole,gen3,AncFDMO_173_c34,A,23,A23,0.0,False
2-Ph-indole,gen3,AncFDMO_207_c38,A,24,A24,0.0,False
2-Ph-indole,gen3,AncFDMO_522_c1,A,25,A25,0.0,False
2-Ph-indole,gen3,AncFDMO_1244_c5,A,26,A26,0.0,False
2-Ph-indole,gen3,AncFDMO_555_c9,A,27,A27,0.0,False
2-Ph-indole,gen3,AncFDMO_433_c12,A,28,A28,0.0,False
2-Ph-indole,gen3,AncFDMO_1536_c14,A,29,A29,0.0,False
2-Ph-indole,gen3,AncFDMO_1961_c16,A,30,A30,0.003192265928346252,True
2-Ph-indole,gen3,AncFDMO_1059_c20,A,31,A31,0.0,False
2-Ph-indole,gen3,AncFDMO_758_c24,A,32,A32,0.0,False
2-Ph-indole,gen3,AncFDMO_1134_c27,A,33,A33,0.0,False
2-Ph-indole,gen3,AncFDMO_917_c31,A,34,A34,0.0,False
2-Ph-indole,gen3,AncFDMO_145_c34,A,35,A35,0.0,False
2-Ph-indole,gen3,AncFDMO_188_c38,A,36,A36,0.0,False
2-Ph-indole,gen3,AncFDMO_854_c1,B,1,B1,0.0,False
2-Ph-indole,gen3,AncFDMO_2026_c5,B,2,B2,0.0100766202874554,True
2-Ph-indole,gen3,AncFDMO_941_c9,B,3,B3,0.0,False
2-Ph-indole,gen3,AncFDMO_682_c12,B,4,B4,0.0,False
2-Ph-indole,gen3,AncFDMO_1846_c15,B,5,B5,0.0,False
2-Ph-indole,gen3,AncFDMO_1469_c18,B,6,B6,0.0,False
2-Ph-indole,gen3,AncFDMO_1251_c21,B,7,B7,0.0,False
2-Ph-indole,gen3,AncFDMO_1366_c24,B,8,B8,0.0,False
2-Ph-indole,gen3,AncFDMO_1860_c27,B,9,B9,0.0,False
2-Ph-indole,gen3,AncFDMO_1621_c31,B,10,B10,0.0,False
2-Ph-indole,gen3,AncFDMO_1362_c35,B,11,B11,0.0,False
2-Ph-indole,gen3,AncFDMO_1888_c39,B,12,B12,0.0,False
2-Ph-indole,gen3,AncFDMO_698_c1,B,13,B13,0.0,False
2-Ph-indole,gen3,AncFDMO_1629_c5,B,14,B14,0.0,False
2-Ph-indole,gen3,AncFDMO_867_c9,B,15,B15,0.0,False
2-Ph-indole,gen3,AncFDMO_630_c12,B,16,B16,0.0,False
2-Ph-indole,gen3,AncFDMO_1497_c15,B,17,B17,0.0,False
2-Ph-indole,gen3,AncFDMO_1191_c18,B,18,B18,0.0,False
2-Ph-indole,gen3,AncFDMO_1566_c20,B,19,B19,0.0,False
2-Ph-indole,gen3,AncFDMO_1084_c24,B,20,B20,0.0,False
2-Ph-indole,gen3,AncFDMO_1605_c27,B,21,B21,0.0,False
2-Ph-indole,gen3,AncFDMO_1253_c31,B,22,B22,0.0,False
2-Ph-indole,gen3,AncFDMO_1086_c35,B,23,B23,0.0,False
2-Ph-indole,gen3,AncFDMO_1493_c39,B,24,B24,0.0,False
2-Ph-indole,gen3,AncFDMO_579_c1,B,25,B25,0.0,False
2-Ph-indole,gen3,AncFDMO_1284_c5,B,26,B26,0.010544322166681592,True
2-Ph-indole,gen3,AncFDMO_635_c9,B,27,B27,0.0,False
2-Ph-indole,gen3,AncFDMO_490_c12,B,28,B28,0.0,False
2-Ph-indole,gen3,AncFDMO_1280_c15,B,29,B29,0.0,False
2-Ph-indole,gen3,AncFDMO_852_c18,B,30,B30,0.0,False
2-Ph-indole,gen3,AncFDMO_1183_c20,B,31,B31,0.0,False
2-Ph-indole,gen3,AncFDMO_866_c24,B,32,B32,0.0,False
2-Ph-indole,gen3,AncFDMO_1243_c27,B,33,B33,0.0,False
2-Ph-indole,gen3,AncFDMO_1036_c31,B,34,B34,0.0,False
2-Ph-indole,gen3,AncFDMO_905_c35,B,35,B35,0.17982571890212384,True
2-Ph-indole,gen3,AncFDMO_1102_c39,B,36,B36,0.002690494804360014,True
2-Ph-indole,gen3,AncFDMO_1334_c2,C,1,C1,0.010983720120481407,True
2-Ph-indole,gen3,AncFDMO_2119_c5,C,2,C2,0.0,False
2-Ph-indole,gen3,AncFDMO_1026_c9,C,3,C3,0.0,False
2-Ph-indole,gen3,AncFDMO_743_c12,C,4,C4,0.0,False
2-Ph-indole,gen3,AncFDMO_2049_c15,C,5,C5,0.0,False
2-Ph-indole,gen3,AncFDMO_1496_c18,C,6,C6,0.0,False
2-Ph-indole,gen3,AncFDMO_1325_c21,C,7,C7,0.0,False
2-Ph-indole,gen3,AncFDMO_1439_c24,C,8,C8,0.0,False
2-Ph-indole,gen3,AncFDMO_2097_c27,C,9,C9,0.0,False
2-Ph-indole,gen3,AncFDMO_1692_c31,C,10,C10,0.0,False
2-Ph-indole,gen3,AncFDMO_1539_c35,C,11,C11,0.0,False
2-Ph-indole,gen3,AncFDMO_1929_c39,C,12,C12,0.0,False
2-Ph-indole,gen3,AncFDMO_921_c2,C,13,C13,0.0,False
2-Ph-indole,gen3,AncFDMO_1732_c5,C,14,C14,0.0,False
2-Ph-indole,gen3,AncFDMO_1397_c10,C,15,C15,0.0,False
2-Ph-indole,gen3,AncFDMO_1013_c13,C,16,C16,0.0,False
2-Ph-indole,gen3,AncFDMO_1553_c15,C,17,C17,0.0,False
2-Ph-indole,gen3,AncFDMO_1270_c18,C,18,C18,0.0,False
2-Ph-indole,gen3,AncFDMO_1074_c21,C,19,C19,0.0,False
2-Ph-indole,gen3,AncFDMO_1274_c24,C,20,C20,0.0,False
2-Ph-indole,gen3,AncFDMO_1731_c27,C,21,C21,0.0,False
2-Ph-indole,gen3,AncFDMO_1397_c31,C,22,C22,0.0,False
2-Ph-indole,gen3,AncFDMO_1221_c35,C,23,C23,0.0,False
2-Ph-indole,gen3,AncFDMO_1641_c39,C,24,C24,0.0,False
2-Ph-indole,gen3,AncFDMO_761_c2,C,25,C25,0.0,False
2-Ph-indole,gen3,AncFDMO_1358_c5,C,26,C26,0.0,False
2-Ph-indole,gen3,AncFDMO_1008_c10,C,27,C27,0.0,False
2-Ph-indole,gen3,AncFDMO_808_c13,C,28,C28,0.0,False
2-Ph-indole,gen3,AncFDMO_1385_c15,C,29,C29,0.0,False
2-Ph-indole,gen3,AncFDMO_883_c18,C,30,C30,0.0,False
2-Ph-indole,gen3,AncFDMO_782_c21,C,31,C31,0.0,False
2-Ph-indole,gen3,AncFDMO_968_c24,C,32,C32,0.0,False
2-Ph-indole,gen3,AncFDMO_1312_c27,C,33,C33,0.0,False
2-Ph-indole,gen3,AncFDMO_1105_c31,C,34,C34,0.0,False
2-Ph-indole,gen3,AncFDMO_1014_c35,C,35,C35,0.0,False
2-Ph-indole,gen3,AncFDMO_1281_c39,C,36,C36,0.0,False
2-Ph-indole,gen3,AncFDMO_1382_c2,D,1,D1,0.0,False
2-Ph-indole,gen3,AncFDMO_701_c6,D,2,D2,0.0,False
2-Ph-indole,gen3,AncFDMO_1785_c10,D,3,D3,0.0,False
2-Ph-indole,gen3,AncFDMO_1354_c13,D,4,D4,0.0,False
2-Ph-indole,gen3,AncFDMO_2131_c15,D,5,D5,0.0,False
2-Ph-indole,gen3,AncFDMO_1170_c19,D,6,D6,0.0,False
2-Ph-indole,gen3,AncFDMO_1407_c21,D,7,D7,0.0,False
2-Ph-indole,gen3,AncFDMO_1461_c25,D,8,D8,0.0,False
2-Ph-indole,gen3,AncFDMO_244_c28,D,9,D9,0.0,False
2-Ph-indole,gen3,AncFDMO_1259_c32,D,10,D10,0.0,False
2-Ph-indole,gen3,AncFDMO_1603_c35,D,11,D11,0.42327796888844,True
2-Ph-indole,gen3,AncFDMO_2092_c39,D,12,D12,0.021355345063303208,True
2-Ph-indole,gen3,AncFDMO_1017_c2,D,13,D13,0.0,False
2-Ph-indole,gen3,AncFDMO_559_c6,D,14,D14,0.0,False
2-Ph-indole,gen3,AncFDMO_1507_c10,D,15,D15,0.0,False
2-Ph-indole,gen3,AncFDMO_1113_c13,D,16,D16,0.0,False
2-Ph-indole,gen3,AncFDMO_1667_c15,D,17,D17,0.0,False
2-Ph-indole,gen3,AncFDMO_1338_c18,D,18,D18,0.0,False
2-Ph-indole,gen3,AncFDMO_1172_c21,D,19,D19,0.0,False
2-Ph-indole,gen3,AncFDMO_1198_c25,D,20,D20,0.0,False
2-Ph-indole,gen3,AncFDMO_224_c29,D,21,D21,0.0,False
2-Ph-indole,gen3,AncFDMO_993_c32,D,22,D22,0.0,False
2-Ph-indole,gen3,AncFDMO_1319_c35,D,23,D23,0.0,False
2-Ph-indole,gen3,AncFDMO_1734_c39,D,24,D24,0.0,False
2-Ph-indole,gen3,AncFDMO_841_c2,D,25,D25,0.0,False
2-Ph-indole,gen3,AncFDMO_427_c6,D,26,D26,0.0,False
2-Ph-indole,gen3,AncFDMO_1157_c10,D,27,D27,0.0,False
2-Ph-indole,gen3,AncFDMO_868_c13,D,28,D28,0.0,False
2-Ph-indole,gen3,AncFDMO_1444_c15,D,29,D29,0.0,False
2-Ph-indole,gen3,AncFDMO_1097_c18,D,30,D30,0.0,False
2-Ph-indole,gen3,AncFDMO_848_c21,D,31,D31,0.0,False
2-Ph-indole,gen3,AncFDMO_883_c25,D,32,D32,0.0,False
2-Ph-indole,gen3,AncFDMO_205_c29,D,33,D33,0.0,False
2-Ph-indole,gen3,AncFDMO_767_c32,D,34,D34,0.0,False
2-Ph-indole,gen3,AncFDMO_1050_c35,D,35,D35,0.0,False
2-Ph-indole,gen3,AncFDMO_1389_c39,D,36,D36,0.0,False
2-Ph-indole,gen3,AncFDMO_1407_c2,E,1,E1,0.0,False
2-Ph-indole,gen3,AncFDMO_797_c6,E,2,E2,0.0,False
2-Ph-indole,gen3,AncFDMO_1853_c10,E,3,E3,0.0,False
2-Ph-indole,gen3,AncFDMO_1396_c13,E,4,E4,0.0,False
2-Ph-indole,gen3,AncFDMO_2676_c16,E,5,E5,0.0,False
2-Ph-indole,gen3,AncFDMO_1243_c19,E,6,E6,0.0,False
2-Ph-indole,gen3,AncFDMO_1643_c22,E,7,E7,0.0,False
2-Ph-indole,gen3,AncFDMO_1540_c25,E,8,E8,0.0,False
2-Ph-indole,gen3,AncFDMO_301_c29,E,9,E9,0.0,False
2-Ph-indole,gen3,AncFDMO_1310_c32,E,10,E10,0.0,False
2-Ph-indole,gen3,AncFDMO_422_c36,E,11,E11,0.0,False
2-Ph-indole,gen3,empty vector,E,12,E12,0.0,False
2-Ph-indole,gen3,AncFDMO_1223_c2,E,13,E13,0.0,False
2-Ph-indole,gen3,AncFDMO_616_c6,E,14,E14,0.0,False
2-Ph-indole,gen3,AncFDMO_1709_c10,E,15,E15,0.0,False
2-Ph-indole,gen3,AncFDMO_1261_c13,E,16,E16,0.0,False
2-Ph-indole,gen3,AncFDMO_1771_c15,E,17,E17,0.0,False
2-Ph-indole,gen3,AncFDMO_971_c19,E,18,E18,0.0,False
2-Ph-indole,gen3,AncFDMO_1212_c21,E,19,E19,0.0,False
2-Ph-indole,gen3,AncFDMO_1213_c25,E,20,E20,0.0,False
2-Ph-indole,gen3,AncFDMO_1771_c30,E,21,E21,0.0,False
2-Ph-indole,gen3,AncFDMO_1123_c32,E,22,E22,0.0,False
2-Ph-indole,gen3,AncFDMO_370_c36,E,23,E23,0.0,False
2-Ph-indole,gen3,empty vector,E,24,E24,0.0,False
2-Ph-indole,gen3,AncFDMO_888_c2,E,25,E25,0.0,False
2-Ph-indole,gen3,AncFDMO_505_c6,E,26,E26,0.0,False
2-Ph-indole,gen3,AncFDMO_1281_c10,E,27,E27,0.0,False
2-Ph-indole,gen3,AncFDMO_932_c13,E,28,E28,0.0,False
2-Ph-indole,gen3,AncFDMO_1459_c15,E,29,E29,0.0,False
2-Ph-indole,gen3,AncFDMO_754_c19,E,30,E30,0.0,False
2-Ph-indole,gen3,AncFDMO_900_c21,E,31,E31,0.0,False
2-Ph-indole,gen3,AncFDMO_984_c25,E,32,E32,0.0,False
2-Ph-indole,gen3,AncFDMO_1278_c30,E,33,E33,0.0,False
2-Ph-indole,gen3,AncFDMO_871_c32,E,34,E34,0.0,False
2-Ph-indole,gen3,AncFDMO_284_c36,E,35,E35,0.0,False
2-Ph-indole,gen3,empty vector,E,36,E36,0.0,False
2-Ph-indole,gen3,AncFDMO_924_c3,F,1,F1,0.0,False
2-Ph-indole,gen3,AncFDMO_967_c7,F,2,F2,0.0,False
2-Ph-indole,gen3,AncFDMO_1896_c10,F,3,F3,0.0,False
2-Ph-indole,gen3,AncFDMO_1470_c13,F,4,F4,0.0,False
2-Ph-indole,gen3,AncFDMO_2796_c16,F,5,F5,0.0,False
2-Ph-indole,gen3,AncFDMO_1320_c19,F,6,F6,0.0,False
2-Ph-indole,gen3,AncFDMO_1661_c22,F,7,F7,0.0,False
2-Ph-indole,gen3,AncFDMO_1601_c25,F,8,F8,0.0,False
2-Ph-indole,gen3,AncFDMO_2226_c30,F,9,F9,0.0,False
2-Ph-indole,gen3,AncFDMO_1401_c32,F,10,F10,0.0,False
2-Ph-indole,gen3,AncFDMO_481_c36,F,11,F11,0.0,False
2-Ph-indole,gen3,empty vector,F,12,F12,0.0,False
2-Ph-indole,gen3,AncFDMO_785_c3,F,13,F13,0.0,False
2-Ph-indole,gen3,AncFDMO_803_c7,F,14,F14,0.0,False
2-Ph-indole,gen3,AncFDMO_1284_c11,F,15,F15,0.0,False
2-Ph-indole,gen3,AncFDMO_1624_c14,F,16,F16,0.0,False
2-Ph-indole,gen3,AncFDMO_2130_c16,F,17,F17,0.0,False
2-Ph-indole,gen3,AncFDMO_1082_c19,F,18,F18,0.0,False
2-Ph-indole,gen3,AncFDMO_1325_c22,F,19,F19,0.0,False
2-Ph-indole,gen3,AncFDMO_1435_c25,F,20,F20,0.012446518768474817,True
2-Ph-indole,gen3,AncFDMO_1931_c30,F,21,F21,0.0,False
2-Ph-indole,gen3,AncFDMO_1213_c32,F,22,F22,0.0,False
2-Ph-indole,gen3,AncFDMO_406_c36,F,23,F23,0.0,False
2-Ph-indole,gen3,empty vector,F,24,F24,0.0,False
2-Ph-indole,gen3,AncFDMO_543_c3,F,25,F25,0.0,False
2-Ph-indole,gen3,AncFDMO_725_c7,F,26,F26,0.0,False
2-Ph-indole,gen3,AncFDMO_1044_c11,F,27,F27,0.0,False
2-Ph-indole,gen3,AncFDMO_1235_c14,F,28,F28,0.0,False
2-Ph-indole,gen3,AncFDMO_1620_c16,F,29,F29,0.0,False
2-Ph-indole,gen3,AncFDMO_839_c19,F,30,F30,0.0,False
2-Ph-indole,gen3,AncFDMO_956_c22,F,31,F31,0.0,False
2-Ph-indole,gen3,AncFDMO_1066_c25,F,32,F32,0.0,False
2-Ph-indole,gen3,AncFDMO_1439_c30,F,33,F33,0.0,False
2-Ph-indole,gen3,AncFDMO_966_c32,F,34,F34,0.0,False
2-Ph-indole,gen3,AncFDMO_312_c36,F,35,F35,0.0,False
2-Ph-indole,gen3,empty vector,F,36,F36,0.0,False
2-Ph-indole,gen3,AncFDMO_985_c3,G,1,G1,0.0,False
2-Ph-indole,gen3,AncFDMO_1044_c7,G,2,G2,0.0,False
2-Ph-indole,gen3,AncFDMO_1696_c11,G,3,G3,0.0,False
2-Ph-indole,gen3,AncFDMO_2097_c14,G,4,G4,0.0,False
2-Ph-indole,gen3,AncFDMO_2839_c16,G,5,G5,0.0,False
2-Ph-indole,gen3,AncFDMO_1642_c20,G,6,G6,0.0,False
2-Ph-indole,gen3,AncFDMO_1734_c22,G,7,G7,0.0,False
2-Ph-indole,gen3,AncFDMO_1039_c26,G,8,G8,0.0,False
2-Ph-indole,gen3,AncFDMO_2311_c30,G,9,G9,0.0,False
2-Ph-indole,gen3,AncFDMO_509_c33,G,10,G10,0.0,False
2-Ph-indole,gen3,AncFDMO_545_c37,G,11,G11,0.0,False
2-Ph-indole,gen3,NEC,G,12,G12,0.0,False
2-Ph-indole,gen3,AncFDMO_807_c3,G,13,G13,0.0,False
2-Ph-indole,gen3,AncFDMO_858_c7,G,14,G14,0.0,False
2-Ph-indole,gen3,AncFDMO_1384_c11,G,15,G15,0.0,False
2-Ph-indole,gen3,AncFDMO_1705_c14,G,16,G16,0.0,False
2-Ph-indole,gen3,AncFDMO_2234_c16,G,17,G17,0.0,False
2-Ph-indole,gen3,AncFDMO_1113_c19,G,18,G18,0.0,False
2-Ph-indole,gen3,AncFDMO_1475_c22,G,19,G19,0.0,False
2-Ph-indole,gen3,AncFDMO_833_c26,G,20,G20,0.0,False
2-Ph-indole,gen3,AncFDMO_2030_c30,G,21,G21,0.0,False
2-Ph-indole,gen3,AncFDMO_408_c33,G,22,G22,0.0,False
2-Ph-indole,gen3,AncFDMO_428_c37,G,23,G23,0.0,False
2-Ph-indole,gen3,NEC,G,24,G24,0.0,False
2-Ph-indole,gen3,AncFDMO_706_c3,G,25,G25,0.0,False
2-Ph-indole,gen3,AncFDMO_761_c7,G,26,G26,0.0,False
2-Ph-indole,gen3,AncFDMO_1096_c11,G,27,G27,0.0,False
2-Ph-indole,gen3,AncFDMO_1327_c14,G,28,G28,0.0,False
2-Ph-indole,gen3,AncFDMO_1731_c16,G,29,G29,0.0,False
2-Ph-indole,gen3,AncFDMO_913_c19,G,30,G30,0.0,False
2-Ph-indole,gen3,AncFDMO_1072_c22,G,31,G31,0.0,False
2-Ph-indole,gen3,AncFDMO_596_c26,G,32,G32,0.002754587304813426,True
2-Ph-indole,gen3,AncFDMO_1663_c30,G,33,G33,0.0,False
2-Ph-indole,gen3,AncFDMO_325_c33,G,34,G34,0.0,False
2-Ph-indole,gen3,AncFDMO_325_c37,G,35,G35,0.0,False
2-Ph-indole,gen3,NEC,G,36,G36,0.0,False
2-Ph-indole,gen3,AncFDMO_353_c4,H,1,H1,0.0,False
2-Ph-indole,gen3,AncFDMO_1162_c7,H,2,H2,0.0,False
2-Ph-indole,gen3,AncFDMO_1741_c11,H,3,H3,0.0,False
2-Ph-indole,gen3,AncFDMO_2205_c14,H,4,H4,0.0,False
2-Ph-indole,gen3,AncFDMO_2987_c16,H,5,H5,0.0,False
2-Ph-indole,gen3,AncFDMO_1716_c20,H,6,H6,0.0,False
2-Ph-indole,gen3,AncFDMO_498_c23,H,7,H7,0.0,False
2-Ph-indole,gen3,AncFDMO_1133_c26,H,8,H8,0.0,False
2-Ph-indole,gen3,AncFDMO_2459_c30,H,9,H9,0.0,False
2-Ph-indole,gen3,AncFDMO_585_c33,H,10,H10,0.0,False
2-Ph-indole,gen3,AncFDMO_609_c37,H,11,H11,0.0,False
2-Ph-indole,gen3,NEC,H,12,H12,0.0,False
2-Ph-indole,gen3,AncFDMO_251_c4,H,13,H13,0.0,False
2-Ph-indole,gen3,AncFDMO_937_c7,H,14,H14,0.0,False
2-Ph-indole,gen3,AncFDMO_1484_c11,H,15,H15,0.0,False
2-Ph-indole,gen3,AncFDMO_1878_c14,H,16,H16,0.18872295670913458,True
2-Ph-indole,gen3,AncFDMO_2373_c16,H,17,H17,0.0,False
2-Ph-indole,gen3,AncFDMO_1302_c20,H,18,H18,0.0,False
2-Ph-indole,gen3,AncFDMO_1520_c22,H,19,H19,0.0,False
2-Ph-indole,gen3,AncFDMO_984_c26,H,20,H20,0.0,False
2-Ph-indole,gen3,AncFDMO_2130_c30,H,21,H21,0.0,False
2-Ph-indole,gen3,AncFDMO_490_c33,H,22,H22,0.0,False
2-Ph-indole,gen3,AncFDMO_486_c37,H,23,H23,0.0,False
2-Ph-indole,gen3,NEC,H,24,H24,0.0,False
2-Ph-indole,gen3,AncFDMO_196_c4,H,25,H25,0.0,False
2-Ph-indole,gen3,AncFDMO_777_c7,H,26,H26,0.0,False
2-Ph-indole,gen3,AncFDMO_1168_c11,H,27,H27,0.0,False
2-Ph-indole,gen3,AncFDMO_1415_c14,H,28,H28,0.0,False
2-Ph-indole,gen3,AncFDMO_1877_c16,H,29,H29,0.0,False
2-Ph-indole,gen3,AncFDMO_950_c20,H,30,H30,0.0,False
2-Ph-indole,gen3,AncFDMO_1258_c22,H,31,H31,0.0,False
2-Ph-indole,gen3,AncFDMO_738_c26,H,32,H32,0.0,False
2-Ph-indole,gen3,AncFDMO_1730_c30,H,33,H33,0.0,False
2-Ph-indole,gen3,AncFDMO_347_c33,H,34,H34,0.0,False
2-Ph-indole,gen3,AncFDMO_388_c37,H,35,H35,0.0,False
2-Ph-indole,gen3,NEC,H,36,H36,0.0,False
2-Ph-indole,gen2,Anc321,A,1,A1,0.0,False
2-Ph-indole,gen2,Anc322,A,2,A2,0.0,False
2-Ph-indole,gen2,Anc373,A,3,A3,0.0,False
2-Ph-indole,gen2,Anc416,A,4,A4,0.0,False
2-Ph-indole,gen2,A0A0L0NHZ5,A,5,A5,0.0,False
2-Ph-indole,gen2,I1S0U1,A,6,A6,0.0,False
2-Ph-indole,gen2,A0A317WVG8,A,7,A7,0.0,False
2-Ph-indole,gen2,Q1DDU6,A,8,A8,0.0,False
2-Ph-indole,gen2,A0A430HSE9,A,9,A9,0.0,False
2-Ph-indole,gen2,A0A0F8U263,A,10,A10,0.001705258858881186,True
2-Ph-indole,gen2,B6K5M4,A,11,A11,0.0,False
2-Ph-indole,gen2,A0A2I6PIZ8,A,12,A12,0.0,False
2-Ph-indole,gen2,Anc333,B,1,B1,0.0,False
2-Ph-indole,gen2,Anc322a,B,2,B2,0.0,False
2-Ph-indole,gen2,Anc373a,B,3,B3,0.0,False
2-Ph-indole,gen2,Anc416a,B,4,B4,0.0,False
2-Ph-indole,gen2,A7UX11,B,5,B5,0.0,False
2-Ph-indole,gen2,A0A0F7ZML0,B,6,B6,0.0,False
2-Ph-indole,gen2,J4VWM7,B,7,B7,0.0,False
2-Ph-indole,gen2,A8LVF4,B,8,B8,0.0,False
2-Ph-indole,gen2,A0A0S4NSV0,B,9,B9,0.0,False
2-Ph-indole,gen2,A0A0C9V1F0,B,10,B10,0.0,False
2-Ph-indole,gen2,S9VNB0,B,11,B11,0.0,False
2-Ph-indole,gen2,A0A1D8G3K4,B,12,B12,0.0,False
2-Ph-indole,gen2,Anc369a,C,1,C1,0.0,False
2-Ph-indole,gen2,Anc366,C,2,C2,0.0,False
2-Ph-indole,gen2,Anc374,C,3,C3,0.0,False
2-Ph-indole,gen2,Anc457,C,4,C4,0.0,False
2-Ph-indole,gen2,A0A1W2TF28,C,5,C5,0.0,False
2-Ph-indole,gen2,cP23262,C,6,C6,0.0,False
2-Ph-indole,gen2,A0A559M954,C,7,C7,0.0,False
2-Ph-indole,gen2,Q2GQG8,C,8,C8,0.0,False
2-Ph-indole,gen2,Q4WLW7,C,9,C9,0.0,False
2-Ph-indole,gen2,J3KA16,C,10,C10,0.00785034043767151,True
2-Ph-indole,gen2,Q9Y7Z9,C,11,C11,0.0,False
2-Ph-indole,gen2,C5FM59,C,12,C12,0.0,False
2-Ph-indole,gen2,Anc382,D,1,D1,0.0,False
2-Ph-indole,gen2,Anc366a,D,2,D2,0.0,False
2-Ph-indole,gen2,Anc374a,D,3,D3,0.0,False
2-Ph-indole,gen2,Anc457a,D,4,D4,0.0,False
2-Ph-indole,gen2,A0A2J6S3A7,D,5,D5,0.0,False
2-Ph-indole,gen2,cQ5BEJ7,D,6,D6,0.0,False
2-Ph-indole,gen2,A0A177BZG4,D,7,D7,0.0,False
2-Ph-indole,gen2,G3XQJ1,D,8,D8,0.0,False
2-Ph-indole,gen2,A0A0K8LS04,D,9,D9,0.0,False
2-Ph-indole,gen2,A5ABG5,D,10,D10,0.0,False
2-Ph-indole,gen2,Q3S8R0,D,11,D11,0.0,False
2-Ph-indole,gen2,E4V2N4,D,12,D12,0.0,False
2-Ph-indole,gen2,Anc331,E,1,E1,0.0,False
2-Ph-indole,gen2,Anc367,E,2,E2,0.0,False
2-Ph-indole,gen2,Anc280,E,3,E3,0.0,False
2-Ph-indole,gen2,Anc488,E,4,E4,0.0,False
2-Ph-indole,gen2,A0A2J6T8P1,E,5,E5,0.0,False
2-Ph-indole,gen2,cG3XMC2,E,6,E6,0.0,False
2-Ph-indole,gen2,P23262,E,7,E7,0.0,False
2-Ph-indole,gen2,Q9S3U9,E,8,E8,0.0,False
2-Ph-indole,gen2,K9G8U3,E,9,E9,0.0,False
2-Ph-indole,gen2,V5FKW7,E,10,E10,0.0,False
2-Ph-indole,gen2,A0A370B0Q9,E,11,E11,0.0,False
2-Ph-indole,gen2,F2S701,E,12,E12,0.0,False
2-Ph-indole,gen2,Anc331a,F,1,F1,0.0,False
2-Ph-indole,gen2,Anc367a,F,2,F2,0.0,False
2-Ph-indole,gen2,Anc280a,F,3,F3,0.0,False
2-Ph-indole,gen2,Anc488a,F,4,F4,0.0,False
2-Ph-indole,gen2,A0A3D8QGL3,F,5,F5,0.0,False
2-Ph-indole,gen2,cB6HN76,F,6,F6,0.0,False
2-Ph-indole,gen2,Q53552,F,7,F7,0.0,False
2-Ph-indole,gen2,A0A2R2IYY2,F,8,F8,0.0,False
2-Ph-indole,gen2,B6HJU4,F,9,F9,0.0,False
2-Ph-indole,gen2,R7YWS5,F,10,F10,0.0,False
2-Ph-indole,gen2,A0A178XEJ6,F,11,F11,0.0,False
2-Ph-indole,gen2,KPJ13581_1,F,12,F12,0.0,False
2-Ph-indole,gen2,Anc332,G,1,G1,0.0,False
2-Ph-indole,gen2,Anc368,G,2,G2,0.0,False
2-Ph-indole,gen2,Anc412,G,3,G3,0.0,False
2-Ph-indole,gen2,A0A101MPG3,G,4,G4,0.0,False
2-Ph-indole,gen2,E3RKN0,G,5,G5,0.0,False
2-Ph-indole,gen2,cQ0CJ62,G,6,G6,0.0,False
2-Ph-indole,gen2,A0A239M104,G,7,G7,0.0,False
2-Ph-indole,gen2,A0A4R7BCP1,G,8,G8,0.0,False
2-Ph-indole,gen2,S8AW72,G,9,G9,0.0,False
2-Ph-indole,gen2,S3CM43,G,10,G10,0.0,False
2-Ph-indole,gen2,E1ACP7,G,11,G11,0.0,False
2-Ph-indole,gen2,Q5ATK1,G,12,G12,0.0,False
2-Ph-indole,gen2,Anc332a,H,1,H1,0.0,False
2-Ph-indole,gen2,Anc368a,H,2,H2,0.0,False
2-Ph-indole,gen2,Anc412a,H,3,H3,0.0,False
2-Ph-indole,gen2,A0A4Q7JZ50,H,4,H4,0.0,False
2-Ph-indole,gen2,Q0CJ62,H,5,H5,0.0,False
2-Ph-indole,gen2,A0A1R3RGJ2,H,6,H6,0.0,False
2-Ph-indole,gen2,Q84HF5,H,7,H7,0.0,False
2-Ph-indole,gen2,C7EDM6,H,8,H8,0.0,False
2-Ph-indole,gen2,A0A135LJG1,H,9,H9,0.0,False
2-Ph-indole,gen2,A0A0B4HMN8,H,10,H10,0.0,False
2-Ph-indole,gen2,E1ACQ4,H,11,H11,0.0,False
2-Ph-indole,gen2,Empty pMCSG7,H,12,H12,0.0,False
2-Ph-indole,gen1,Anc 305,A,1,A1,0.0,False
2-Ph-indole,gen1,Anc 305a,A,2,A2,0.0,False
2-Ph-indole,gen1,Anc 306,A,3,A3,0.0,False
2-Ph-indole,gen1,Anc 306a,A,4,A4,0.0,False
2-Ph-indole,gen1,Anc 311C,A,5,A5,0.0,False
2-Ph-indole,gen1,Anc 311a,A,6,A6,0.0,False
2-Ph-indole,gen1,Anc 312,A,7,A7,0.0,False
2-Ph-indole,gen1,Anc 312a,A,8,A8,0.0,False
2-Ph-indole,gen1,Anc 321,A,9,A9,0.0,False
2-Ph-indole,gen1,Anc 321a,A,10,A10,0.0,False
2-Ph-indole,gen1,Anc 333,A,11,A11,0.0,False
2-Ph-indole,gen1,Anc 333a,A,12,A12,0.0,False
2-Ph-indole,gen1,Anc 334,B,1,B1,0.0,False
2-Ph-indole,gen1,Anc 334a,B,2,B2,0.0,False
2-Ph-indole,gen1,Anc 335,B,3,B3,0.0,False
2-Ph-indole,gen1,Anc 335a,B,4,B4,0.0,False
2-Ph-indole,gen1,Anc 346,B,5,B5,0.0,False
2-Ph-indole,gen1,Anc 346a,B,6,B6,0.0,False
2-Ph-indole,gen1,Anc 354,B,7,B7,0.0,False
2-Ph-indole,gen1,Anc 354a,B,8,B8,0.0,False
2-Ph-indole,gen1,Anc 369,B,9,B9,0.0,False
2-Ph-indole,gen1,Anc 369a,B,10,B10,0.0,False
2-Ph-indole,gen1,Anc 370,B,11,B11,0.0,False
2-Ph-indole,gen1,Anc 370a,B,12,B12,0.0,False
2-Ph-indole,gen1,Anc 371,C,1,C1,0.0,False
2-Ph-indole,gen1,Anc 371a,C,2,C2,0.0,False
2-Ph-indole,gen1,Anc 382,C,3,C3,0.0,False
2-Ph-indole,gen1,Anc 382a,C,4,C4,0.0,False
2-Ph-indole,gen1,Anc 304,C,5,C5,0.0,False
2-Ph-indole,gen1,Anc 304a,C,6,C6,0.0,False
2-Ph-indole,gen1,Anc 400,C,7,C7,0.0,False
2-Ph-indole,gen1,Anc 400a,C,8,C8,0.0,False
2-Ph-indole,gen1,Anc 401,C,9,C9,0.0,False
2-Ph-indole,gen1,Anc 401a,C,10,C10,0.0,False
2-Ph-indole,gen1,Anc 468,C,11,C11,0.0,False
2-Ph-indole,gen1,Anc 468a,C,12,C12,0.0,False
2-Ph-indole,gen1,Anc 284,D,1,D1,0.0,False
2-Ph-indole,gen1,Anc 284a,D,2,D2,0.0,False
2-Ph-indole,gen1,49_Clade,D,3,D3,0.0,False
2-Ph-indole,gen1,50_Clade,D,4,D4,0.0,False
2-Ph-indole,gen1,51_Clade,D,5,D5,0.0,False
2-Ph-indole,gen1,52_Clade,D,6,D6,0.0,False
2-Ph-indole,gen1,53_Clade,D,7,D7,0.0,False
2-Ph-indole,gen1,54_Clade,D,8,D8,0.0,False
2-Ph-indole,gen1,55_Clade,D,9,D9,0.0,False
2-Ph-indole,gen1,56_Clade,D,10,D10,0.0,False
2-Ph-indole,gen1,57_Clade,D,11,D11,0.0,False
2-Ph-indole,gen1,58_Clade,D,12,D12,0.0,False
2-Ph-indole,gen1,59_Clade,E,1,E1,0.0,False
2-Ph-indole,gen1,60_Clade,E,2,E2,0.0,False
2-Ph-indole,gen1,61_Clade,E,3,E3,0.0,False
2-Ph-indole,gen1,62_Clade,E,4,E4,0.0,False
2-Ph-indole,gen1,63_Clade,E,5,E5,0.0,False
2-Ph-indole,gen1,64_Clade,E,6,E6,0.0,False
2-Ph-indole,gen1,65_Clade,E,7,E7,0.0,False
2-Ph-indole,gen1,66_Clade,E,8,E8,0.0,False
2-Ph-indole,gen1,67_Clade,E,9,E9,0.0,False
2-Ph-indole,gen1,68_Func.,E,10,E10,0.0,False
2-Ph-indole,gen1,69_Func.,E,11,E11,0.0,False
2-Ph-indole,gen1,70_Func.,E,12,E12,0.0,False
2-Ph-indole,gen1,71_Func.,F,1,F1,0.0,False
2-Ph-indole,gen1,72_Func.,F,2,F2,0.0,False
2-Ph-indole,gen1,73_Func.,F,3,F3,0.0,False
2-Ph-indole,gen1,74_Func.,F,4,F4,0.0,False
2-Ph-indole,gen1,81_Func.,F,5,F5,0.0,False
2-Ph-indole,gen1,82_Func.,F,6,F6,0.0,False
2-Ph-indole,gen1,83_Func.,F,7,F7,0.0,False
2-Ph-indole,gen1,84_Func.,F,8,F8,0.0,False
2-Ph-indole,gen1,85_Func.,F,9,F9,0.0,False
2-Ph-indole,gen1,86_hypo.,F,10,F10,0.0,False
2-Ph-indole,gen1,87_hypo.,F,11,F11,0.0,False
2-Ph-indole,gen1,88_hypo.,F,12,F12,0.0,False
2-Ph-indole,gen1,89_hypo.,G,1,G1,0.0,False
2-Ph-indole,gen1,90_hypo.,G,2,G2,0.0,False
2-Ph-indole,gen1,91_hypo.,G,3,G3,0.0,False
2-Ph-indole,gen1,92_hypo.,G,4,G4,0.0,False
2-Ph-indole,gen1,93_hypo.,G,5,G5,0.0,False
2-Ph-indole,gen1,94_hypo.,G,6,G6,0.0,False
2-Ph-indole,gen1,95_hypo.,G,7,G7,0.0,False
2-Ph-indole,gen1,96_hypo.,G,8,G8,0.0,False
2-Ph-indole,gen1,97_hypo.,G,9,G9,0.0,False
2-Ph-indole,gen1,98_hypo.,G,10,G10,0.0,False
2-Ph-indole,gen1,99_hypo.,G,11,G11,0.0,False
2-Ph-indole,gen1,100_hypo.,G,12,G12,0.0,False
2-Ph-indole,gen1,101_hypo.,H,1,H1,0.0,False
2-Ph-indole,gen1,102_hypo.,H,2,H2,0.0,False
2-Ph-indole,gen1,103_hypo.,H,3,H3,0.0,False
2-Ph-indole,gen1,104_hypo.,H,4,H4,0.0,False
2-Ph-indole,gen1,105_hypo.,H,5,H5,0.0,False
2-Ph-indole,gen1,AfoD,H,6,H6,0.0,False
2-Ph-indole,gen1,AzaH,H,7,H7,0.0,False
2-Ph-indole,gen1,TropB,H,8,H8,0.0,False
2-Ph-indole,gen1,Blk,H,9,H9,0.0,False
2-Ph-indole,gen1,Blk,H,10,H10,0.0,False
2-Ph-indole,gen1,Blk,H,11,H11,0.0,False
2-Ph-indole,gen1,Blk,H,12,H12,0.0,False
nPr-benzaldehyde,gen3,AncFDMO_791_c1,A,1,A1,0.0,False
nPr-benzaldehyde,gen3,AncFDMO_1818_c5,A,2,A2,0.0,False
nPr-benzaldehyde,gen3,AncFDMO_162_c8,A,3,A3,0.0,False
nPr-benzaldehyde,gen3,AncFDMO_1809_c11,A,4,A4,0.0,False
nPr-benzaldehyde,gen3,AncFDMO_2310_c14,A,5,A5,0.0,False
nPr-benzaldehyde,gen3,AncFDMO_1370_c18,A,6,A6,0.0,False
nPr-benzaldehyde,gen3,AncFDMO_1795_c20,A,7,A7,0.0,False
nPr-benzaldehyde,gen3,AncFDMO_1317_c24,A,8,A8,0.0,False
nPr-benzaldehyde,gen3,AncFDMO_1758_c27,A,9,A9,0.0,False
nPr-benzaldehyde,gen3,AncFDMO_1550_c31,A,10,A10,0.0,False
nPr-benzaldehyde,gen3,AncFDMO_205_c34,A,11,A11,0.0,False
nPr-benzaldehyde,gen3,AncFDMO_240_c38,A,12,A12,0.0,False
nPr-benzaldehyde,gen3,AncFDMO_687_c1,A,13,A13,0.0,False
nPr-benzaldehyde,gen3,AncFDMO_1491_c5,A,14,A14,0.0,False
nPr-benzaldehyde,gen3,AncFDMO_747_c9,A,15,A15,0.0,False
nPr-benzaldehyde,gen3,AncFDMO_521_c12,A,16,A16,0.0,False
nPr-benzaldehyde,gen3,AncFDMO_1964_c14,A,17,A17,0.0,False
nPr-benzaldehyde,gen3,AncFDMO_2494_c16,A,18,A18,0.0,False
nPr-benzaldehyde,gen3,AncFDMO_1443_c20,A,19,A19,0.0,False
nPr-benzaldehyde,gen3,AncFDMO_1000_c24,A,20,A20,0.0,False
nPr-benzaldehyde,gen3,AncFDMO_1482_c27,A,21,A21,0.0,False
nPr-benzaldehyde,gen3,AncFDMO_1139_c31,A,22,A22,0.0,False
nPr-benzaldehyde,gen3,AncFDMO_173_c34,A,23,A23,0.0,False
nPr-benzaldehyde,gen3,AncFDMO_207_c38,A,24,A24,0.0,False
nPr-benzaldehyde,gen3,AncFDMO_522_c1,A,25,A25,0.0,False
nPr-benzaldehyde,gen3,AncFDMO_1244_c5,A,26,A26,0.0,False
nPr-benzaldehyde,gen3,AncFDMO_555_c9,A,27,A27,0.0,False
nPr-benzaldehyde,gen3,AncFDMO_433_c12,A,28,A28,0.49280429950432564,True
nPr-benzaldehyde,gen3,AncFDMO_1536_c14,A,29,A29,0.0,False
nPr-benzaldehyde,gen3,AncFDMO_1961_c16,A,30,A30,0.0,False
nPr-benzaldehyde,gen3,AncFDMO_1059_c20,A,31,A31,0.0,False
nPr-benzaldehyde,gen3,AncFDMO_758_c24,A,32,A32,0.0,False
nPr-benzaldehyde,gen3,AncFDMO_1134_c27,A,33,A33,0.0,False
nPr-benzaldehyde,gen3,AncFDMO_917_c31,A,34,A34,0.0,False
nPr-benzaldehyde,gen3,AncFDMO_145_c34,A,35,A35,0.0,False
nPr-benzaldehyde,gen3,AncFDMO_188_c38,A,36,A36,0.0,False
nPr-benzaldehyde,gen3,AncFDMO_854_c1,B,1,B1,0.0,False
nPr-benzaldehyde,gen3,AncFDMO_2026_c5,B,2,B2,0.0,False
nPr-benzaldehyde,gen3,AncFDMO_941_c9,B,3,B3,0.0,False
nPr-benzaldehyde,gen3,AncFDMO_682_c12,B,4,B4,0.0,False
nPr-benzaldehyde,gen3,AncFDMO_1846_c15,B,5,B5,0.0,False
nPr-benzaldehyde,gen3,AncFDMO_1469_c18,B,6,B6,0.0,False
nPr-benzaldehyde,gen3,AncFDMO_1251_c21,B,7,B7,0.0,False
nPr-benzaldehyde,gen3,AncFDMO_1366_c24,B,8,B8,0.0,False
nPr-benzaldehyde,gen3,AncFDMO_1860_c27,B,9,B9,0.0,False
nPr-benzaldehyde,gen3,AncFDMO_1621_c31,B,10,B10,0.0,False
nPr-benzaldehyde,gen3,AncFDMO_1362_c35,B,11,B11,0.0,False
nPr-benzaldehyde,gen3,AncFDMO_1888_c39,B,12,B12,0.0,False
nPr-benzaldehyde,gen3,AncFDMO_698_c1,B,13,B13,0.0,False
nPr-benzaldehyde,gen3,AncFDMO_1629_c5,B,14,B14,0.0,False
nPr-benzaldehyde,gen3,AncFDMO_867_c9,B,15,B15,0.0,False
nPr-benzaldehyde,gen3,AncFDMO_630_c12,B,16,B16,0.0,False
nPr-benzaldehyde,gen3,AncFDMO_1497_c15,B,17,B17,0.13037578784992504,True
nPr-benzaldehyde,gen3,AncFDMO_1191_c18,B,18,B18,0.0,False
nPr-benzaldehyde,gen3,AncFDMO_1566_c20,B,19,B19,0.0,False
nPr-benzaldehyde,gen3,AncFDMO_1084_c24,B,20,B20,0.0,False
nPr-benzaldehyde,gen3,AncFDMO_1605_c27,B,21,B21,0.0,False
nPr-benzaldehyde,gen3,AncFDMO_1253_c31,B,22,B22,0.0,False
nPr-benzaldehyde,gen3,AncFDMO_1086_c35,B,23,B23,0.0,False
nPr-benzaldehyde,gen3,AncFDMO_1493_c39,B,24,B24,0.0,False
nPr-benzaldehyde,gen3,AncFDMO_579_c1,B,25,B25,0.0,False
nPr-benzaldehyde,gen3,AncFDMO_1284_c5,B,26,B26,0.0,False
nPr-benzaldehyde,gen3,AncFDMO_635_c9,B,27,B27,0.0,False
nPr-benzaldehyde,gen3,AncFDMO_490_c12,B,28,B28,0.44477509569355317,True
nPr-benzaldehyde,gen3,AncFDMO_1280_c15,B,29,B29,0.0,False
nPr-benzaldehyde,gen3,AncFDMO_852_c18,B,30,B30,0.0,False
nPr-benzaldehyde,gen3,AncFDMO_1183_c20,B,31,B31,0.0,False
nPr-benzaldehyde,gen3,AncFDMO_866_c24,B,32,B32,0.0,False
nPr-benzaldehyde,gen3,AncFDMO_1243_c27,B,33,B33,0.0,False
nPr-benzaldehyde,gen3,AncFDMO_1036_c31,B,34,B34,0.0,False
nPr-benzaldehyde,gen3,AncFDMO_905_c35,B,35,B35,0.0,False
nPr-benzaldehyde,gen3,AncFDMO_1102_c39,B,36,B36,0.0,False
nPr-benzaldehyde,gen3,AncFDMO_1334_c2,C,1,C1,0.0,False
nPr-benzaldehyde,gen3,AncFDMO_2119_c5,C,2,C2,0.0,False
nPr-benzaldehyde,gen3,AncFDMO_1026_c9,C,3,C3,0.0,False
nPr-benzaldehyde,gen3,AncFDMO_743_c12,C,4,C4,0.0,False
nPr-benzaldehyde,gen3,AncFDMO_2049_c15,C,5,C5,0.0,False
nPr-benzaldehyde,gen3,AncFDMO_1496_c18,C,6,C6,0.0,False
nPr-benzaldehyde,gen3,AncFDMO_1325_c21,C,7,C7,0.0,False
nPr-benzaldehyde,gen3,AncFDMO_1439_c24,C,8,C8,0.0,False
nPr-benzaldehyde,gen3,AncFDMO_2097_c27,C,9,C9,0.0,False
nPr-benzaldehyde,gen3,AncFDMO_1692_c31,C,10,C10,0.0,False
nPr-benzaldehyde,gen3,AncFDMO_1539_c35,C,11,C11,0.0,False
nPr-benzaldehyde,gen3,AncFDMO_1929_c39,C,12,C12,0.0,False
nPr-benzaldehyde,gen3,AncFDMO_921_c2,C,13,C13,0.0,False
nPr-benzaldehyde,gen3,AncFDMO_1732_c5,C,14,C14,0.0,False
nPr-benzaldehyde,gen3,AncFDMO_1397_c10,C,15,C15,0.0,False
nPr-benzaldehyde,gen3,AncFDMO_1013_c13,C,16,C16,0.0,False
nPr-benzaldehyde,gen3,AncFDMO_1553_c15,C,17,C17,0.0,False
nPr-benzaldehyde,gen3,AncFDMO_1270_c18,C,18,C18,0.0,False
nPr-benzaldehyde,gen3,AncFDMO_1074_c21,C,19,C19,0.0,False
nPr-benzaldehyde,gen3,AncFDMO_1274_c24,C,20,C20,0.0,False
nPr-benzaldehyde,gen3,AncFDMO_1731_c27,C,21,C21,0.0,False
nPr-benzaldehyde,gen3,AncFDMO_1397_c31,C,22,C22,0.0,False
nPr-benzaldehyde,gen3,AncFDMO_1221_c35,C,23,C23,0.0,False
nPr-benzaldehyde,gen3,AncFDMO_1641_c39,C,24,C24,0.0,False
nPr-benzaldehyde,gen3,AncFDMO_761_c2,C,25,C25,0.0,False
nPr-benzaldehyde,gen3,AncFDMO_1358_c5,C,26,C26,0.0,False
nPr-benzaldehyde,gen3,AncFDMO_1008_c10,C,27,C27,0.0,False
nPr-benzaldehyde,gen3,AncFDMO_808_c13,C,28,C28,0.0,False
nPr-benzaldehyde,gen3,AncFDMO_1385_c15,C,29,C29,0.0,False
nPr-benzaldehyde,gen3,AncFDMO_883_c18,C,30,C30,0.0,False
nPr-benzaldehyde,gen3,AncFDMO_782_c21,C,31,C31,0.0,False
nPr-benzaldehyde,gen3,AncFDMO_968_c24,C,32,C32,0.0,False
nPr-benzaldehyde,gen3,AncFDMO_1312_c27,C,33,C33,0.0,False
nPr-benzaldehyde,gen3,AncFDMO_1105_c31,C,34,C34,0.0,False
nPr-benzaldehyde,gen3,AncFDMO_1014_c35,C,35,C35,0.0,False
nPr-benzaldehyde,gen3,AncFDMO_1281_c39,C,36,C36,0.0,False
nPr-benzaldehyde,gen3,AncFDMO_1382_c2,D,1,D1,0.0,False
nPr-benzaldehyde,gen3,AncFDMO_701_c6,D,2,D2,0.0,False
nPr-benzaldehyde,gen3,AncFDMO_1785_c10,D,3,D3,0.0,False
nPr-benzaldehyde,gen3,AncFDMO_1354_c13,D,4,D4,0.0,False
nPr-benzaldehyde,gen3,AncFDMO_2131_c15,D,5,D5,0.0,False
nPr-benzaldehyde,gen3,AncFDMO_1170_c19,D,6,D6,0.0,False
nPr-benzaldehyde,gen3,AncFDMO_1407_c21,D,7,D7,0.0,False
nPr-benzaldehyde,gen3,AncFDMO_1461_c25,D,8,D8,0.0,False
nPr-benzaldehyde,gen3,AncFDMO_244_c28,D,9,D9,0.0,False
nPr-benzaldehyde,gen3,AncFDMO_1259_c32,D,10,D10,0.012325094907666811,True
nPr-benzaldehyde,gen3,AncFDMO_1603_c35,D,11,D11,0.0,False
nPr-benzaldehyde,gen3,AncFDMO_2092_c39,D,12,D12,0.0,False
nPr-benzaldehyde,gen3,AncFDMO_1017_c2,D,13,D13,0.0,False
nPr-benzaldehyde,gen3,AncFDMO_559_c6,D,14,D14,0.0,False
nPr-benzaldehyde,gen3,AncFDMO_1507_c10,D,15,D15,0.0,False
nPr-benzaldehyde,gen3,AncFDMO_1113_c13,D,16,D16,0.0,False
nPr-benzaldehyde,gen3,AncFDMO_1667_c15,D,17,D17,0.0,False
nPr-benzaldehyde,gen3,AncFDMO_1338_c18,D,18,D18,0.0,False
nPr-benzaldehyde,gen3,AncFDMO_1172_c21,D,19,D19,0.0,False
nPr-benzaldehyde,gen3,AncFDMO_1198_c25,D,20,D20,0.0,False
nPr-benzaldehyde,gen3,AncFDMO_224_c29,D,21,D21,0.0,False
nPr-benzaldehyde,gen3,AncFDMO_993_c32,D,22,D22,0.0,False
nPr-benzaldehyde,gen3,AncFDMO_1319_c35,D,23,D23,0.0,False
nPr-benzaldehyde,gen3,AncFDMO_1734_c39,D,24,D24,0.0,False
nPr-benzaldehyde,gen3,AncFDMO_841_c2,D,25,D25,0.0,False
nPr-benzaldehyde,gen3,AncFDMO_427_c6,D,26,D26,0.0,False
nPr-benzaldehyde,gen3,AncFDMO_1157_c10,D,27,D27,0.0,False
nPr-benzaldehyde,gen3,AncFDMO_868_c13,D,28,D28,0.0,False
nPr-benzaldehyde,gen3,AncFDMO_1444_c15,D,29,D29,0.0,False
nPr-benzaldehyde,gen3,AncFDMO_1097_c18,D,30,D30,0.0,False
nPr-benzaldehyde,gen3,AncFDMO_848_c21,D,31,D31,0.0,False
nPr-benzaldehyde,gen3,AncFDMO_883_c25,D,32,D32,0.0,False
nPr-benzaldehyde,gen3,AncFDMO_205_c29,D,33,D33,0.0,False
nPr-benzaldehyde,gen3,AncFDMO_767_c32,D,34,D34,0.016594354209355493,True
nPr-benzaldehyde,gen3,AncFDMO_1050_c35,D,35,D35,0.0,False
nPr-benzaldehyde,gen3,AncFDMO_1389_c39,D,36,D36,0.0,False
nPr-benzaldehyde,gen3,AncFDMO_1407_c2,E,1,E1,0.0,False
nPr-benzaldehyde,gen3,AncFDMO_797_c6,E,2,E2,0.0,False
nPr-benzaldehyde,gen3,AncFDMO_1853_c10,E,3,E3,0.0,False
nPr-benzaldehyde,gen3,AncFDMO_1396_c13,E,4,E4,0.0,False
nPr-benzaldehyde,gen3,AncFDMO_2676_c16,E,5,E5,0.0,False
nPr-benzaldehyde,gen3,AncFDMO_1243_c19,E,6,E6,0.0,False
nPr-benzaldehyde,gen3,AncFDMO_1643_c22,E,7,E7,0.0,False
nPr-benzaldehyde,gen3,AncFDMO_1540_c25,E,8,E8,0.0,False
nPr-benzaldehyde,gen3,AncFDMO_301_c29,E,9,E9,0.0,False
nPr-benzaldehyde,gen3,AncFDMO_1310_c32,E,10,E10,0.0,False
nPr-benzaldehyde,gen3,AncFDMO_422_c36,E,11,E11,0.0,False
nPr-benzaldehyde,gen3,empty vector,E,12,E12,0.0,False
nPr-benzaldehyde,gen3,AncFDMO_1223_c2,E,13,E13,0.0,False
nPr-benzaldehyde,gen3,AncFDMO_616_c6,E,14,E14,0.0,False
nPr-benzaldehyde,gen3,AncFDMO_1709_c10,E,15,E15,0.0,False
nPr-benzaldehyde,gen3,AncFDMO_1261_c13,E,16,E16,0.0,False
nPr-benzaldehyde,gen3,AncFDMO_1771_c15,E,17,E17,0.0,False
nPr-benzaldehyde,gen3,AncFDMO_971_c19,E,18,E18,0.0,False
nPr-benzaldehyde,gen3,AncFDMO_1212_c21,E,19,E19,0.0,False
nPr-benzaldehyde,gen3,AncFDMO_1213_c25,E,20,E20,0.0,False
nPr-benzaldehyde,gen3,AncFDMO_1771_c30,E,21,E21,0.0,False
nPr-benzaldehyde,gen3,AncFDMO_1123_c32,E,22,E22,0.0,False
nPr-benzaldehyde,gen3,AncFDMO_370_c36,E,23,E23,0.0,False
nPr-benzaldehyde,gen3,empty vector,E,24,E24,0.0,False
nPr-benzaldehyde,gen3,AncFDMO_888_c2,E,25,E25,0.0,False
nPr-benzaldehyde,gen3,AncFDMO_505_c6,E,26,E26,0.0,False
nPr-benzaldehyde,gen3,AncFDMO_1281_c10,E,27,E27,0.0,False
nPr-benzaldehyde,gen3,AncFDMO_932_c13,E,28,E28,0.0,False
nPr-benzaldehyde,gen3,AncFDMO_1459_c15,E,29,E29,0.07645462175153664,True
nPr-benzaldehyde,gen3,AncFDMO_754_c19,E,30,E30,0.0,False
nPr-benzaldehyde,gen3,AncFDMO_900_c21,E,31,E31,0.0,False
nPr-benzaldehyde,gen3,AncFDMO_984_c25,E,32,E32,0.0,False
nPr-benzaldehyde,gen3,AncFDMO_1278_c30,E,33,E33,0.0,False
nPr-benzaldehyde,gen3,AncFDMO_871_c32,E,34,E34,0.013521682846570158,True
nPr-benzaldehyde,gen3,AncFDMO_284_c36,E,35,E35,0.0,False
nPr-benzaldehyde,gen3,empty vector,E,36,E36,0.0,False
nPr-benzaldehyde,gen3,AncFDMO_924_c3,F,1,F1,0.0,False
nPr-benzaldehyde,gen3,AncFDMO_967_c7,F,2,F2,0.0,False
nPr-benzaldehyde,gen3,AncFDMO_1896_c10,F,3,F3,0.0,False
nPr-benzaldehyde,gen3,AncFDMO_1470_c13,F,4,F4,0.0,False
nPr-benzaldehyde,gen3,AncFDMO_2796_c16,F,5,F5,0.0,False
nPr-benzaldehyde,gen3,AncFDMO_1320_c19,F,6,F6,0.0,False
nPr-benzaldehyde,gen3,AncFDMO_1661_c22,F,7,F7,0.0,False
nPr-benzaldehyde,gen3,AncFDMO_1601_c25,F,8,F8,0.016135517016642315,True
nPr-benzaldehyde,gen3,AncFDMO_2226_c30,F,9,F9,0.0,False
nPr-benzaldehyde,gen3,AncFDMO_1401_c32,F,10,F10,0.016165677203812356,True
nPr-benzaldehyde,gen3,AncFDMO_481_c36,F,11,F11,0.0,False
nPr-benzaldehyde,gen3,empty vector,F,12,F12,0.0,False
nPr-benzaldehyde,gen3,AncFDMO_785_c3,F,13,F13,0.0,False
nPr-benzaldehyde,gen3,AncFDMO_803_c7,F,14,F14,0.0,False
nPr-benzaldehyde,gen3,AncFDMO_1284_c11,F,15,F15,0.0,False
nPr-benzaldehyde,gen3,AncFDMO_1624_c14,F,16,F16,0.0,False
nPr-benzaldehyde,gen3,AncFDMO_2130_c16,F,17,F17,0.0,False
nPr-benzaldehyde,gen3,AncFDMO_1082_c19,F,18,F18,0.0,False
nPr-benzaldehyde,gen3,AncFDMO_1325_c22,F,19,F19,0.0,False
nPr-benzaldehyde,gen3,AncFDMO_1435_c25,F,20,F20,0.009065839746907958,True
nPr-benzaldehyde,gen3,AncFDMO_1931_c30,F,21,F21,0.0,False
nPr-benzaldehyde,gen3,AncFDMO_1213_c32,F,22,F22,0.0,False
nPr-benzaldehyde,gen3,AncFDMO_406_c36,F,23,F23,0.0,False
nPr-benzaldehyde,gen3,empty vector,F,24,F24,0.0,False
nPr-benzaldehyde,gen3,AncFDMO_543_c3,F,25,F25,0.0,False
nPr-benzaldehyde,gen3,AncFDMO_725_c7,F,26,F26,0.0,False
nPr-benzaldehyde,gen3,AncFDMO_1044_c11,F,27,F27,0.0,False
nPr-benzaldehyde,gen3,AncFDMO_1235_c14,F,28,F28,0.0,False
nPr-benzaldehyde,gen3,AncFDMO_1620_c16,F,29,F29,0.0,False
nPr-benzaldehyde,gen3,AncFDMO_839_c19,F,30,F30,0.0,False
nPr-benzaldehyde,gen3,AncFDMO_956_c22,F,31,F31,0.0,False
nPr-benzaldehyde,gen3,AncFDMO_1066_c25,F,32,F32,0.0,False
nPr-benzaldehyde,gen3,AncFDMO_1439_c30,F,33,F33,0.0,False
nPr-benzaldehyde,gen3,AncFDMO_966_c32,F,34,F34,0.0,False
nPr-benzaldehyde,gen3,AncFDMO_312_c36,F,35,F35,0.0,False
nPr-benzaldehyde,gen3,empty vector,F,36,F36,0.0,False
nPr-benzaldehyde,gen3,AncFDMO_985_c3,G,1,G1,0.0,False
nPr-benzaldehyde,gen3,AncFDMO_1044_c7,G,2,G2,0.0,False
nPr-benzaldehyde,gen3,AncFDMO_1696_c11,G,3,G3,0.0,False
nPr-benzaldehyde,gen3,AncFDMO_2097_c14,G,4,G4,0.0,False
nPr-benzaldehyde,gen3,AncFDMO_2839_c16,G,5,G5,0.0,False
nPr-benzaldehyde,gen3,AncFDMO_1642_c20,G,6,G6,0.0,False
nPr-benzaldehyde,gen3,AncFDMO_1734_c22,G,7,G7,0.2452911853756898,True
nPr-benzaldehyde,gen3,AncFDMO_1039_c26,G,8,G8,0.0,False
nPr-benzaldehyde,gen3,AncFDMO_2311_c30,G,9,G9,0.0,False
nPr-benzaldehyde,gen3,AncFDMO_509_c33,G,10,G10,0.0,False
nPr-benzaldehyde,gen3,AncFDMO_545_c37,G,11,G11,0.0,False
nPr-benzaldehyde,gen3,NEC,G,12,G12,0.0,False
nPr-benzaldehyde,gen3,AncFDMO_807_c3,G,13,G13,0.0,False
nPr-benzaldehyde,gen3,AncFDMO_858_c7,G,14,G14,0.0,False
nPr-benzaldehyde,gen3,AncFDMO_1384_c11,G,15,G15,0.0,False
nPr-benzaldehyde,gen3,AncFDMO_1705_c14,G,16,G16,0.0,False
nPr-benzaldehyde,gen3,AncFDMO_2234_c16,G,17,G17,0.0,False
nPr-benzaldehyde,gen3,AncFDMO_1113_c19,G,18,G18,0.0,False
nPr-benzaldehyde,gen3,AncFDMO_1475_c22,G,19,G19,0.0,False
nPr-benzaldehyde,gen3,AncFDMO_833_c26,G,20,G20,0.0,False
nPr-benzaldehyde,gen3,AncFDMO_2030_c30,G,21,G21,0.0,False
nPr-benzaldehyde,gen3,AncFDMO_408_c33,G,22,G22,0.0,False
nPr-benzaldehyde,gen3,AncFDMO_428_c37,G,23,G23,0.0,False
nPr-benzaldehyde,gen3,NEC,G,24,G24,0.0,False
nPr-benzaldehyde,gen3,AncFDMO_706_c3,G,25,G25,0.0,False
nPr-benzaldehyde,gen3,AncFDMO_761_c7,G,26,G26,0.0,False
nPr-benzaldehyde,gen3,AncFDMO_1096_c11,G,27,G27,0.0,False
nPr-benzaldehyde,gen3,AncFDMO_1327_c14,G,28,G28,0.0,False
nPr-benzaldehyde,gen3,AncFDMO_1731_c16,G,29,G29,0.0,False
nPr-benzaldehyde,gen3,AncFDMO_913_c19,G,30,G30,0.0,False
nPr-benzaldehyde,gen3,AncFDMO_1072_c22,G,31,G31,0.0,False
nPr-benzaldehyde,gen3,AncFDMO_596_c26,G,32,G32,0.009234988757111215,True
nPr-benzaldehyde,gen3,AncFDMO_1663_c30,G,33,G33,0.0,False
nPr-benzaldehyde,gen3,AncFDMO_325_c33,G,34,G34,0.0,False
nPr-benzaldehyde,gen3,AncFDMO_325_c37,G,35,G35,0.0,False
nPr-benzaldehyde,gen3,NEC,G,36,G36,0.0,False
nPr-benzaldehyde,gen3,AncFDMO_353_c4,H,1,H1,0.0,False
nPr-benzaldehyde,gen3,AncFDMO_1162_c7,H,2,H2,0.0,False
nPr-benzaldehyde,gen3,AncFDMO_1741_c11,H,3,H3,0.0,False
nPr-benzaldehyde,gen3,AncFDMO_2205_c14,H,4,H4,0.0,False
nPr-benzaldehyde,gen3,AncFDMO_2987_c16,H,5,H5,0.0,False
nPr-benzaldehyde,gen3,AncFDMO_1716_c20,H,6,H6,0.0,False
nPr-benzaldehyde,gen3,AncFDMO_498_c23,H,7,H7,0.0,False
nPr-benzaldehyde,gen3,AncFDMO_1133_c26,H,8,H8,0.0042306838856720486,True
nPr-benzaldehyde,gen3,AncFDMO_2459_c30,H,9,H9,0.0,False
nPr-benzaldehyde,gen3,AncFDMO_585_c33,H,10,H10,0.0,False
nPr-benzaldehyde,gen3,AncFDMO_609_c37,H,11,H11,0.0,False
nPr-benzaldehyde,gen3,NEC,H,12,H12,0.0,False
nPr-benzaldehyde,gen3,AncFDMO_251_c4,H,13,H13,0.0,False
nPr-benzaldehyde,gen3,AncFDMO_937_c7,H,14,H14,0.0,False
nPr-benzaldehyde,gen3,AncFDMO_1484_c11,H,15,H15,0.0,False
nPr-benzaldehyde,gen3,AncFDMO_1878_c14,H,16,H16,0.0,False
nPr-benzaldehyde,gen3,AncFDMO_2373_c16,H,17,H17,0.0,False
nPr-benzaldehyde,gen3,AncFDMO_1302_c20,H,18,H18,0.0,False
nPr-benzaldehyde,gen3,AncFDMO_1520_c22,H,19,H19,0.0,False
nPr-benzaldehyde,gen3,AncFDMO_984_c26,H,20,H20,0.0,False
nPr-benzaldehyde,gen3,AncFDMO_2130_c30,H,21,H21,0.0,False
nPr-benzaldehyde,gen3,AncFDMO_490_c33,H,22,H22,0.0,False
nPr-benzaldehyde,gen3,AncFDMO_486_c37,H,23,H23,0.0,False
nPr-benzaldehyde,gen3,NEC,H,24,H24,0.0,False
nPr-benzaldehyde,gen3,AncFDMO_196_c4,H,25,H25,0.0,False
nPr-benzaldehyde,gen3,AncFDMO_777_c7,H,26,H26,0.0,False
nPr-benzaldehyde,gen3,AncFDMO_1168_c11,H,27,H27,0.0,False
nPr-benzaldehyde,gen3,AncFDMO_1415_c14,H,28,H28,0.0,False
nPr-benzaldehyde,gen3,AncFDMO_1877_c16,H,29,H29,0.0,False
nPr-benzaldehyde,gen3,AncFDMO_950_c20,H,30,H30,0.0,False
nPr-benzaldehyde,gen3,AncFDMO_1258_c22,H,31,H31,0.0,False
nPr-benzaldehyde,gen3,AncFDMO_738_c26,H,32,H32,0.0,False
nPr-benzaldehyde,gen3,AncFDMO_1730_c30,H,33,H33,0.0,False
nPr-benzaldehyde,gen3,AncFDMO_347_c33,H,34,H34,0.0,False
nPr-benzaldehyde,gen3,AncFDMO_388_c37,H,35,H35,0.0,False
nPr-benzaldehyde,gen3,NEC,H,36,H36,0.0,False
nPr-benzaldehyde,gen2,Anc321,A,1,A1,0.7563776311459233,True
nPr-benzaldehyde,gen2,Anc322,A,2,A2,3.097041690986614,True
nPr-benzaldehyde,gen2,Anc373,A,3,A3,0.2803115603653006,True
nPr-benzaldehyde,gen2,Anc416,A,4,A4,0.0,False
nPr-benzaldehyde,gen2,A0A0L0NHZ5,A,5,A5,0.0,False
nPr-benzaldehyde,gen2,I1S0U1,A,6,A6,0.0,False
nPr-benzaldehyde,gen2,A0A317WVG8,A,7,A7,0.0,False
nPr-benzaldehyde,gen2,Q1DDU6,A,8,A8,0.0,False
nPr-benzaldehyde,gen2,A0A430HSE9,A,9,A9,0.0,False
nPr-benzaldehyde,gen2,A0A0F8U263,A,10,A10,0.0,False
nPr-benzaldehyde,gen2,B6K5M4,A,11,A11,0.0,False
nPr-benzaldehyde,gen2,A0A2I6PIZ8,A,12,A12,0.0,False
nPr-benzaldehyde,gen2,Anc333,B,1,B1,1.1037502356856808,True
nPr-benzaldehyde,gen2,Anc322a,B,2,B2,0.0,False
nPr-benzaldehyde,gen2,Anc373a,B,3,B3,0.011282204013084633,True
nPr-benzaldehyde,gen2,Anc416a,B,4,B4,0.0,False
nPr-benzaldehyde,gen2,A7UX11,B,5,B5,0.008206857368567992,True
nPr-benzaldehyde,gen2,A0A0F7ZML0,B,6,B6,0.0,False
nPr-benzaldehyde,gen2,J4VWM7,B,7,B7,0.0,False
nPr-benzaldehyde,gen2,A8LVF4,B,8,B8,0.0,False
nPr-benzaldehyde,gen2,A0A0S4NSV0,B,9,B9,0.0,False
nPr-benzaldehyde,gen2,A0A0C9V1F0,B,10,B10,0.0,False
nPr-benzaldehyde,gen2,S9VNB0,B,11,B11,0.0,False
nPr-benzaldehyde,gen2,A0A1D8G3K4,B,12,B12,0.0,False
nPr-benzaldehyde,gen2,Anc369a,C,1,C1,0.9332534382733261,True
nPr-benzaldehyde,gen2,Anc366,C,2,C2,0.8081193709245286,True
nPr-benzaldehyde,gen2,Anc374,C,3,C3,0.760961825201365,True
nPr-benzaldehyde,gen2,Anc457,C,4,C4,0.0,False
nPr-benzaldehyde,gen2,A0A1W2TF28,C,5,C5,0.0,False
nPr-benzaldehyde,gen2,cP23262,C,6,C6,0.0,False
nPr-benzaldehyde,gen2,A0A559M954,C,7,C7,0.0,False
nPr-benzaldehyde,gen2,Q2GQG8,C,8,C8,0.0,False
nPr-benzaldehyde,gen2,Q4WLW7,C,9,C9,0.0,False
nPr-benzaldehyde,gen2,J3KA16,C,10,C10,0.0,False
nPr-benzaldehyde,gen2,Q9Y7Z9,C,11,C11,0.0,False
nPr-benzaldehyde,gen2,C5FM59,C,12,C12,0.0,False
nPr-benzaldehyde,gen2,Anc382,D,1,D1,0.8614125625017344,True
nPr-benzaldehyde,gen2,Anc366a,D,2,D2,0.022597580068350977,True
nPr-benzaldehyde,gen2,Anc374a,D,3,D3,0.0,False
nPr-benzaldehyde,gen2,Anc457a,D,4,D4,0.0,False
nPr-benzaldehyde,gen2,A0A2J6S3A7,D,5,D5,0.0,False
nPr-benzaldehyde,gen2,cQ5BEJ7,D,6,D6,0.0,False
nPr-benzaldehyde,gen2,A0A177BZG4,D,7,D7,0.0,False
nPr-benzaldehyde,gen2,G3XQJ1,D,8,D8,0.0,False
nPr-benzaldehyde,gen2,A0A0K8LS04,D,9,D9,0.0,False
nPr-benzaldehyde,gen2,A5ABG5,D,10,D10,0.0,False
nPr-benzaldehyde,gen2,Q3S8R0,D,11,D11,0.0,False
nPr-benzaldehyde,gen2,E4V2N4,D,12,D12,0.0,False
nPr-benzaldehyde,gen2,Anc331,E,1,E1,0.3587807416719872,True
nPr-benzaldehyde,gen2,Anc367,E,2,E2,0.7034256044489218,True
nPr-benzaldehyde,gen2,Anc280,E,3,E3,0.0,False
nPr-benzaldehyde,gen2,Anc488,E,4,E4,0.0,False
nPr-benzaldehyde,gen2,A0A2J6T8P1,E,5,E5,0.0,False
nPr-benzaldehyde,gen2,cG3XMC2,E,6,E6,0.0,False
nPr-benzaldehyde,gen2,P23262,E,7,E7,0.0,False
nPr-benzaldehyde,gen2,Q9S3U9,E,8,E8,0.0,False
nPr-benzaldehyde,gen2,K9G8U3,E,9,E9,0.0,False
nPr-benzaldehyde,gen2,V5FKW7,E,10,E10,0.0,False
nPr-benzaldehyde,gen2,A0A370B0Q9,E,11,E11,0.0,False
nPr-benzaldehyde,gen2,F2S701,E,12,E12,0.0,False
nPr-benzaldehyde,gen2,Anc331a,F,1,F1,2.727751916385408,True
nPr-benzaldehyde,gen2,Anc367a,F,2,F2,0.747440746909004,True
nPr-benzaldehyde,gen2,Anc280a,F,3,F3,0.0,False
nPr-benzaldehyde,gen2,Anc488a,F,4,F4,0.0,False
nPr-benzaldehyde,gen2,A0A3D8QGL3,F,5,F5,0.0,False
nPr-benzaldehyde,gen2,cB6HN76,F,6,F6,0.0,False
nPr-benzaldehyde,gen2,Q53552,F,7,F7,0.0,False
nPr-benzaldehyde,gen2,A0A2R2IYY2,F,8,F8,0.0,False
nPr-benzaldehyde,gen2,B6HJU4,F,9,F9,0.0,False
nPr-benzaldehyde,gen2,R7YWS5,F,10,F10,0.0,False
nPr-benzaldehyde,gen2,A0A178XEJ6,F,11,F11,0.0,False
nPr-benzaldehyde,gen2,KPJ13581_1,F,12,F12,0.0,False
nPr-benzaldehyde,gen2,Anc332,G,1,G1,0.5694175785840926,True
nPr-benzaldehyde,gen2,Anc368,G,2,G2,0.0,False
nPr-benzaldehyde,gen2,Anc412,G,3,G3,0.02417226645856372,True
nPr-benzaldehyde,gen2,A0A101MPG3,G,4,G4,0.0,False
nPr-benzaldehyde,gen2,E3RKN0,G,5,G5,0.0,False
nPr-benzaldehyde,gen2,cQ0CJ62,G,6,G6,0.0,False
nPr-benzaldehyde,gen2,A0A239M104,G,7,G7,0.0,False
nPr-benzaldehyde,gen2,A0A4R7BCP1,G,8,G8,0.0,False
nPr-benzaldehyde,gen2,S8AW72,G,9,G9,0.0,False
nPr-benzaldehyde,gen2,S3CM43,G,10,G10,0.0,False
nPr-benzaldehyde,gen2,E1ACP7,G,11,G11,0.0,False
nPr-benzaldehyde,gen2,Q5ATK1,G,12,G12,0.6093171127928009,True
nPr-benzaldehyde,gen2,Anc332a,H,1,H1,0.6093171127928009,True
nPr-benzaldehyde,gen2,Anc368a,H,2,H2,1.2781343202261795,True
nPr-benzaldehyde,gen2,Anc412a,H,3,H3,0.0,False
nPr-benzaldehyde,gen2,A0A4Q7JZ50,H,4,H4,0.0,False
nPr-benzaldehyde,gen2,Q0CJ62,H,5,H5,0.0,False
nPr-benzaldehyde,gen2,A0A1R3RGJ2,H,6,H6,0.0,False
nPr-benzaldehyde,gen2,Q84HF5,H,7,H7,0.0,False
nPr-benzaldehyde,gen2,C7EDM6,H,8,H8,0.0,False
nPr-benzaldehyde,gen2,A0A135LJG1,H,9,H9,0.0,False
nPr-benzaldehyde,gen2,A0A0B4HMN8,H,10,H10,0.0,False
nPr-benzaldehyde,gen2,E1ACQ4,H,11,H11,0.0,False
nPr-benzaldehyde,gen2,Empty pMCSG7,H,12,H12,0.0,False
nPr-benzaldehyde,gen1,Anc 305,A,1,A1,0.04018158525939865,True
nPr-benzaldehyde,gen1,Anc 305a,A,2,A2,0.007745967032302086,True
nPr-benzaldehyde,gen1,Anc 306,A,3,A3,0.04394940826544833,True
nPr-benzaldehyde,gen1,Anc 306a,A,4,A4,0.0,False
nPr-benzaldehyde,gen1,Anc 311C,A,5,A5,0.3830359920029906,True
nPr-benzaldehyde,gen1,Anc 311a,A,6,A6,0.16945194476100164,True
nPr-benzaldehyde,gen1,Anc 312,A,7,A7,1.1169648154982446,True
nPr-benzaldehyde,gen1,Anc 312a,A,8,A8,3.047644341653318,True
nPr-benzaldehyde,gen1,Anc 321,A,9,A9,10.541450461660181,True
nPr-benzaldehyde,gen1,Anc 321a,A,10,A10,1.340318319555836,True
nPr-benzaldehyde,gen1,Anc 333,A,11,A11,1.133747554880169,True
nPr-benzaldehyde,gen1,Anc 333a,A,12,A12,1.87197855285767,True
nPr-benzaldehyde,gen1,Anc 334,B,1,B1,0.7013562145257586,True
nPr-benzaldehyde,gen1,Anc 334a,B,2,B2,1.0558986032140565,True
nPr-benzaldehyde,gen1,Anc 335,B,3,B3,0.9789059313034972,True
nPr-benzaldehyde,gen1,Anc 335a,B,4,B4,0.9657823445092379,True
nPr-benzaldehyde,gen1,Anc 346,B,5,B5,0.9762623230706763,True
nPr-benzaldehyde,gen1,Anc 346a,B,6,B6,0.2749828855355731,True
nPr-benzaldehyde,gen1,Anc 354,B,7,B7,0.20207960725221694,True
nPr-benzaldehyde,gen1,Anc 354a,B,8,B8,0.06913717593689965,True
nPr-benzaldehyde,gen1,Anc 369,B,9,B9,0.9821015694155548,True
nPr-benzaldehyde,gen1,Anc 369a,B,10,B10,0.9443799313994733,True
nPr-benzaldehyde,gen1,Anc 370,B,11,B11,0.15674868529797895,True
nPr-benzaldehyde,gen1,Anc 370a,B,12,B12,0.07867077986460419,True
nPr-benzaldehyde,gen1,Anc 371,C,1,C1,0.0,False
nPr-benzaldehyde,gen1,Anc 371a,C,2,C2,0.0,False
nPr-benzaldehyde,gen1,Anc 382,C,3,C3,0.8936196161280378,True
nPr-benzaldehyde,gen1,Anc 382a,C,4,C4,1.2411333075687159,True
nPr-benzaldehyde,gen1,Anc 304,C,5,C5,0.017104046577554616,True
nPr-benzaldehyde,gen1,Anc 304a,C,6,C6,0.04318724787206502,True
nPr-benzaldehyde,gen1,Anc 400,C,7,C7,0.009546862625186867,True
nPr-benzaldehyde,gen1,Anc 400a,C,8,C8,0.0,False
nPr-benzaldehyde,gen1,Anc 401,C,9,C9,0.0,False
nPr-benzaldehyde,gen1,Anc 401a,C,10,C10,0.0,False
nPr-benzaldehyde,gen1,Anc 468,C,11,C11,0.0,False
nPr-benzaldehyde,gen1,Anc 468a,C,12,C12,0.0,False
nPr-benzaldehyde,gen1,Anc 284,D,1,D1,0.9150968592844295,True
nPr-benzaldehyde,gen1,Anc 284a,D,2,D2,0.787278328405385,True
nPr-benzaldehyde,gen1,49_Clade,D,3,D3,0.7856432592611212,True
nPr-benzaldehyde,gen1,50_Clade,D,4,D4,0.7727488294072221,True
nPr-benzaldehyde,gen1,51_Clade,D,5,D5,0.06281243931001244,True
nPr-benzaldehyde,gen1,52_Clade,D,6,D6,0.0,False
nPr-benzaldehyde,gen1,53_Clade,D,7,D7,0.0,False
nPr-benzaldehyde,gen1,54_Clade,D,8,D8,0.0,False
nPr-benzaldehyde,gen1,55_Clade,D,9,D9,0.0,False
nPr-benzaldehyde,gen1,56_Clade,D,10,D10,0.0,False
nPr-benzaldehyde,gen1,57_Clade,D,11,D11,0.0,False
nPr-benzaldehyde,gen1,58_Clade,D,12,D12,0.0,False
nPr-benzaldehyde,gen1,59_Clade,E,1,E1,0.0,False
nPr-benzaldehyde,gen1,60_Clade,E,2,E2,0.0,False
nPr-benzaldehyde,gen1,61_Clade,E,3,E3,0.04464995925829918,True
nPr-benzaldehyde,gen1,62_Clade,E,4,E4,0.0,False
nPr-benzaldehyde,gen1,63_Clade,E,5,E5,0.0,False
nPr-benzaldehyde,gen1,64_Clade,E,6,E6,0.0,False
nPr-benzaldehyde,gen1,65_Clade,E,7,E7,0.0,False
nPr-benzaldehyde,gen1,66_Clade,E,8,E8,0.5207631184653578,True
nPr-benzaldehyde,gen1,67_Clade,E,9,E9,0.0,False
nPr-benzaldehyde,gen1,68_Func.,E,10,E10,0.0,False
nPr-benzaldehyde,gen1,69_Func.,E,11,E11,0.0,False
nPr-benzaldehyde,gen1,70_Func.,E,12,E12,0.0,False
nPr-benzaldehyde,gen1,71_Func.,F,1,F1,0.0,False
nPr-benzaldehyde,gen1,72_Func.,F,2,F2,0.0,False
nPr-benzaldehyde,gen1,73_Func.,F,3,F3,0.0,False
nPr-benzaldehyde,gen1,74_Func.,F,4,F4,0.0,False
nPr-benzaldehyde,gen1,81_Func.,F,5,F5,0.0,False
nPr-benzaldehyde,gen1,82_Func.,F,6,F6,0.0,False
nPr-benzaldehyde,gen1,83_Func.,F,7,F7,0.0,False
nPr-benzaldehyde,gen1,84_Func.,F,8,F8,0.0,False
nPr-benzaldehyde,gen1,85_Func.,F,9,F9,0.0,False
nPr-benzaldehyde,gen1,86_hypo.,F,10,F10,0.0,False
nPr-benzaldehyde,gen1,87_hypo.,F,11,F11,0.0,False
nPr-benzaldehyde,gen1,88_hypo.,F,12,F12,0.0,False
nPr-benzaldehyde,gen1,89_hypo.,G,1,G1,0.0,False
nPr-benzaldehyde,gen1,90_hypo.,G,2,G2,0.0,False
nPr-benzaldehyde,gen1,91_hypo.,G,3,G3,0.0,False
nPr-benzaldehyde,gen1,92_hypo.,G,4,G4,0.0,False
nPr-benzaldehyde,gen1,93_hypo.,G,5,G5,0.0,False
nPr-benzaldehyde,gen1,94_hypo.,G,6,G6,0.0,False
nPr-benzaldehyde,gen1,95_hypo.,G,7,G7,0.0,False
nPr-benzaldehyde,gen1,96_hypo.,G,8,G8,0.0,False
nPr-benzaldehyde,gen1,97_hypo.,G,9,G9,0.0,False
nPr-benzaldehyde,gen1,98_hypo.,G,10,G10,0.0,False
nPr-benzaldehyde,gen1,99_hypo.,G,11,G11,0.0,False
nPr-benzaldehyde,gen1,100_hypo.,G,12,G12,0.0,False
nPr-benzaldehyde,gen1,101_hypo.,H,1,H1,0.0,False
nPr-benzaldehyde,gen1,102_hypo.,H,2,H2,0.0,False
nPr-benzaldehyde,gen1,103_hypo.,H,3,H3,0.0,False
nPr-benzaldehyde,gen1,104_hypo.,H,4,H4,0.0,False
nPr-benzaldehyde,gen1,105_hypo.,H,5,H5,0.0,False
nPr-benzaldehyde,gen1,AfoD,H,6,H6,0.009831648929616462,True
nPr-benzaldehyde,gen1,AzaH,H,7,H7,0.00791557876112957,True
nPr-benzaldehyde,gen1,TropB,H,8,H8,0.0,False
nPr-benzaldehyde,gen1,Blk,H,9,H9,0.0,False
nPr-benzaldehyde,gen1,Blk,H,10,H10,0.0,False
nPr-benzaldehyde,gen1,Blk,H,11,H11,0.0,False
nPr-benzaldehyde,gen1,Blk,H,12,H12,0.0,False
TropB-native,gen3,AncFDMO_791_c1,A,1,A1,0.0,False
TropB-native,gen3,AncFDMO_1818_c5,A,2,A2,0.0,False
TropB-native,gen3,AncFDMO_162_c8,A,3,A3,0.0,False
TropB-native,gen3,AncFDMO_1809_c11,A,4,A4,0.0,False
TropB-native,gen3,AncFDMO_2310_c14,A,5,A5,0.0,False
TropB-native,gen3,AncFDMO_1370_c18,A,6,A6,0.0,False
TropB-native,gen3,AncFDMO_1795_c20,A,7,A7,0.0,False
TropB-native,gen3,AncFDMO_1317_c24,A,8,A8,0.0,False
TropB-native,gen3,AncFDMO_1758_c27,A,9,A9,0.0,False
TropB-native,gen3,AncFDMO_1550_c31,A,10,A10,0.0,False
TropB-native,gen3,AncFDMO_205_c34,A,11,A11,0.0,False
TropB-native,gen3,AncFDMO_240_c38,A,12,A12,0.0,False
TropB-native,gen3,AncFDMO_687_c1,A,13,A13,0.0,False
TropB-native,gen3,AncFDMO_1491_c5,A,14,A14,0.0,False
TropB-native,gen3,AncFDMO_747_c9,A,15,A15,0.0,False
TropB-native,gen3,AncFDMO_521_c12,A,16,A16,0.0,False
TropB-native,gen3,AncFDMO_1964_c14,A,17,A17,0.0,False
TropB-native,gen3,AncFDMO_2494_c16,A,18,A18,0.0,False
TropB-native,gen3,AncFDMO_1443_c20,A,19,A19,0.0,False
TropB-native,gen3,AncFDMO_1000_c24,A,20,A20,0.0,False
TropB-native,gen3,AncFDMO_1482_c27,A,21,A21,0.0,False
TropB-native,gen3,AncFDMO_1139_c31,A,22,A22,0.0,False
TropB-native,gen3,AncFDMO_173_c34,A,23,A23,0.0,False
TropB-native,gen3,AncFDMO_207_c38,A,24,A24,0.0,False
TropB-native,gen3,AncFDMO_522_c1,A,25,A25,0.0,False
TropB-native,gen3,AncFDMO_1244_c5,A,26,A26,0.0,False
TropB-native,gen3,AncFDMO_555_c9,A,27,A27,0.0,False
TropB-native,gen3,AncFDMO_433_c12,A,28,A28,0.01600952623,True
TropB-native,gen3,AncFDMO_1536_c14,A,29,A29,0.0,False
TropB-native,gen3,AncFDMO_1961_c16,A,30,A30,0.0,False
TropB-native,gen3,AncFDMO_1059_c20,A,31,A31,0.0,False
TropB-native,gen3,AncFDMO_758_c24,A,32,A32,0.0,False
TropB-native,gen3,AncFDMO_1134_c27,A,33,A33,0.0,False
TropB-native,gen3,AncFDMO_917_c31,A,34,A34,0.0,False
TropB-native,gen3,AncFDMO_145_c34,A,35,A35,0.0,False
TropB-native,gen3,AncFDMO_188_c38,A,36,A36,0.0,False
TropB-native,gen3,AncFDMO_854_c1,B,1,B1,0.0,False
TropB-native,gen3,AncFDMO_2026_c5,B,2,B2,0.0,False
TropB-native,gen3,AncFDMO_941_c9,B,3,B3,0.0,False
TropB-native,gen3,AncFDMO_682_c12,B,4,B4,0.0,False
TropB-native,gen3,AncFDMO_1846_c15,B,5,B5,0.0,False
TropB-native,gen3,AncFDMO_1469_c18,B,6,B6,0.0,False
TropB-native,gen3,AncFDMO_1251_c21,B,7,B7,0.0,False
TropB-native,gen3,AncFDMO_1366_c24,B,8,B8,0.0,False
TropB-native,gen3,AncFDMO_1860_c27,B,9,B9,0.0,False
TropB-native,gen3,AncFDMO_1621_c31,B,10,B10,0.0,False
TropB-native,gen3,AncFDMO_1362_c35,B,11,B11,0.0,False
TropB-native,gen3,AncFDMO_1888_c39,B,12,B12,0.0,False
TropB-native,gen3,AncFDMO_698_c1,B,13,B13,0.0,False
TropB-native,gen3,AncFDMO_1629_c5,B,14,B14,0.0,False
TropB-native,gen3,AncFDMO_867_c9,B,15,B15,0.0,False
TropB-native,gen3,AncFDMO_630_c12,B,16,B16,0.0,False
TropB-native,gen3,AncFDMO_1497_c15,B,17,B17,0.0,False
TropB-native,gen3,AncFDMO_1191_c18,B,18,B18,0.0,False
TropB-native,gen3,AncFDMO_1566_c20,B,19,B19,0.0,False
TropB-native,gen3,AncFDMO_1084_c24,B,20,B20,0.0,False
TropB-native,gen3,AncFDMO_1605_c27,B,21,B21,0.0,False
TropB-native,gen3,AncFDMO_1253_c31,B,22,B22,0.0,False
TropB-native,gen3,AncFDMO_1086_c35,B,23,B23,0.0,False
TropB-native,gen3,AncFDMO_1493_c39,B,24,B24,0.0,False
TropB-native,gen3,AncFDMO_579_c1,B,25,B25,0.0,False
TropB-native,gen3,AncFDMO_1284_c5,B,26,B26,0.0,False
TropB-native,gen3,AncFDMO_635_c9,B,27,B27,0.0,False
TropB-native,gen3,AncFDMO_490_c12,B,28,B28,0.0,False
TropB-native,gen3,AncFDMO_1280_c15,B,29,B29,0.0,False
TropB-native,gen3,AncFDMO_852_c18,B,30,B30,0.0,False
TropB-native,gen3,AncFDMO_1183_c20,B,31,B31,0.0,False
TropB-native,gen3,AncFDMO_866_c24,B,32,B32,0.0,False
TropB-native,gen3,AncFDMO_1243_c27,B,33,B33,0.0,False
TropB-native,gen3,AncFDMO_1036_c31,B,34,B34,0.0,False
TropB-native,gen3,AncFDMO_905_c35,B,35,B35,0.0,False
TropB-native,gen3,AncFDMO_1102_c39,B,36,B36,0.0,False
TropB-native,gen3,AncFDMO_1334_c2,C,1,C1,0.0,False
TropB-native,gen3,AncFDMO_2119_c5,C,2,C2,0.0,False
TropB-native,gen3,AncFDMO_1026_c9,C,3,C3,0.0,False
TropB-native,gen3,AncFDMO_743_c12,C,4,C4,0.0,False
TropB-native,gen3,AncFDMO_2049_c15,C,5,C5,0.0,False
TropB-native,gen3,AncFDMO_1496_c18,C,6,C6,0.0,False
TropB-native,gen3,AncFDMO_1325_c21,C,7,C7,0.0,False
TropB-native,gen3,AncFDMO_1439_c24,C,8,C8,0.0,False
TropB-native,gen3,AncFDMO_2097_c27,C,9,C9,0.0,False
TropB-native,gen3,AncFDMO_1692_c31,C,10,C10,0.0,False
TropB-native,gen3,AncFDMO_1539_c35,C,11,C11,0.0,False
TropB-native,gen3,AncFDMO_1929_c39,C,12,C12,0.0,False
TropB-native,gen3,AncFDMO_921_c2,C,13,C13,0.0,False
TropB-native,gen3,AncFDMO_1732_c5,C,14,C14,0.0,False
TropB-native,gen3,AncFDMO_1397_c10,C,15,C15,0.0,False
TropB-native,gen3,AncFDMO_1013_c13,C,16,C16,0.0,False
TropB-native,gen3,AncFDMO_1553_c15,C,17,C17,0.0,False
TropB-native,gen3,AncFDMO_1270_c18,C,18,C18,0.0,False
TropB-native,gen3,AncFDMO_1074_c21,C,19,C19,0.0,False
TropB-native,gen3,AncFDMO_1274_c24,C,20,C20,0.0,False
TropB-native,gen3,AncFDMO_1731_c27,C,21,C21,0.0,False
TropB-native,gen3,AncFDMO_1397_c31,C,22,C22,0.0,False
TropB-native,gen3,AncFDMO_1221_c35,C,23,C23,0.0,False
TropB-native,gen3,AncFDMO_1641_c39,C,24,C24,0.0,False
TropB-native,gen3,AncFDMO_761_c2,C,25,C25,0.0,False
TropB-native,gen3,AncFDMO_1358_c5,C,26,C26,0.0,False
TropB-native,gen3,AncFDMO_1008_c10,C,27,C27,0.0,False
TropB-native,gen3,AncFDMO_808_c13,C,28,C28,0.0,False
TropB-native,gen3,AncFDMO_1385_c15,C,29,C29,0.0,False
TropB-native,gen3,AncFDMO_883_c18,C,30,C30,0.0,False
TropB-native,gen3,AncFDMO_782_c21,C,31,C31,0.0,False
TropB-native,gen3,AncFDMO_968_c24,C,32,C32,0.0,False
TropB-native,gen3,AncFDMO_1312_c27,C,33,C33,0.0,False
TropB-native,gen3,AncFDMO_1105_c31,C,34,C34,0.0,False
TropB-native,gen3,AncFDMO_1014_c35,C,35,C35,0.0,False
TropB-native,gen3,AncFDMO_1281_c39,C,36,C36,0.0,False
TropB-native,gen3,AncFDMO_1382_c2,D,1,D1,0.0,False
TropB-native,gen3,AncFDMO_701_c6,D,2,D2,0.0,False
TropB-native,gen3,AncFDMO_1785_c10,D,3,D3,0.0,False
TropB-native,gen3,AncFDMO_1354_c13,D,4,D4,0.0,False
TropB-native,gen3,AncFDMO_2131_c15,D,5,D5,0.0,False
TropB-native,gen3,AncFDMO_1170_c19,D,6,D6,0.0,False
TropB-native,gen3,AncFDMO_1407_c21,D,7,D7,0.0,False
TropB-native,gen3,AncFDMO_1461_c25,D,8,D8,0.0,False
TropB-native,gen3,AncFDMO_244_c28,D,9,D9,0.0,False
TropB-native,gen3,AncFDMO_1259_c32,D,10,D10,1.105413809,True
TropB-native,gen3,AncFDMO_1603_c35,D,11,D11,0.0,False
TropB-native,gen3,AncFDMO_2092_c39,D,12,D12,0.0,False
TropB-native,gen3,AncFDMO_1017_c2,D,13,D13,0.0,False
TropB-native,gen3,AncFDMO_559_c6,D,14,D14,0.0,False
TropB-native,gen3,AncFDMO_1507_c10,D,15,D15,0.0,False
TropB-native,gen3,AncFDMO_1113_c13,D,16,D16,0.0,False
TropB-native,gen3,AncFDMO_1667_c15,D,17,D17,0.0,False
TropB-native,gen3,AncFDMO_1338_c18,D,18,D18,0.0,False
TropB-native,gen3,AncFDMO_1172_c21,D,19,D19,0.0,False
TropB-native,gen3,AncFDMO_1198_c25,D,20,D20,0.0,False
TropB-native,gen3,AncFDMO_224_c29,D,21,D21,0.0,False
TropB-native,gen3,AncFDMO_993_c32,D,22,D22,0.0,False
TropB-native,gen3,AncFDMO_1319_c35,D,23,D23,0.0,False
TropB-native,gen3,AncFDMO_1734_c39,D,24,D24,0.0,False
TropB-native,gen3,AncFDMO_841_c2,D,25,D25,0.0,False
TropB-native,gen3,AncFDMO_427_c6,D,26,D26,0.0,False
TropB-native,gen3,AncFDMO_1157_c10,D,27,D27,0.0,False
TropB-native,gen3,AncFDMO_868_c13,D,28,D28,0.0,False
TropB-native,gen3,AncFDMO_1444_c15,D,29,D29,0.0,False
TropB-native,gen3,AncFDMO_1097_c18,D,30,D30,0.0,False
TropB-native,gen3,AncFDMO_848_c21,D,31,D31,0.0,False
TropB-native,gen3,AncFDMO_883_c25,D,32,D32,0.0,False
TropB-native,gen3,AncFDMO_205_c29,D,33,D33,0.0,False
TropB-native,gen3,AncFDMO_767_c32,D,34,D34,0.0,False
TropB-native,gen3,AncFDMO_1050_c35,D,35,D35,0.0,False
TropB-native,gen3,AncFDMO_1389_c39,D,36,D36,0.0,False
TropB-native,gen3,AncFDMO_1407_c2,E,1,E1,0.0,False
TropB-native,gen3,AncFDMO_797_c6,E,2,E2,0.0,False
TropB-native,gen3,AncFDMO_1853_c10,E,3,E3,0.0,False
TropB-native,gen3,AncFDMO_1396_c13,E,4,E4,0.0,False
TropB-native,gen3,AncFDMO_2676_c16,E,5,E5,0.0,False
TropB-native,gen3,AncFDMO_1243_c19,E,6,E6,0.0,False
TropB-native,gen3,AncFDMO_1643_c22,E,7,E7,0.0,False
TropB-native,gen3,AncFDMO_1540_c25,E,8,E8,0.0,False
TropB-native,gen3,AncFDMO_301_c29,E,9,E9,0.0,False
TropB-native,gen3,AncFDMO_1310_c32,E,10,E10,0.0,False
TropB-native,gen3,AncFDMO_422_c36,E,11,E11,0.0,False
TropB-native,gen3,empty vector,E,12,E12,0.0,False
TropB-native,gen3,AncFDMO_1223_c2,E,13,E13,0.0,False
TropB-native,gen3,AncFDMO_616_c6,E,14,E14,0.0,False
TropB-native,gen3,AncFDMO_1709_c10,E,15,E15,0.0,False
TropB-native,gen3,AncFDMO_1261_c13,E,16,E16,0.0,False
TropB-native,gen3,AncFDMO_1771_c15,E,17,E17,0.0,False
TropB-native,gen3,AncFDMO_971_c19,E,18,E18,0.0,False
TropB-native,gen3,AncFDMO_1212_c21,E,19,E19,0.07350064092,True
TropB-native,gen3,AncFDMO_1213_c25,E,20,E20,0.0,False
TropB-native,gen3,AncFDMO_1771_c30,E,21,E21,0.0,False
TropB-native,gen3,AncFDMO_1123_c32,E,22,E22,0.0,False
TropB-native,gen3,AncFDMO_370_c36,E,23,E23,0.0,False
TropB-native,gen3,empty vector,E,24,E24,0.0,False
TropB-native,gen3,AncFDMO_888_c2,E,25,E25,0.0,False
TropB-native,gen3,AncFDMO_505_c6,E,26,E26,0.0,False
TropB-native,gen3,AncFDMO_1281_c10,E,27,E27,0.0,False
TropB-native,gen3,AncFDMO_932_c13,E,28,E28,0.0,False
TropB-native,gen3,AncFDMO_1459_c15,E,29,E29,0.0,False
TropB-native,gen3,AncFDMO_754_c19,E,30,E30,0.0,False
TropB-native,gen3,AncFDMO_900_c21,E,31,E31,0.0,False
TropB-native,gen3,AncFDMO_984_c25,E,32,E32,0.0,False
TropB-native,gen3,AncFDMO_1278_c30,E,33,E33,1.112570144,True
TropB-native,gen3,AncFDMO_871_c32,E,34,E34,0.02286812839,True
TropB-native,gen3,AncFDMO_284_c36,E,35,E35,0.0,False
TropB-native,gen3,empty vector,E,36,E36,0.0,False
TropB-native,gen3,AncFDMO_924_c3,F,1,F1,0.0,False
TropB-native,gen3,AncFDMO_967_c7,F,2,F2,0.0,False
TropB-native,gen3,AncFDMO_1896_c10,F,3,F3,0.0,False
TropB-native,gen3,AncFDMO_1470_c13,F,4,F4,0.0,False
TropB-native,gen3,AncFDMO_2796_c16,F,5,F5,0.0,False
TropB-native,gen3,AncFDMO_1320_c19,F,6,F6,0.0,False
TropB-native,gen3,AncFDMO_1661_c22,F,7,F7,0.0,False
TropB-native,gen3,AncFDMO_1601_c25,F,8,F8,0.0,False
TropB-native,gen3,AncFDMO_2226_c30,F,9,F9,0.0,False
TropB-native,gen3,AncFDMO_1401_c32,F,10,F10,0.0,False
TropB-native,gen3,AncFDMO_481_c36,F,11,F11,0.0,False
TropB-native,gen3,empty vector,F,12,F12,0.0,False
TropB-native,gen3,AncFDMO_785_c3,F,13,F13,0.0,False
TropB-native,gen3,AncFDMO_803_c7,F,14,F14,0.0,False
TropB-native,gen3,AncFDMO_1284_c11,F,15,F15,0.0,False
TropB-native,gen3,AncFDMO_1624_c14,F,16,F16,0.0,False
TropB-native,gen3,AncFDMO_2130_c16,F,17,F17,0.0,False
TropB-native,gen3,AncFDMO_1082_c19,F,18,F18,0.0,False
TropB-native,gen3,AncFDMO_1325_c22,F,19,F19,0.0,False
TropB-native,gen3,AncFDMO_1435_c25,F,20,F20,0.0,False
TropB-native,gen3,AncFDMO_1931_c30,F,21,F21,0.0,False
TropB-native,gen3,AncFDMO_1213_c32,F,22,F22,2.563068344,True
TropB-native,gen3,AncFDMO_406_c36,F,23,F23,0.02662420463,True
TropB-native,gen3,empty vector,F,24,F24,0.0,False
TropB-native,gen3,AncFDMO_543_c3,F,25,F25,0.0,False
TropB-native,gen3,AncFDMO_725_c7,F,26,F26,0.0,False
TropB-native,gen3,AncFDMO_1044_c11,F,27,F27,0.0,False
TropB-native,gen3,AncFDMO_1235_c14,F,28,F28,0.0,False
TropB-native,gen3,AncFDMO_1620_c16,F,29,F29,0.0,False
TropB-native,gen3,AncFDMO_839_c19,F,30,F30,0.0,False
TropB-native,gen3,AncFDMO_956_c22,F,31,F31,0.0,False
TropB-native,gen3,AncFDMO_1066_c25,F,32,F32,0.0,False
TropB-native,gen3,AncFDMO_1439_c30,F,33,F33,0.0,False
TropB-native,gen3,AncFDMO_966_c32,F,34,F34,0.0,False
TropB-native,gen3,AncFDMO_312_c36,F,35,F35,0.0,False
TropB-native,gen3,empty vector,F,36,F36,0.0,False
TropB-native,gen3,AncFDMO_985_c3,G,1,G1,0.0,False
TropB-native,gen3,AncFDMO_1044_c7,G,2,G2,0.0,False
TropB-native,gen3,AncFDMO_1696_c11,G,3,G3,0.0,False
TropB-native,gen3,AncFDMO_2097_c14,G,4,G4,0.0,False
TropB-native,gen3,AncFDMO_2839_c16,G,5,G5,0.0,False
TropB-native,gen3,AncFDMO_1642_c20,G,6,G6,0.0,False
TropB-native,gen3,AncFDMO_1734_c22,G,7,G7,0.0,False
TropB-native,gen3,AncFDMO_1039_c26,G,8,G8,0.6468920266,True
TropB-native,gen3,AncFDMO_2311_c30,G,9,G9,0.0,False
TropB-native,gen3,AncFDMO_509_c33,G,10,G10,0.0,False
TropB-native,gen3,AncFDMO_545_c37,G,11,G11,0.02123583134,True
TropB-native,gen3,NEC,G,12,G12,0.0,False
TropB-native,gen3,AncFDMO_807_c3,G,13,G13,0.0,False
TropB-native,gen3,AncFDMO_858_c7,G,14,G14,0.0,False
TropB-native,gen3,AncFDMO_1384_c11,G,15,G15,0.0,False
TropB-native,gen3,AncFDMO_1705_c14,G,16,G16,0.0,False
TropB-native,gen3,AncFDMO_2234_c16,G,17,G17,0.0,False
TropB-native,gen3,AncFDMO_1113_c19,G,18,G18,0.0,False
TropB-native,gen3,AncFDMO_1475_c22,G,19,G19,0.0,False
TropB-native,gen3,AncFDMO_833_c26,G,20,G20,0.0,False
TropB-native,gen3,AncFDMO_2030_c30,G,21,G21,0.0,False
TropB-native,gen3,AncFDMO_408_c33,G,22,G22,0.0,False
TropB-native,gen3,AncFDMO_428_c37,G,23,G23,0.0,False
TropB-native,gen3,NEC,G,24,G24,0.0,False
TropB-native,gen3,AncFDMO_706_c3,G,25,G25,0.0,False
TropB-native,gen3,AncFDMO_761_c7,G,26,G26,0.0,False
TropB-native,gen3,AncFDMO_1096_c11,G,27,G27,0.0,False
TropB-native,gen3,AncFDMO_1327_c14,G,28,G28,0.0,False
TropB-native,gen3,AncFDMO_1731_c16,G,29,G29,0.0,False
TropB-native,gen3,AncFDMO_913_c19,G,30,G30,0.0,False
TropB-native,gen3,AncFDMO_1072_c22,G,31,G31,0.0,False
TropB-native,gen3,AncFDMO_596_c26,G,32,G32,0.0,False
TropB-native,gen3,AncFDMO_1663_c30,G,33,G33,0.0,False
TropB-native,gen3,AncFDMO_325_c33,G,34,G34,0.0,False
TropB-native,gen3,AncFDMO_325_c37,G,35,G35,0.0,False
TropB-native,gen3,NEC,G,36,G36,0.0,False
TropB-native,gen3,AncFDMO_353_c4,H,1,H1,0.0,False
TropB-native,gen3,AncFDMO_1162_c7,H,2,H2,0.0,False
TropB-native,gen3,AncFDMO_1741_c11,H,3,H3,0.0,False
TropB-native,gen3,AncFDMO_2205_c14,H,4,H4,0.0,False
TropB-native,gen3,AncFDMO_2987_c16,H,5,H5,0.0,False
TropB-native,gen3,AncFDMO_1716_c20,H,6,H6,0.0,False
TropB-native,gen3,AncFDMO_498_c23,H,7,H7,0.0,False
TropB-native,gen3,AncFDMO_1133_c26,H,8,H8,0.243306233,True
TropB-native,gen3,AncFDMO_2459_c30,H,9,H9,0.01361286341,True
TropB-native,gen3,AncFDMO_585_c33,H,10,H10,0.0,False
TropB-native,gen3,AncFDMO_609_c37,H,11,H11,0.0,False
TropB-native,gen3,NEC,H,12,H12,0.0,False
TropB-native,gen3,AncFDMO_251_c4,H,13,H13,0.0,False
TropB-native,gen3,AncFDMO_937_c7,H,14,H14,0.0,False
TropB-native,gen3,AncFDMO_1484_c11,H,15,H15,0.0,False
TropB-native,gen3,AncFDMO_1878_c14,H,16,H16,0.0,False
TropB-native,gen3,AncFDMO_2373_c16,H,17,H17,0.0,False
TropB-native,gen3,AncFDMO_1302_c20,H,18,H18,0.0,False
TropB-native,gen3,AncFDMO_1520_c22,H,19,H19,0.0,False
TropB-native,gen3,AncFDMO_984_c26,H,20,H20,0.04249343445,True
TropB-native,gen3,AncFDMO_2130_c30,H,21,H21,0.0,False
TropB-native,gen3,AncFDMO_490_c33,H,22,H22,0.0,False
TropB-native,gen3,AncFDMO_486_c37,H,23,H23,0.0,False
TropB-native,gen3,NEC,H,24,H24,0.0,False
TropB-native,gen3,AncFDMO_196_c4,H,25,H25,0.0,False
TropB-native,gen3,AncFDMO_777_c7,H,26,H26,0.0,False
TropB-native,gen3,AncFDMO_1168_c11,H,27,H27,0.0,False
TropB-native,gen3,AncFDMO_1415_c14,H,28,H28,0.0,False
TropB-native,gen3,AncFDMO_1877_c16,H,29,H29,0.0,False
TropB-native,gen3,AncFDMO_950_c20,H,30,H30,0.0,False
TropB-native,gen3,AncFDMO_1258_c22,H,31,H31,0.0,False
TropB-native,gen3,AncFDMO_738_c26,H,32,H32,0.0,False
TropB-native,gen3,AncFDMO_1730_c30,H,33,H33,0.0,False
TropB-native,gen3,AncFDMO_347_c33,H,34,H34,0.0,False
TropB-native,gen3,AncFDMO_388_c37,H,35,H35,0.0,False
TropB-native,gen3,NEC,H,36,H36,0.0,False
TropB-native,gen2,Anc321,A,1,A1,0.0,False
TropB-native,gen2,Anc322,A,2,A2,0.0,False
TropB-native,gen2,Anc373,A,3,A3,0.0,False
TropB-native,gen2,Anc416,A,4,A4,0.0,False
TropB-native,gen2,A0A0L0NHZ5,A,5,A5,0.0,False
TropB-native,gen2,I1S0U1,A,6,A6,0.0,False
TropB-native,gen2,A0A317WVG8,A,7,A7,0.0,False
TropB-native,gen2,Q1DDU6,A,8,A8,0.0,False
TropB-native,gen2,A0A430HSE9,A,9,A9,0.0,False
TropB-native,gen2,A0A0F8U263,A,10,A10,0.0,False
TropB-native,gen2,B6K5M4,A,11,A11,0.0,False
TropB-native,gen2,A0A2I6PIZ8,A,12,A12,0.0,False
TropB-native,gen2,Anc333,B,1,B1,0.0,False
TropB-native,gen2,Anc322a,B,2,B2,0.0,False
TropB-native,gen2,Anc373a,B,3,B3,0.0,False
TropB-native,gen2,Anc416a,B,4,B4,0.0,False
TropB-native,gen2,A7UX11,B,5,B5,0.0,False
TropB-native,gen2,A0A0F7ZML0,B,6,B6,0.0,False
TropB-native,gen2,J4VWM7,B,7,B7,0.0,False
TropB-native,gen2,A8LVF4,B,8,B8,0.0,False
TropB-native,gen2,A0A0S4NSV0,B,9,B9,0.0,False
TropB-native,gen2,A0A0C9V1F0,B,10,B10,0.0,False
TropB-native,gen2,S9VNB0,B,11,B11,0.0,False
TropB-native,gen2,A0A1D8G3K4,B,12,B12,0.0,False
TropB-native,gen2,Anc369a,C,1,C1,0.0,False
TropB-native,gen2,Anc366,C,2,C2,0.0,False
TropB-native,gen2,Anc374,C,3,C3,0.0,False
TropB-native,gen2,Anc457,C,4,C4,0.0,False
TropB-native,gen2,A0A1W2TF28,C,5,C5,0.0,False
TropB-native,gen2,cP23262,C,6,C6,0.0,False
TropB-native,gen2,A0A559M954,C,7,C7,0.0,False
TropB-native,gen2,Q2GQG8,C,8,C8,0.0,False
TropB-native,gen2,Q4WLW7,C,9,C9,0.0,False
TropB-native,gen2,J3KA16,C,10,C10,0.0,False
TropB-native,gen2,Q9Y7Z9,C,11,C11,0.0,False
TropB-native,gen2,C5FM59,C,12,C12,0.0,False
TropB-native,gen2,Anc382,D,1,D1,0.0,False
TropB-native,gen2,Anc366a,D,2,D2,0.0,False
TropB-native,gen2,Anc374a,D,3,D3,0.0,False
TropB-native,gen2,Anc457a,D,4,D4,0.0,False
TropB-native,gen2,A0A2J6S3A7,D,5,D5,0.0,False
TropB-native,gen2,cQ5BEJ7,D,6,D6,0.0,False
TropB-native,gen2,A0A177BZG4,D,7,D7,0.0,False
TropB-native,gen2,G3XQJ1,D,8,D8,0.0,False
TropB-native,gen2,A0A0K8LS04,D,9,D9,0.0,False
TropB-native,gen2,A5ABG5,D,10,D10,1.105413809,True
TropB-native,gen2,Q3S8R0,D,11,D11,0.0,False
TropB-native,gen2,E4V2N4,D,12,D12,0.0,False
TropB-native,gen2,Anc331,E,1,E1,0.0,False
TropB-native,gen2,Anc367,E,2,E2,0.0,False
TropB-native,gen2,Anc280,E,3,E3,0.0,False
TropB-native,gen2,Anc488,E,4,E4,0.0,False
TropB-native,gen2,A0A2J6T8P1,E,5,E5,0.0,False
TropB-native,gen2,cG3XMC2,E,6,E6,0.0,False
TropB-native,gen2,P23262,E,7,E7,0.0,False
TropB-native,gen2,Q9S3U9,E,8,E8,0.0,False
TropB-native,gen2,K9G8U3,E,9,E9,0.0,False
TropB-native,gen2,V5FKW7,E,10,E10,0.0,False
TropB-native,gen2,A0A370B0Q9,E,11,E11,0.0,False
TropB-native,gen2,F2S701,E,12,E12,0.0,False
TropB-native,gen2,Anc331a,F,1,F1,0.0,False
TropB-native,gen2,Anc367a,F,2,F2,0.0,False
TropB-native,gen2,Anc280a,F,3,F3,0.0,False
TropB-native,gen2,Anc488a,F,4,F4,0.0,False
TropB-native,gen2,A0A3D8QGL3,F,5,F5,0.0,False
TropB-native,gen2,cB6HN76,F,6,F6,0.0,False
TropB-native,gen2,Q53552,F,7,F7,0.0,False
TropB-native,gen2,A0A2R2IYY2,F,8,F8,0.0,False
TropB-native,gen2,B6HJU4,F,9,F9,0.0,False
TropB-native,gen2,R7YWS5,F,10,F10,0.0,False
TropB-native,gen2,A0A178XEJ6,F,11,F11,0.0,False
TropB-native,gen2,KPJ13581_1,F,12,F12,0.0,False
TropB-native,gen2,Anc332,G,1,G1,0.0,False
TropB-native,gen2,Anc368,G,2,G2,0.0,False
TropB-native,gen2,Anc412,G,3,G3,0.0,False
TropB-native,gen2,A0A101MPG3,G,4,G4,0.0,False
TropB-native,gen2,E3RKN0,G,5,G5,0.0,False
TropB-native,gen2,cQ0CJ62,G,6,G6,0.0,False
TropB-native,gen2,A0A239M104,G,7,G7,0.0,False
TropB-native,gen2,A0A4R7BCP1,G,8,G8,0.6468920266,True
TropB-native,gen2,S8AW72,G,9,G9,0.0,False
TropB-native,gen2,S3CM43,G,10,G10,0.0,False
TropB-native,gen2,E1ACP7,G,11,G11,0.02123583134,True
TropB-native,gen2,Q5ATK1,G,12,G12,0.0,False
TropB-native,gen2,Anc332a,H,1,H1,0.0,False
TropB-native,gen2,Anc368a,H,2,H2,0.0,False
TropB-native,gen2,Anc412a,H,3,H3,0.0,False
TropB-native,gen2,A0A4Q7JZ50,H,4,H4,0.0,False
TropB-native,gen2,Q0CJ62,H,5,H5,0.0,False
TropB-native,gen2,A0A1R3RGJ2,H,6,H6,0.0,False
TropB-native,gen2,Q84HF5,H,7,H7,0.0,False
TropB-native,gen2,C7EDM6,H,8,H8,0.243306233,True
TropB-native,gen2,A0A135LJG1,H,9,H9,0.01361286341,True
TropB-native,gen2,A0A0B4HMN8,H,10,H10,0.0,False
TropB-native,gen2,E1ACQ4,H,11,H11,0.0,False
TropB-native,gen2,Empty pMCSG7,H,12,H12,0.0,False
TropB-native,gen1,Anc 305,A,1,A1,0.0,False
TropB-native,gen1,Anc 305a,A,2,A2,0.0,False
TropB-native,gen1,Anc 306,A,3,A3,0.0,False
TropB-native,gen1,Anc 306a,A,4,A4,0.0,False
TropB-native,gen1,Anc 311C,A,5,A5,0.0,False
TropB-native,gen1,Anc 311a,A,6,A6,0.0,False
TropB-native,gen1,Anc 312,A,7,A7,0.0,False
TropB-native,gen1,Anc 312a,A,8,A8,0.0,False
TropB-native,gen1,Anc 321,A,9,A9,0.0,False
TropB-native,gen1,Anc 321a,A,10,A10,0.0,False
TropB-native,gen1,Anc 333,A,11,A11,0.0,False
TropB-native,gen1,Anc 333a,A,12,A12,0.0,False
TropB-native,gen1,Anc 334,B,1,B1,0.0,False
TropB-native,gen1,Anc 334a,B,2,B2,0.0,False
TropB-native,gen1,Anc 335,B,3,B3,0.0,False
TropB-native,gen1,Anc 335a,B,4,B4,0.005286219243,True
TropB-native,gen1,Anc 346,B,5,B5,0.0,False
TropB-native,gen1,Anc 346a,B,6,B6,0.0,False
TropB-native,gen1,Anc 354,B,7,B7,0.0223063526,True
TropB-native,gen1,Anc 354a,B,8,B8,0.1959690121,True
TropB-native,gen1,Anc 369,B,9,B9,0.1555566737,True
TropB-native,gen1,Anc 369a,B,10,B10,0.1987923584,True
TropB-native,gen1,Anc 370,B,11,B11,0.02273067455,True
TropB-native,gen1,Anc 370a,B,12,B12,0.0,False
TropB-native,gen1,Anc 371,C,1,C1,0.0,False
TropB-native,gen1,Anc 371a,C,2,C2,0.0,False
TropB-native,gen1,Anc 382,C,3,C3,0.03871772547,True
TropB-native,gen1,Anc 382a,C,4,C4,0.0391353892,True
TropB-native,gen1,Anc 304,C,5,C5,0.0,False
TropB-native,gen1,Anc 304a,C,6,C6,0.0,False
TropB-native,gen1,Anc 400,C,7,C7,0.0,False
TropB-native,gen1,Anc 400a,C,8,C8,0.0,False
TropB-native,gen1,Anc 401,C,9,C9,0.0,False
TropB-native,gen1,Anc 401a,C,10,C10,0.0,False
TropB-native,gen1,Anc 468,C,11,C11,0.0,False
TropB-native,gen1,Anc 468a,C,12,C12,0.0,False
TropB-native,gen1,Anc 284,D,1,D1,0.0,False
TropB-native,gen1,Anc 284a,D,2,D2,0.0,False
TropB-native,gen1,49_Clade,D,3,D3,0.01825716352,True
TropB-native,gen1,50_Clade,D,4,D4,0.0,False
TropB-native,gen1,51_Clade,D,5,D5,0.2285021352,True
TropB-native,gen1,52_Clade,D,6,D6,0.0,False
TropB-native,gen1,53_Clade,D,7,D7,0.0,False
TropB-native,gen1,54_Clade,D,8,D8,0.0,False
TropB-native,gen1,55_Clade,D,9,D9,0.0,False
TropB-native,gen1,56_Clade,D,10,D10,0.0,False
TropB-native,gen1,57_Clade,D,11,D11,0.0,False
TropB-native,gen1,58_Clade,D,12,D12,0.0,False
TropB-native,gen1,59_Clade,E,1,E1,0.0,False
TropB-native,gen1,60_Clade,E,2,E2,0.0,False
TropB-native,gen1,61_Clade,E,3,E3,0.0,False
TropB-native,gen1,62_Clade,E,4,E4,0.0,False
TropB-native,gen1,63_Clade,E,5,E5,0.0,False
TropB-native,gen1,64_Clade,E,6,E6,0.0,False
TropB-native,gen1,65_Clade,E,7,E7,0.0,False
TropB-native,gen1,66_Clade,E,8,E8,0.0,False
TropB-native,gen1,67_Clade,E,9,E9,0.0,False
TropB-native,gen1,68_Func.,E,10,E10,0.0,False
TropB-native,gen1,69_Func.,E,11,E11,0.0,False
TropB-native,gen1,70_Func.,E,12,E12,0.0,False
TropB-native,gen1,71_Func.,F,1,F1,0.0,False
TropB-native,gen1,72_Func.,F,2,F2,0.0,False
TropB-native,gen1,73_Func.,F,3,F3,0.0,False
TropB-native,gen1,74_Func.,F,4,F4,0.0,False
TropB-native,gen1,81_Func.,F,5,F5,0.0,False
TropB-native,gen1,82_Func.,F,6,F6,0.0,False
TropB-native,gen1,83_Func.,F,7,F7,0.0,False
TropB-native,gen1,84_Func.,F,8,F8,0.0,False
TropB-native,gen1,85_Func.,F,9,F9,0.0,False
TropB-native,gen1,86_hypo.,F,10,F10,0.0,False
TropB-native,gen1,87_hypo.,F,11,F11,0.0,False
TropB-native,gen1,88_hypo.,F,12,F12,0.0,False
TropB-native,gen1,89_hypo.,G,1,G1,0.0,False
TropB-native,gen1,90_hypo.,G,2,G2,0.0,False
TropB-native,gen1,91_hypo.,G,3,G3,0.0,False
TropB-native,gen1,92_hypo.,G,4,G4,0.0,False
TropB-native,gen1,93_hypo.,G,5,G5,0.0,False
TropB-native,gen1,94_hypo.,G,6,G6,0.0,False
TropB-native,gen1,95_hypo.,G,7,G7,0.03948840129,True
TropB-native,gen1,96_hypo.,G,8,G8,0.0,False
TropB-native,gen1,97_hypo.,G,9,G9,0.0,False
TropB-native,gen1,98_hypo.,G,10,G10,0.0,False
TropB-native,gen1,99_hypo.,G,11,G11,0.0,False
TropB-native,gen1,100_hypo.,G,12,G12,0.0,False
TropB-native,gen1,101_hypo.,H,1,H1,0.0,False
TropB-native,gen1,102_hypo.,H,2,H2,0.0,False
TropB-native,gen1,103_hypo.,H,3,H3,0.0,False
TropB-native,gen1,104_hypo.,H,4,H4,0.0,False
TropB-native,gen1,105_hypo.,H,5,H5,0.0,False
TropB-native,gen1,AfoD,H,6,H6,0.0,False
TropB-native,gen1,AzaH,H,7,H7,0.0,False
TropB-native,gen1,TropB,H,8,H8,0.0,False
TropB-native,gen1,Blk,H,9,H9,0.0,False
TropB-native,gen1,Blk,H,10,H10,0.0,False
TropB-native,gen1,Blk,H,11,H11,0.0,False
TropB-native,gen1,Blk,H,12,H12,0.0,False
